-- INSERTION DE FAUSSES DONNEES DANS LA BASE DE DONNEES DE DEPOT DE TRAVAUX

-- Donnees de la table Session
INSERT INTO Session
VALUES
    (DEFAULT, 'A22', '2022-08-29 00:00:00', '2022-12-23 23:59:59.999999'),
    (DEFAULT, 'H23', '2023-01-05 00:00:00', '2023-04-28 23:59:59.999999'),
    (DEFAULT, 'E23', '2023-05-01 00:00:00', '2023-08-16 23:59:59.999999');


-- Donnees de la table Class
INSERT INTO Class
VALUES
    (DEFAULT, 'GEN101', 'Résolution de problème et conception en génie'),
    (DEFAULT, 'GEN111', 'La communication et le travail en équipe'),
    (DEFAULT, 'GEN122', 'Équations différentielles linéaires'),
    (DEFAULT, 'GEN135', 'Circuits électriques I'),
    (DEFAULT, 'GEN136', 'Circuits électriques II'),
    (DEFAULT, 'GEN181', 'Modélisation 3D'),
    (DEFAULT, 'GEN145', 'Atelier de programmation'),
    (DEFAULT, 'GEN146', 'Introduction à la programmation et aux algorithmes'),
    (DEFAULT, 'GEN170', 'Réalisation et mesure de circuits électriques'),
    (DEFAULT, 'GEN182', 'Modélisation 2D'),
    (DEFAULT, 'GEN124', 'Mathématiques de base pour l''ingénieur'),
    (DEFAULT, 'GEN134', 'Électricité et magnétisme'),
    (DEFAULT, 'GEN137', 'Électricité et circuits électriques'),
    (DEFAULT, 'GEN200', 'Conception d''un système électronique et informatique'),
    (DEFAULT, 'GEN211', 'Mathématiques des signaux à temps continu'),
    (DEFAULT, 'GEN230', 'Électronique analogique I'),
    (DEFAULT, 'GEN241', 'Modélisation et programmation orientées objet'),
    (DEFAULT, 'GEN272', 'Ingénierie durable et évaluation des impacts environnementaux'),
    (DEFAULT, 'GIF242', 'Concepts avancés en programmation orientée objet'),
    (DEFAULT, 'GIF250', 'Interfaces utilisateurs graphiques'),
    (DEFAULT, 'GIF270', 'Structures de données et complexité'),
    (DEFAULT, 'GIN120', 'Santé et sécurité du travail'),
    (DEFAULT, 'GIF302', 'Conception d''un système informatique distribué'),
    (DEFAULT, 'GIF332', 'Réseaux et protocoles de communication'),
    (DEFAULT, 'GIF333', 'Théorie des groupes et algèbre abstraite en ingénierie'),
    (DEFAULT, 'GIF350', 'Modèles de conception'),
    (DEFAULT, 'GIF371', 'Ondes guidées'),
    (DEFAULT, 'GIF380', 'Sécurité informatique et cryptographie'),
    (DEFAULT, 'GIF391', 'Systèmes distribués et informatique en nuage'),
    (DEFAULT, 'GIF620', 'Bases de données'),
    (DEFAULT, 'GEN420', 'Mathématiques des circuits logiques'),
    (DEFAULT, 'GEN430', 'Circuits logiques'),
    (DEFAULT, 'GEN490', 'Innovation et création de produits'),
    (DEFAULT, 'GIF310', 'Architecture et organisation des ordinateurs'),
    (DEFAULT, 'GIF340', 'Éléments de compilation'),
    (DEFAULT, 'GIF402', 'Conception d''un système ordiné'),
    (DEFAULT, 'GIF470', 'Physique des portes logiques'),
    (DEFAULT, 'GEN441', 'Mécanique pour ingénieurs'),
    (DEFAULT, 'GEN550', 'Impacts éthiques du développement technologique en ingénierie'),
    (DEFAULT, 'GIF501', 'Conception d''un système de simulation'),
    (DEFAULT, 'GIF570', 'Traitement numérique des signaux'),
    (DEFAULT, 'GIF590', 'Méthodes numériques'),
    (DEFAULT, 'GIF591', 'Probabilités et statistiques'),
    (DEFAULT, 'GIF592', 'Espaces vectoriels'),
    (DEFAULT, 'GIF642', 'Système d''exploitation'),
    (DEFAULT, 'GIF643', 'Programmation concurrente'),
    (DEFAULT, 'GIF644', 'Systèmes temps réel'),
    (DEFAULT, 'GIF672', 'Interfaces entrées sorties'),
    (DEFAULT, 'GIF673', 'Réseaux sans fil'),
    (DEFAULT, 'GIF675', 'Objets connectés'),
    (DEFAULT, 'GIF680', 'Physique des matériaux et capteurs'),
    (DEFAULT, 'GIF685', 'Chimie de l''alimentation électrique'),
    (DEFAULT, 'GIF692', 'Physique des ondes'),
    (DEFAULT, 'PMC660', 'Projet majeur de conception I'),
    (DEFAULT, 'GEN700', 'Analyse économique en ingénierie'),
    (DEFAULT, 'PMC760', 'Projet majeur de conception II'),
    (DEFAULT, 'GEN800', 'Formation professionnelle en génie'),
    (DEFAULT, 'GIN521', 'Droit et ingénierie'),
    (DEFAULT, 'PMC860', 'Projet majeur de conception III'),
    (DEFAULT, 'GEI788', 'Conception de circuits imprimés multicouches'),
    (DEFAULT, 'GEI789', 'Conception de circuits électroniques complexes'),
    (DEFAULT, 'GRO720', 'Réseaux de neurones artificiels à apprentissage supervisé'),
    (DEFAULT, 'GRO721', 'Réseaux de neurones convolutifs en traitement d''images'),
    (DEFAULT, 'GRO722', 'Réseaux de neurones récurrents'),
    (DEFAULT, 'BGE721', 'Modélisation en conception d''instruments médicaux'),
    (DEFAULT, 'BGM722', 'Conception interdisciplinaire en bio-ingénierie'),
    (DEFAULT, 'GEI780', 'Modélisation des signaux numériques'),
    (DEFAULT, 'GEI781', 'Quantification des signaux'),
    (DEFAULT, 'GEI890', 'Préparation de données pour systèmes intelligents'),
    (DEFAULT, 'GEI895', 'Conception de systèmes intelligents'),
    (DEFAULT, 'GEI794', 'Principes avancés de conception par objets'),
    (DEFAULT, 'GEI797', 'Développement lean en génie informatique'),
    (DEFAULT, 'GEI798', 'Développement de programmes concurrents'),
    (DEFAULT, 'GEI744', 'Commande de robots redondants'),
    (DEFAULT, 'GEI745', 'Modélisation de robots manipulateurs'),
    (DEFAULT, 'GEI760', 'Techniques avancées de cryptographie'),
    (DEFAULT, 'GEI761', 'Télématique et protocoles sécurisés'),
    (DEFAULT, 'GEI762', 'Sécurité des systèmes informatiques'),
    (DEFAULT, 'GEI771', 'Programmation sécurisée'),
    (DEFAULT, 'GEI772', 'Sécurité web'),
    (DEFAULT, 'GEI773', 'Introduction à l''investigation numérique'),
    (DEFAULT, 'GIN502', 'Sécurité dans les groupes techniques I'),
    (DEFAULT, 'GIN503', 'Sécurité dans les groupes techniques II'),
    (DEFAULT, 'GIN504', 'Introduction à l''analyse des risques');


-- Donnees de la table SessionClass
INSERT INTO SessionClass
VALUES
    (1, 1),
    (1, 2),
    (1, 3),
    (1, 4),
    (1, 5),
    (1, 6),
    (1, 7),
    (1, 8),
    (1, 9),
    (1, 10),
    (1, 11),
    (1, 12),
    (1, 13),
    (2, 14),
    (2, 15),
    (2, 16),
    (2, 17),
    (2, 18),
    (2, 19),
    (2, 20),
    (2, 21),
    (2, 22),
    (3, 23),
    (3, 24),
    (3, 25),
    (3, 26),
    (3, 27),
    (3, 28),
    (3, 29),
    (3, 30);


-- Donnees de la table NoGroup
INSERT INTO NoGroup
VALUES
    (DEFAULT, '01', 'Groupe 01'),
    (DEFAULT, '02', 'Groupe 02'),
    (DEFAULT, '03', 'Groupe 03'),
    (DEFAULT, '04', 'Groupe 04'),
    (DEFAULT, '05', 'Groupe 05');


-- Donnees de la table Groupe
INSERT INTO Groupe
VALUES
    (DEFAULT, 1, 1, 1),
    (DEFAULT, 1, 1, 2),
    (DEFAULT, 2, 1, 1),
    (DEFAULT, 2, 1, 2),
    (DEFAULT, 3, 1, 1),
    (DEFAULT, 3, 1, 2),
    (DEFAULT, 4, 1, 1),
    (DEFAULT, 4, 1, 2),
    (DEFAULT, 5, 1, 1),
    (DEFAULT, 5, 1, 2),
    (DEFAULT, 6, 1, 1),
    (DEFAULT, 6, 1, 2),
    (DEFAULT, 7, 1, 1),
    (DEFAULT, 7, 1, 2),
    (DEFAULT, 8, 1, 1),
    (DEFAULT, 8, 1, 2),
    (DEFAULT, 9, 1, 1),
    (DEFAULT, 9, 1, 2),
    (DEFAULT, 10, 1, 1),
    (DEFAULT, 10, 1, 2),
    (DEFAULT, 11, 1, 1),
    (DEFAULT, 11, 1, 2),
    (DEFAULT, 12, 1, 1),
    (DEFAULT, 12, 1, 2),
    (DEFAULT, 13, 1, 1),
    (DEFAULT, 13, 1, 2),
    (DEFAULT, 14, 2, 1),
    (DEFAULT, 15, 2, 1),
    (DEFAULT, 16, 2, 1),
    (DEFAULT, 17, 2, 1),
    (DEFAULT, 18, 2, 1),
    (DEFAULT, 19, 2, 1),
    (DEFAULT, 20, 2, 1),
    (DEFAULT, 21, 2, 1),
    (DEFAULT, 22, 2, 1),
    (DEFAULT, 23, 3, 1),
    (DEFAULT, 24, 3, 1),
    (DEFAULT, 25, 3, 1),
    (DEFAULT, 26, 3, 1),
    (DEFAULT, 27, 3, 1),
    (DEFAULT, 28, 3, 1),
    (DEFAULT, 29, 3, 1),
    (DEFAULT, 30, 3, 1);


-- Donnees de la table Member
--Etudiants
INSERT INTO Member
VALUES
    ('dava2957', 'Aadam', 'Davies'),
    ('bowa2434', 'Albert', 'Bowen'),
    ('thoa2214', 'Ashwin', 'Thomas'),
    ('berb2935', 'Bethan', 'Berry'),
    ('eric2650', 'Carlos', 'Erickson'),
    ('odoc2244', 'Chaim', 'Odonnell'),
    ('acoc2266', 'Clarence', 'Acosta'),
    ('cumc2912', 'Curtis', 'Cummings'),
    ('mild2911', 'Dafydd', 'Mills'),
    ('fred2905', 'Daniel', 'Freeman'),
    ('rivd2526', 'Darcey', 'Rivers'),
    ('wald2305', 'Declan', 'Waller'),
    ('maye2346', 'Eddie', 'Mayer'),
    ('came2297', 'Elisha', 'Camacho'),
    ('bree2261', 'Evangeline', 'Brewer'),
    ('boof2315', 'Floyd', 'Boone'),
    ('haag2349', 'Gethin', 'Haas'),
    ('harh2326', 'Haseeb', 'Harper'),
    ('pauh2407', 'Hasnain', 'Paul'),
    ('henh2389', 'Hugh', 'Henry'),
    ('wilj2942', 'Jaime', 'Wilkinson'),
    ('jacj2587', 'Jodie', 'Jacobson'),
    ('osbj2887', 'Jonah', 'Osborn'),
    ('oneo2647', 'Julian', 'ONeill'),
    ('roaj2772', 'Junaid', 'Roach'),
    ('wolk2355', 'Khalil', 'Wolf'),
    ('ramk2786', 'Kira', 'Ramirez'),
    ('cask2276', 'Kobe', 'Case'),
    ('robk2300', 'Kyron', 'Robertson'),
    ('elll2720', 'Leighton', 'Ellis'),
    ('cral2884', 'Lincoln', 'Crawford'),
    ('finm2370', 'Madison', 'Finch'),
    ('sanm2946', 'Maddison', 'Santos'),
    ('walm2915', 'Maya', 'Wallace'),
    ('walm2953', 'Melanie', 'Walters'),
    ('hiln2664', 'Nate', 'Hilton'),
    ('weln2967', 'Nicolas', 'Welch'),
    ('benn2645', 'Nikita', 'Bentley'),
    ('swao2739', 'Oliwier', 'Swanson'),
    ('baro2990', 'Owen', 'Barlow'),
    ('garp2282', 'Paul', 'Garza'),
    ('irwr2486', 'Rehan', 'Irwin'),
    ('pecr2895', 'Remi', 'Peck'),
    ('carr2713', 'Rio', 'Carey'),
    ('keis2192', 'Saad', 'Keith'),
    ('kocs2447', 'Sahil', 'Koch'),
    ('neas2477', 'Sebastian', 'Neal'),
    ('haws2999', 'Shane', 'Hawkins'),
    ('burs2963', 'Steve', 'Burns'),
    ('wans2712', 'Suzanne', 'Wang'),
    ('robt2149', 'Terence', 'Roberson'),
    ('blat2327', 'Theodore', 'Blaese'),
    ('jont2658', 'Tia', 'Jones'),
    ('brou2651', 'Uzair', 'Brown'),
    ('jenv2910', 'Virgil', 'Jennings'),
    ('phaw2704', 'Whitney', 'Pham'),
    ('kniz2839', 'Zach', 'Knight'),
    ('holz2299', 'Zaina', 'Holland'),
    ('parw2998', 'Wilbur', 'Park'),
    ('atkz2987', 'Zubair', 'Atkinson');



-- Enseignants
INSERT INTO Member
VALUES
    ('brub2146', 'Bobby', 'Bruce'),
    ('turs2482', 'Sulaiman', 'Turner'),
    ('logm2640', 'Mahdi', 'Logan'),
    ('mcmm2572', 'Macy', 'Mcmillan'),
    ('wanl2493', 'Luc', 'Wang'),
    ('navl2406', 'Lawson', 'Navarro'),
    ('blac2719', 'Cai', 'Blake'),
    ('hodg2298', 'Gianluca', 'Hodges'),
    ('yats2820', 'Sara', 'Yates'),
    ('shem2796', 'Micheal', 'Sheppard');




-- Donnee de la table Role
INSERT INTO Role
VALUES
    (DEFAULT, 'Etudiant'),
    (DEFAULT, 'Enseignant'),
    (DEFAULT, 'Auxilliaire');


-- Donnees de la table GroupMember
INSERT INTO GroupMember
values
    ('brub2146', 1, 2),
    ('dava2957', 1, 1),
    ('bowa2434', 1, 1),
    ('thoa2214', 1, 1),
    ('berb2935', 1, 1),
    ('eric2650', 1, 1),
    ('odoc2244', 1, 1),
    ('acoc2266', 1, 1),
    ('cumc2912', 1, 1),
    ('mild2911', 1, 1),
    ('fred2905', 1, 1),
    ('rivd2526', 1, 1),
    ('wald2305', 1, 1),
    ('maye2346', 1, 1),
    ('came2297', 1, 1),
    ('bree2261', 1, 1),
    ('boof2315', 1, 1),
    ('haag2349', 1, 1),
    ('harh2326', 1, 1),
    ('pauh2407', 1, 1),
    ('henh2389', 1, 1),
    ('wilj2942', 1, 1),
    ('jacj2587', 1, 1),
    ('osbj2887', 1, 1),
    ('oneo2647', 1, 1),
    ('roaj2772', 1, 1),
    ('wolk2355', 1, 1),
    ('ramk2786', 1, 1),
    ('cask2276', 1, 1),
    ('blac2719', 2, 2),
    ('robk2300', 2, 1),
    ('elll2720', 2, 1),
    ('cral2884', 2, 1),
    ('finm2370', 2, 1),
    ('sanm2946', 2, 1),
    ('walm2915', 2, 1),
    ('walm2953', 2, 1),
    ('hiln2664', 2, 1),
    ('weln2967', 2, 1),
    ('benn2645', 2, 1),
    ('swao2739', 2, 1),
    ('baro2990', 2, 1),
    ('garp2282', 2, 1),
    ('irwr2486', 2, 1),
    ('pecr2895', 2, 1),
    ('carr2713', 2, 1),
    ('keis2192', 2, 1),
    ('kocs2447', 2, 1),
    ('neas2477', 2, 1),
    ('haws2999', 2, 1),
    ('burs2963', 2, 1),
    ('wans2712', 2, 1),
    ('robt2149', 2, 1),
    ('blat2327', 2, 1),
    ('jont2658', 2, 1),
    ('brou2651', 2, 1),
    ('jenv2910', 2, 1),
    ('phaw2704', 2, 1),
    ('kniz2839', 2, 1),
    ('holz2299', 2, 1),
    ('parw2998', 2, 1),
    ('atkz2987', 2, 1),
    ('turs2482', 3, 2),
    ('dava2957', 3, 1),
    ('bowa2434', 3, 1),
    ('thoa2214', 3, 1),
    ('berb2935', 3, 1),
    ('eric2650', 3, 1),
    ('odoc2244', 3, 1),
    ('acoc2266', 3, 1),
    ('cumc2912', 3, 1),
    ('mild2911', 3, 1),
    ('fred2905', 3, 1),
    ('rivd2526', 3, 1),
    ('wald2305', 3, 1),
    ('maye2346', 3, 1),
    ('came2297', 3, 1),
    ('bree2261', 3, 1),
    ('boof2315', 3, 1),
    ('haag2349', 3, 1),
    ('harh2326', 3, 1),
    ('pauh2407', 3, 1),
    ('henh2389', 3, 1),
    ('wilj2942', 3, 1),
    ('jacj2587', 3, 1),
    ('osbj2887', 3, 1),
    ('oneo2647', 3, 1),
    ('roaj2772', 3, 1),
    ('wolk2355', 3, 1),
    ('ramk2786', 3, 1),
    ('cask2276', 3, 1),
    ('wanl2493', 4, 2),
    ('robk2300', 4, 1),
    ('elll2720', 4, 1),
    ('cral2884', 4, 1),
    ('finm2370', 4, 1),
    ('sanm2946', 4, 1),
    ('walm2915', 4, 1),
    ('walm2953', 4, 1),
    ('hiln2664', 4, 1),
    ('weln2967', 4, 1),
    ('benn2645', 4, 1),
    ('swao2739', 4, 1),
    ('baro2990', 4, 1),
    ('garp2282', 4, 1),
    ('irwr2486', 4, 1),
    ('pecr2895', 4, 1),
    ('carr2713', 4, 1),
    ('keis2192', 4, 1),
    ('kocs2447', 4, 1),
    ('neas2477', 4, 1),
    ('haws2999', 4, 1),
    ('burs2963', 4, 1),
    ('wans2712', 4, 1),
    ('robt2149', 4, 1),
    ('blat2327', 4, 1),
    ('jont2658', 4, 1),
    ('brou2651', 4, 1),
    ('jenv2910', 4, 1),
    ('phaw2704', 4, 1),
    ('kniz2839', 4, 1),
    ('holz2299', 4, 1),
    ('parw2998', 4, 1),
    ('atkz2987', 4, 1),
    ('brub2146', 5, 2),
    ('dava2957', 5, 1),
    ('bowa2434', 5, 1),
    ('thoa2214', 5, 1),
    ('berb2935', 5, 1),
    ('eric2650', 5, 1),
    ('odoc2244', 5, 1),
    ('acoc2266', 5, 1),
    ('cumc2912', 5, 1),
    ('mild2911', 5, 1),
    ('fred2905', 5, 1),
    ('rivd2526', 5, 1),
    ('wald2305', 5, 1),
    ('maye2346', 5, 1),
    ('came2297', 5, 1),
    ('bree2261', 5, 1),
    ('boof2315', 5, 1),
    ('haag2349', 5, 1),
    ('harh2326', 5, 1),
    ('pauh2407', 5, 1),
    ('henh2389', 5, 1),
    ('wilj2942', 5, 1),
    ('jacj2587', 5, 1),
    ('osbj2887', 5, 1),
    ('oneo2647', 5, 1),
    ('roaj2772', 5, 1),
    ('wolk2355', 5, 1),
    ('ramk2786', 5, 1),
    ('cask2276', 5, 1),
    ('brub2146', 6, 2),
    ('robk2300', 6, 1),
    ('elll2720', 6, 1),
    ('cral2884', 6, 1),
    ('finm2370', 6, 1),
    ('sanm2946', 6, 1),
    ('walm2915', 6, 1),
    ('walm2953', 6, 1),
    ('hiln2664', 6, 1),
    ('weln2967', 6, 1),
    ('benn2645', 6, 1),
    ('swao2739', 6, 1),
    ('baro2990', 6, 1),
    ('garp2282', 6, 1),
    ('irwr2486', 6, 1),
    ('pecr2895', 6, 1),
    ('carr2713', 6, 1),
    ('keis2192', 6, 1),
    ('kocs2447', 6, 1),
    ('neas2477', 6, 1),
    ('haws2999', 6, 1),
    ('burs2963', 6, 1),
    ('wans2712', 6, 1),
    ('robt2149', 6, 1),
    ('blat2327', 6, 1),
    ('jont2658', 6, 1),
    ('brou2651', 6, 1),
    ('jenv2910', 6, 1),
    ('phaw2704', 6, 1),
    ('kniz2839', 6, 1),
    ('holz2299', 6, 1),
    ('parw2998', 6, 1),
    ('atkz2987', 6, 1),
    ('yats2820', 7, 2),
    ('dava2957', 7, 1),
    ('bowa2434', 7, 1),
    ('thoa2214', 7, 1),
    ('berb2935', 7, 1),
    ('eric2650', 7, 1),
    ('odoc2244', 7, 1),
    ('acoc2266', 7, 1),
    ('cumc2912', 7, 1),
    ('mild2911', 7, 1),
    ('fred2905', 7, 1),
    ('rivd2526', 7, 1),
    ('wald2305', 7, 1),
    ('maye2346', 7, 1),
    ('came2297', 7, 1),
    ('bree2261', 7, 1),
    ('boof2315', 7, 1),
    ('haag2349', 7, 1),
    ('harh2326', 7, 1),
    ('pauh2407', 7, 1),
    ('henh2389', 7, 1),
    ('wilj2942', 7, 1),
    ('jacj2587', 7, 1),
    ('osbj2887', 7, 1),
    ('oneo2647', 7, 1),
    ('roaj2772', 7, 1),
    ('wolk2355', 7, 1),
    ('ramk2786', 7, 1),
    ('cask2276', 7, 1),
    ('yats2820', 8, 2),
    ('robk2300', 8, 1),
    ('elll2720', 8, 1),
    ('cral2884', 8, 1),
    ('finm2370', 8, 1),
    ('sanm2946', 8, 1),
    ('walm2915', 8, 1),
    ('walm2953', 8, 1),
    ('hiln2664', 8, 1),
    ('weln2967', 8, 1),
    ('benn2645', 8, 1),
    ('swao2739', 8, 1),
    ('baro2990', 8, 1),
    ('garp2282', 8, 1),
    ('irwr2486', 8, 1),
    ('pecr2895', 8, 1),
    ('carr2713', 8, 1),
    ('keis2192', 8, 1),
    ('kocs2447', 8, 1),
    ('neas2477', 8, 1),
    ('haws2999', 8, 1),
    ('burs2963', 8, 1),
    ('wans2712', 8, 1),
    ('robt2149', 8, 1),
    ('blat2327', 8, 1),
    ('jont2658', 8, 1),
    ('brou2651', 8, 1),
    ('jenv2910', 8, 1),
    ('phaw2704', 8, 1),
    ('kniz2839', 8, 1),
    ('holz2299', 8, 1),
    ('parw2998', 8, 1),
    ('atkz2987', 8, 1),
    ('shem2796', 9, 2),
    ('dava2957', 9, 1),
    ('bowa2434', 9, 1),
    ('thoa2214', 9, 1),
    ('berb2935', 9, 1),
    ('eric2650', 9, 1),
    ('odoc2244', 9, 1),
    ('acoc2266', 9, 1),
    ('cumc2912', 9, 1),
    ('mild2911', 9, 1),
    ('fred2905', 9, 1),
    ('rivd2526', 9, 1),
    ('wald2305', 9, 1),
    ('maye2346', 9, 1),
    ('came2297', 9, 1),
    ('bree2261', 9, 1),
    ('boof2315', 9, 1),
    ('haag2349', 9, 1),
    ('harh2326', 9, 1),
    ('pauh2407', 9, 1),
    ('henh2389', 9, 1),
    ('wilj2942', 9, 1),
    ('jacj2587', 9, 1),
    ('osbj2887', 9, 1),
    ('oneo2647', 9, 1),
    ('roaj2772', 9, 1),
    ('wolk2355', 9, 1),
    ('ramk2786', 9, 1),
    ('cask2276', 9, 1),
    ('shem2796', 10, 2),
    ('robk2300', 10, 1),
    ('elll2720', 10, 1),
    ('cral2884', 10, 1),
    ('finm2370', 10, 1),
    ('sanm2946', 10, 1),
    ('walm2915', 10, 1),
    ('walm2953', 10, 1),
    ('hiln2664', 10, 1),
    ('weln2967', 10, 1),
    ('benn2645', 10, 1),
    ('swao2739', 10, 1),
    ('baro2990', 10, 1),
    ('garp2282', 10, 1),
    ('irwr2486', 10, 1),
    ('pecr2895', 10, 1),
    ('carr2713', 10, 1),
    ('keis2192', 10, 1),
    ('kocs2447', 10, 1),
    ('neas2477', 10, 1),
    ('haws2999', 10, 1),
    ('burs2963', 10, 1),
    ('wans2712', 10, 1),
    ('robt2149', 10, 1),
    ('blat2327', 10, 1),
    ('jont2658', 10, 1),
    ('brou2651', 10, 1),
    ('jenv2910', 10, 1),
    ('phaw2704', 10, 1),
    ('kniz2839', 10, 1),
    ('holz2299', 10, 1),
    ('parw2998', 10, 1),
    ('atkz2987', 10, 1),
    ('shem2796', 11, 2),
    ('dava2957', 11, 1),
    ('bowa2434', 11, 1),
    ('thoa2214', 11, 1),
    ('berb2935', 11, 1),
    ('eric2650', 11, 1),
    ('odoc2244', 11, 1),
    ('acoc2266', 11, 1),
    ('cumc2912', 11, 1),
    ('mild2911', 11, 1),
    ('fred2905', 11, 1),
    ('rivd2526', 11, 1),
    ('wald2305', 11, 1),
    ('maye2346', 11, 1),
    ('came2297', 11, 1),
    ('bree2261', 11, 1),
    ('boof2315', 11, 1),
    ('haag2349', 11, 1),
    ('harh2326', 11, 1),
    ('pauh2407', 11, 1),
    ('henh2389', 11, 1),
    ('wilj2942', 11, 1),
    ('jacj2587', 11, 1),
    ('osbj2887', 11, 1),
    ('oneo2647', 11, 1),
    ('roaj2772', 11, 1),
    ('wolk2355', 11, 1),
    ('ramk2786', 11, 1),
    ('cask2276', 11, 1),
    ('shem2796', 12, 2),
    ('robk2300', 12, 1),
    ('elll2720', 12, 1),
    ('cral2884', 12, 1),
    ('finm2370', 12, 1),
    ('sanm2946', 12, 1),
    ('walm2915', 12, 1),
    ('walm2953', 12, 1),
    ('hiln2664', 12, 1),
    ('weln2967', 12, 1),
    ('benn2645', 12, 1),
    ('swao2739', 12, 1),
    ('baro2990', 12, 1),
    ('garp2282', 12, 1),
    ('irwr2486', 12, 1),
    ('pecr2895', 12, 1),
    ('carr2713', 12, 1),
    ('keis2192', 12, 1),
    ('kocs2447', 12, 1),
    ('neas2477', 12, 1),
    ('haws2999', 12, 1),
    ('burs2963', 12, 1),
    ('wans2712', 12, 1),
    ('robt2149', 12, 1),
    ('blat2327', 12, 1),
    ('jont2658', 12, 1),
    ('brou2651', 12, 1),
    ('jenv2910', 12, 1),
    ('phaw2704', 12, 1),
    ('kniz2839', 12, 1),
    ('holz2299', 12, 1),
    ('parw2998', 12, 1),
    ('atkz2987', 12, 1),
    ('logm2640', 13, 2),
    ('dava2957', 13, 1),
    ('bowa2434', 13, 1),
    ('thoa2214', 13, 1),
    ('berb2935', 13, 1),
    ('eric2650', 13, 1),
    ('odoc2244', 13, 1),
    ('acoc2266', 13, 1),
    ('cumc2912', 13, 1),
    ('mild2911', 13, 1),
    ('fred2905', 13, 1),
    ('rivd2526', 13, 1),
    ('wald2305', 13, 1),
    ('maye2346', 13, 1),
    ('came2297', 13, 1),
    ('bree2261', 13, 1),
    ('boof2315', 13, 1),
    ('haag2349', 13, 1),
    ('harh2326', 13, 1),
    ('pauh2407', 13, 1),
    ('henh2389', 13, 1),
    ('wilj2942', 13, 1),
    ('jacj2587', 13, 1),
    ('osbj2887', 13, 1),
    ('oneo2647', 13, 1),
    ('roaj2772', 13, 1),
    ('wolk2355', 13, 1),
    ('ramk2786', 13, 1),
    ('cask2276', 13, 1),
    ('logm2640', 14, 2),
    ('robk2300', 14, 1),
    ('elll2720', 14, 1),
    ('cral2884', 14, 1),
    ('finm2370', 14, 1),
    ('sanm2946', 14, 1),
    ('walm2915', 14, 1),
    ('walm2953', 14, 1),
    ('hiln2664', 14, 1),
    ('weln2967', 14, 1),
    ('benn2645', 14, 1),
    ('swao2739', 14, 1),
    ('baro2990', 14, 1),
    ('garp2282', 14, 1),
    ('irwr2486', 14, 1),
    ('pecr2895', 14, 1),
    ('carr2713', 14, 1),
    ('keis2192', 14, 1),
    ('logm2640', 15, 2),
    ('dava2957', 15, 1),
    ('bowa2434', 15, 1),
    ('thoa2214', 15, 1),
    ('berb2935', 15, 1),
    ('eric2650', 15, 1),
    ('odoc2244', 15, 1),
    ('acoc2266', 15, 1),
    ('cumc2912', 15, 1),
    ('mild2911', 15, 1),
    ('fred2905', 15, 1),
    ('rivd2526', 15, 1),
    ('wald2305', 15, 1),
    ('maye2346', 15, 1),
    ('came2297', 15, 1),
    ('bree2261', 15, 1),
    ('boof2315', 15, 1),
    ('haag2349', 15, 1),
    ('harh2326', 15, 1),
    ('pauh2407', 15, 1),
    ('henh2389', 15, 1),
    ('wilj2942', 15, 1),
    ('jacj2587', 15, 1),
    ('osbj2887', 15, 1),
    ('oneo2647', 15, 1),
    ('roaj2772', 15, 1),
    ('wolk2355', 15, 1),
    ('ramk2786', 15, 1),
    ('cask2276', 15, 1),
    ('logm2640', 16, 2),
    ('robk2300', 16, 1),
    ('elll2720', 16, 1),
    ('cral2884', 16, 1),
    ('finm2370', 16, 1),
    ('sanm2946', 16, 1),
    ('walm2915', 16, 1),
    ('walm2953', 16, 1),
    ('hiln2664', 16, 1),
    ('weln2967', 16, 1),
    ('benn2645', 16, 1),
    ('swao2739', 16, 1),
    ('baro2990', 16, 1),
    ('garp2282', 16, 1),
    ('irwr2486', 16, 1),
    ('pecr2895', 16, 1),
    ('carr2713', 16, 1),
    ('keis2192', 16, 1),
    ('turs2482', 17, 2),
    ('dava2957', 17, 1),
    ('bowa2434', 17, 1),
    ('thoa2214', 17, 1),
    ('berb2935', 17, 1),
    ('eric2650', 17, 1),
    ('odoc2244', 17, 1),
    ('acoc2266', 17, 1),
    ('cumc2912', 17, 1),
    ('mild2911', 17, 1),
    ('fred2905', 17, 1),
    ('rivd2526', 17, 1),
    ('wald2305', 17, 1),
    ('maye2346', 17, 1),
    ('came2297', 17, 1),
    ('turs2482', 18, 2),
    ('bree2261', 18, 1),
    ('boof2315', 18, 1),
    ('haag2349', 18, 1),
    ('harh2326', 18, 1),
    ('pauh2407', 18, 1),
    ('henh2389', 18, 1),
    ('wilj2942', 18, 1),
    ('jacj2587', 18, 1),
    ('osbj2887', 18, 1),
    ('oneo2647', 18, 1),
    ('roaj2772', 18, 1),
    ('wolk2355', 18, 1),
    ('ramk2786', 18, 1),
    ('cask2276', 18, 1),
    ('turs2482', 19, 2),
    ('dava2957', 19, 1),
    ('bowa2434', 19, 1),
    ('thoa2214', 19, 1),
    ('berb2935', 19, 1),
    ('eric2650', 19, 1),
    ('odoc2244', 19, 1),
    ('acoc2266', 19, 1),
    ('cumc2912', 19, 1),
    ('mild2911', 19, 1),
    ('fred2905', 19, 1),
    ('rivd2526', 19, 1),
    ('wald2305', 19, 1),
    ('maye2346', 19, 1),
    ('came2297', 19, 1),
    ('bree2261', 19, 1),
    ('boof2315', 19, 1),
    ('haag2349', 19, 1),
    ('harh2326', 19, 1),
    ('pauh2407', 19, 1),
    ('henh2389', 19, 1),
    ('wilj2942', 19, 1),
    ('jacj2587', 19, 1),
    ('osbj2887', 19, 1),
    ('oneo2647', 19, 1),
    ('roaj2772', 19, 1),
    ('wolk2355', 19, 1),
    ('ramk2786', 19, 1),
    ('cask2276', 19, 1),
    ('turs2482', 20, 2),
    ('kocs2447', 20, 1),
    ('neas2477', 20, 1),
    ('haws2999', 20, 1),
    ('burs2963', 20, 1),
    ('wans2712', 20, 1),
    ('robt2149', 20, 1),
    ('blat2327', 20, 1),
    ('jont2658', 20, 1),
    ('brou2651', 20, 1),
    ('jenv2910', 20, 1),
    ('phaw2704', 20, 1),
    ('kniz2839', 20, 1),
    ('holz2299', 20, 1),
    ('parw2998', 20, 1),
    ('atkz2987', 20, 1),
    ('wanl2493', 21, 2),
    ('robk2300', 21, 1),
    ('elll2720', 21, 1),
    ('cral2884', 21, 1),
    ('finm2370', 21, 1),
    ('sanm2946', 21, 1),
    ('walm2915', 21, 1),
    ('walm2953', 21, 1),
    ('hiln2664', 21, 1),
    ('weln2967', 21, 1),
    ('benn2645', 21, 1),
    ('swao2739', 21, 1),
    ('baro2990', 21, 1),
    ('garp2282', 21, 1),
    ('irwr2486', 21, 1),
    ('pecr2895', 21, 1),
    ('carr2713', 21, 1),
    ('keis2192', 21, 1),
    ('wanl2493', 22, 2),
    ('kocs2447', 22, 1),
    ('neas2477', 22, 1),
    ('haws2999', 22, 1),
    ('burs2963', 22, 1),
    ('wans2712', 22, 1),
    ('robt2149', 22, 1),
    ('blat2327', 22, 1),
    ('jont2658', 22, 1),
    ('brou2651', 22, 1),
    ('jenv2910', 22, 1),
    ('phaw2704', 22, 1),
    ('kniz2839', 22, 1),
    ('holz2299', 22, 1),
    ('parw2998', 22, 1),
    ('atkz2987', 22, 1),
    ('wanl2493', 23, 2),
    ('robk2300', 23, 1),
    ('elll2720', 23, 1),
    ('cral2884', 23, 1),
    ('finm2370', 23, 1),
    ('sanm2946', 23, 1),
    ('walm2915', 23, 1),
    ('walm2953', 23, 1),
    ('hiln2664', 23, 1),
    ('weln2967', 23, 1),
    ('benn2645', 23, 1),
    ('swao2739', 23, 1),
    ('baro2990', 23, 1),
    ('garp2282', 23, 1),
    ('irwr2486', 23, 1),
    ('pecr2895', 23, 1),
    ('carr2713', 23, 1),
    ('keis2192', 23, 1),
    ('wanl2493', 24, 2),
    ('kocs2447', 24, 1),
    ('neas2477', 24, 1),
    ('haws2999', 24, 1),
    ('burs2963', 24, 1),
    ('wans2712', 24, 1),
    ('robt2149', 24, 1),
    ('blat2327', 24, 1),
    ('jont2658', 24, 1),
    ('brou2651', 24, 1),
    ('jenv2910', 24, 1),
    ('phaw2704', 24, 1),
    ('kniz2839', 24, 1),
    ('holz2299', 24, 1),
    ('parw2998', 24, 1),
    ('atkz2987', 24, 1),
    ('navl2406', 25, 2),
    ('kocs2447', 25, 1),
    ('neas2477', 25, 1),
    ('haws2999', 25, 1),
    ('burs2963', 25, 1),
    ('wans2712', 25, 1),
    ('robt2149', 25, 1),
    ('navl2406', 26, 2),
    ('blat2327', 26, 1),
    ('jont2658', 26, 1),
    ('brou2651', 26, 1),
    ('jenv2910', 26, 1),
    ('phaw2704', 26, 1),
    ('kniz2839', 26, 1),
    ('holz2299', 26, 1),
    ('parw2998', 26, 1),
    ('atkz2987', 26, 1),
    ('blac2719', 27, 2),
    ('dava2957', 27, 1),
    ('bowa2434', 27, 1),
    ('thoa2214', 27, 1),
    ('berb2935', 27, 1),
    ('eric2650', 27, 1),
    ('odoc2244', 27, 1),
    ('acoc2266', 27, 1),
    ('cumc2912', 27, 1),
    ('mild2911', 27, 1),
    ('fred2905', 27, 1),
    ('rivd2526', 27, 1),
    ('wald2305', 27, 1),
    ('maye2346', 27, 1),
    ('came2297', 27, 1),
    ('bree2261', 27, 1),
    ('boof2315', 27, 1),
    ('haag2349', 27, 1),
    ('harh2326', 27, 1),
    ('pauh2407', 27, 1),
    ('henh2389', 27, 1),
    ('wilj2942', 27, 1),
    ('jacj2587', 27, 1),
    ('osbj2887', 27, 1),
    ('oneo2647', 27, 1),
    ('roaj2772', 27, 1),
    ('wolk2355', 27, 1),
    ('ramk2786', 27, 1),
    ('cask2276', 27, 1),
    ('blac2719', 28, 2),
    ('dava2957', 28, 1),
    ('bowa2434', 28, 1),
    ('thoa2214', 28, 1),
    ('berb2935', 28, 1),
    ('eric2650', 28, 1),
    ('odoc2244', 28, 1),
    ('acoc2266', 28, 1),
    ('cumc2912', 28, 1),
    ('mild2911', 28, 1),
    ('fred2905', 28, 1),
    ('rivd2526', 28, 1),
    ('wald2305', 28, 1),
    ('maye2346', 28, 1),
    ('came2297', 28, 1),
    ('bree2261', 28, 1),
    ('boof2315', 28, 1),
    ('haag2349', 28, 1),
    ('harh2326', 28, 1),
    ('pauh2407', 28, 1),
    ('henh2389', 28, 1),
    ('wilj2942', 28, 1),
    ('jacj2587', 28, 1),
    ('osbj2887', 28, 1),
    ('oneo2647', 28, 1),
    ('roaj2772', 28, 1),
    ('wolk2355', 28, 1),
    ('ramk2786', 28, 1),
    ('cask2276', 28, 1),
    ('blac2719', 29, 2),
    ('dava2957', 29, 1),
    ('bowa2434', 29, 1),
    ('thoa2214', 29, 1),
    ('berb2935', 29, 1),
    ('eric2650', 29, 1),
    ('odoc2244', 29, 1),
    ('acoc2266', 29, 1),
    ('cumc2912', 29, 1),
    ('mild2911', 29, 1),
    ('fred2905', 29, 1),
    ('rivd2526', 29, 1),
    ('wald2305', 29, 1),
    ('maye2346', 29, 1),
    ('came2297', 29, 1),
    ('bree2261', 29, 1),
    ('boof2315', 29, 1),
    ('haag2349', 29, 1),
    ('harh2326', 29, 1),
    ('pauh2407', 29, 1),
    ('henh2389', 29, 1),
    ('wilj2942', 29, 1),
    ('jacj2587', 29, 1),
    ('osbj2887', 29, 1),
    ('oneo2647', 29, 1),
    ('roaj2772', 29, 1),
    ('wolk2355', 29, 1),
    ('ramk2786', 29, 1),
    ('cask2276', 29, 1),
    ('hodg2298', 30, 2),
    ('dava2957', 30, 1),
    ('bowa2434', 30, 1),
    ('thoa2214', 30, 1),
    ('berb2935', 30, 1),
    ('eric2650', 30, 1),
    ('odoc2244', 30, 1),
    ('acoc2266', 30, 1),
    ('cumc2912', 30, 1),
    ('mild2911', 30, 1),
    ('fred2905', 30, 1),
    ('rivd2526', 30, 1),
    ('wald2305', 30, 1),
    ('maye2346', 30, 1),
    ('came2297', 30, 1),
    ('bree2261', 30, 1),
    ('boof2315', 30, 1),
    ('haag2349', 30, 1),
    ('harh2326', 30, 1),
    ('pauh2407', 30, 1),
    ('henh2389', 30, 1),
    ('wilj2942', 30, 1),
    ('jacj2587', 30, 1),
    ('osbj2887', 30, 1),
    ('oneo2647', 30, 1),
    ('roaj2772', 30, 1),
    ('wolk2355', 30, 1),
    ('ramk2786', 30, 1),
    ('cask2276', 30, 1),
    ('hodg2298', 31, 2),
    ('dava2957', 31, 1),
    ('bowa2434', 31, 1),
    ('thoa2214', 31, 1),
    ('berb2935', 31, 1),
    ('eric2650', 31, 1),
    ('odoc2244', 31, 1),
    ('acoc2266', 31, 1),
    ('cumc2912', 31, 1),
    ('mild2911', 31, 1),
    ('fred2905', 31, 1),
    ('rivd2526', 31, 1),
    ('wald2305', 31, 1),
    ('maye2346', 31, 1),
    ('came2297', 31, 1),
    ('bree2261', 31, 1),
    ('boof2315', 31, 1),
    ('haag2349', 31, 1),
    ('harh2326', 31, 1),
    ('pauh2407', 31, 1),
    ('henh2389', 31, 1),
    ('wilj2942', 31, 1),
    ('jacj2587', 31, 1),
    ('osbj2887', 31, 1),
    ('oneo2647', 31, 1),
    ('roaj2772', 31, 1),
    ('wolk2355', 31, 1),
    ('ramk2786', 31, 1),
    ('cask2276', 31, 1),
    ('hodg2298', 32, 2),
    ('dava2957', 32, 1),
    ('bowa2434', 32, 1),
    ('thoa2214', 32, 1),
    ('berb2935', 32, 1),
    ('eric2650', 32, 1),
    ('odoc2244', 32, 1),
    ('acoc2266', 32, 1),
    ('cumc2912', 32, 1),
    ('mild2911', 32, 1),
    ('fred2905', 32, 1),
    ('rivd2526', 32, 1),
    ('wald2305', 32, 1),
    ('maye2346', 32, 1),
    ('came2297', 32, 1),
    ('bree2261', 32, 1),
    ('boof2315', 32, 1),
    ('haag2349', 32, 1),
    ('harh2326', 32, 1),
    ('pauh2407', 32, 1),
    ('henh2389', 32, 1),
    ('wilj2942', 32, 1),
    ('jacj2587', 32, 1),
    ('osbj2887', 32, 1),
    ('oneo2647', 32, 1),
    ('roaj2772', 32, 1),
    ('wolk2355', 32, 1),
    ('ramk2786', 32, 1),
    ('cask2276', 32, 1),
    ('hodg2298', 33, 2),
    ('dava2957', 33, 1),
    ('bowa2434', 33, 1),
    ('thoa2214', 33, 1),
    ('berb2935', 33, 1),
    ('eric2650', 33, 1),
    ('odoc2244', 33, 1),
    ('acoc2266', 33, 1),
    ('cumc2912', 33, 1),
    ('mild2911', 33, 1),
    ('fred2905', 33, 1),
    ('rivd2526', 33, 1),
    ('wald2305', 33, 1),
    ('maye2346', 33, 1),
    ('came2297', 33, 1),
    ('bree2261', 33, 1),
    ('boof2315', 33, 1),
    ('haag2349', 33, 1),
    ('harh2326', 33, 1),
    ('pauh2407', 33, 1),
    ('henh2389', 33, 1),
    ('wilj2942', 33, 1),
    ('jacj2587', 33, 1),
    ('osbj2887', 33, 1),
    ('oneo2647', 33, 1),
    ('roaj2772', 33, 1),
    ('wolk2355', 33, 1),
    ('ramk2786', 33, 1),
    ('cask2276', 33, 1),
    ('turs2482', 34, 2),
    ('dava2957', 34, 1),
    ('bowa2434', 34, 1),
    ('thoa2214', 34, 1),
    ('berb2935', 34, 1),
    ('eric2650', 34, 1),
    ('odoc2244', 34, 1),
    ('acoc2266', 34, 1),
    ('cumc2912', 34, 1),
    ('mild2911', 34, 1),
    ('fred2905', 34, 1),
    ('rivd2526', 34, 1),
    ('wald2305', 34, 1),
    ('maye2346', 34, 1),
    ('came2297', 34, 1),
    ('bree2261', 34, 1),
    ('boof2315', 34, 1),
    ('haag2349', 34, 1),
    ('harh2326', 34, 1),
    ('pauh2407', 34, 1),
    ('henh2389', 34, 1),
    ('wilj2942', 34, 1),
    ('jacj2587', 34, 1),
    ('osbj2887', 34, 1),
    ('oneo2647', 34, 1),
    ('roaj2772', 34, 1),
    ('wolk2355', 34, 1),
    ('ramk2786', 34, 1),
    ('cask2276', 34, 1),
    ('turs2482', 35, 2),
    ('dava2957', 35, 1),
    ('bowa2434', 35, 1),
    ('thoa2214', 35, 1),
    ('berb2935', 35, 1),
    ('eric2650', 35, 1),
    ('odoc2244', 35, 1),
    ('acoc2266', 35, 1),
    ('cumc2912', 35, 1),
    ('mild2911', 35, 1),
    ('fred2905', 35, 1),
    ('rivd2526', 35, 1),
    ('wald2305', 35, 1),
    ('maye2346', 35, 1),
    ('came2297', 35, 1),
    ('bree2261', 35, 1),
    ('boof2315', 35, 1),
    ('haag2349', 35, 1),
    ('harh2326', 35, 1),
    ('pauh2407', 35, 1),
    ('henh2389', 35, 1),
    ('wilj2942', 35, 1),
    ('jacj2587', 35, 1),
    ('osbj2887', 35, 1),
    ('oneo2647', 35, 1),
    ('roaj2772', 35, 1),
    ('wolk2355', 35, 1),
    ('ramk2786', 35, 1),
    ('cask2276', 35, 1),
    ('turs2482', 36, 2),
    ('dava2957', 36, 1),
    ('bowa2434', 36, 1),
    ('thoa2214', 36, 1),
    ('berb2935', 36, 1),
    ('eric2650', 36, 1),
    ('odoc2244', 36, 1),
    ('acoc2266', 36, 1),
    ('cumc2912', 36, 1),
    ('mild2911', 36, 1),
    ('fred2905', 36, 1),
    ('rivd2526', 36, 1),
    ('wald2305', 36, 1),
    ('maye2346', 36, 1),
    ('came2297', 36, 1),
    ('bree2261', 36, 1),
    ('boof2315', 36, 1),
    ('haag2349', 36, 1),
    ('harh2326', 36, 1),
    ('pauh2407', 36, 1),
    ('henh2389', 36, 1),
    ('wilj2942', 36, 1),
    ('jacj2587', 36, 1),
    ('osbj2887', 36, 1),
    ('oneo2647', 36, 1),
    ('roaj2772', 36, 1),
    ('wolk2355', 36, 1),
    ('ramk2786', 36, 1),
    ('cask2276', 36, 1),
    ('turs2482', 37, 2),
    ('dava2957', 37, 1),
    ('bowa2434', 37, 1),
    ('thoa2214', 37, 1),
    ('berb2935', 37, 1),
    ('eric2650', 37, 1),
    ('odoc2244', 37, 1),
    ('acoc2266', 37, 1),
    ('cumc2912', 37, 1),
    ('mild2911', 37, 1),
    ('fred2905', 37, 1),
    ('rivd2526', 37, 1),
    ('wald2305', 37, 1),
    ('maye2346', 37, 1),
    ('came2297', 37, 1),
    ('bree2261', 37, 1),
    ('boof2315', 37, 1),
    ('haag2349', 37, 1),
    ('harh2326', 37, 1),
    ('pauh2407', 37, 1),
    ('henh2389', 37, 1),
    ('wilj2942', 37, 1),
    ('jacj2587', 37, 1),
    ('osbj2887', 37, 1),
    ('oneo2647', 37, 1),
    ('roaj2772', 37, 1),
    ('wolk2355', 37, 1),
    ('ramk2786', 37, 1),
    ('cask2276', 37, 1),
    ('turs2482', 38, 2),
    ('dava2957', 38, 1),
    ('bowa2434', 38, 1),
    ('thoa2214', 38, 1),
    ('berb2935', 38, 1),
    ('eric2650', 38, 1),
    ('odoc2244', 38, 1),
    ('acoc2266', 38, 1),
    ('cumc2912', 38, 1),
    ('mild2911', 38, 1),
    ('fred2905', 38, 1),
    ('rivd2526', 38, 1),
    ('wald2305', 38, 1),
    ('maye2346', 38, 1),
    ('came2297', 38, 1),
    ('bree2261', 38, 1),
    ('boof2315', 38, 1),
    ('haag2349', 38, 1),
    ('harh2326', 38, 1),
    ('pauh2407', 38, 1),
    ('henh2389', 38, 1),
    ('wilj2942', 38, 1),
    ('jacj2587', 38, 1),
    ('osbj2887', 38, 1),
    ('oneo2647', 38, 1),
    ('roaj2772', 38, 1),
    ('wolk2355', 38, 1),
    ('ramk2786', 38, 1),
    ('cask2276', 38, 1),
    ('turs2482', 39, 2),
    ('dava2957', 39, 1),
    ('bowa2434', 39, 1),
    ('thoa2214', 39, 1),
    ('berb2935', 39, 1),
    ('eric2650', 39, 1),
    ('odoc2244', 39, 1),
    ('acoc2266', 39, 1),
    ('cumc2912', 39, 1),
    ('mild2911', 39, 1),
    ('fred2905', 39, 1),
    ('rivd2526', 39, 1),
    ('wald2305', 39, 1),
    ('maye2346', 39, 1),
    ('came2297', 39, 1),
    ('bree2261', 39, 1),
    ('boof2315', 39, 1),
    ('haag2349', 39, 1),
    ('harh2326', 39, 1),
    ('pauh2407', 39, 1),
    ('henh2389', 39, 1),
    ('wilj2942', 39, 1),
    ('jacj2587', 39, 1),
    ('osbj2887', 39, 1),
    ('oneo2647', 39, 1),
    ('roaj2772', 39, 1),
    ('wolk2355', 39, 1),
    ('ramk2786', 39, 1),
    ('cask2276', 39, 1),
    ('turs2482', 40, 2),
    ('dava2957', 40, 1),
    ('bowa2434', 40, 1),
    ('thoa2214', 40, 1),
    ('berb2935', 40, 1),
    ('eric2650', 40, 1),
    ('odoc2244', 40, 1),
    ('acoc2266', 40, 1),
    ('cumc2912', 40, 1),
    ('mild2911', 40, 1),
    ('fred2905', 40, 1),
    ('rivd2526', 40, 1),
    ('wald2305', 40, 1),
    ('maye2346', 40, 1),
    ('came2297', 40, 1),
    ('bree2261', 40, 1),
    ('boof2315', 40, 1),
    ('haag2349', 40, 1),
    ('harh2326', 40, 1),
    ('pauh2407', 40, 1),
    ('henh2389', 40, 1),
    ('wilj2942', 40, 1),
    ('jacj2587', 40, 1),
    ('osbj2887', 40, 1),
    ('oneo2647', 40, 1),
    ('roaj2772', 40, 1),
    ('wolk2355', 40, 1),
    ('ramk2786', 40, 1),
    ('cask2276', 40, 1),
    ('turs2482', 41, 2),
    ('dava2957', 41, 1),
    ('bowa2434', 41, 1),
    ('thoa2214', 41, 1),
    ('berb2935', 41, 1),
    ('eric2650', 41, 1),
    ('odoc2244', 41, 1),
    ('acoc2266', 41, 1),
    ('cumc2912', 41, 1),
    ('mild2911', 41, 1),
    ('fred2905', 41, 1),
    ('rivd2526', 41, 1),
    ('wald2305', 41, 1),
    ('maye2346', 41, 1),
    ('came2297', 41, 1),
    ('bree2261', 41, 1),
    ('boof2315', 41, 1),
    ('haag2349', 41, 1),
    ('harh2326', 41, 1),
    ('pauh2407', 41, 1),
    ('henh2389', 41, 1),
    ('wilj2942', 41, 1),
    ('jacj2587', 41, 1),
    ('osbj2887', 41, 1),
    ('oneo2647', 41, 1),
    ('roaj2772', 41, 1),
    ('wolk2355', 41, 1),
    ('ramk2786', 41, 1),
    ('cask2276', 41, 1),
    ('turs2482', 42, 2),
    ('dava2957', 42, 1),
    ('bowa2434', 42, 1),
    ('thoa2214', 42, 1),
    ('berb2935', 42, 1),
    ('eric2650', 42, 1),
    ('odoc2244', 42, 1),
    ('acoc2266', 42, 1),
    ('cumc2912', 42, 1),
    ('mild2911', 42, 1),
    ('fred2905', 42, 1),
    ('rivd2526', 42, 1),
    ('wald2305', 42, 1),
    ('maye2346', 42, 1),
    ('came2297', 42, 1),
    ('bree2261', 42, 1),
    ('boof2315', 42, 1),
    ('haag2349', 42, 1),
    ('harh2326', 42, 1),
    ('pauh2407', 42, 1),
    ('henh2389', 42, 1),
    ('wilj2942', 42, 1),
    ('jacj2587', 42, 1),
    ('osbj2887', 42, 1),
    ('oneo2647', 42, 1),
    ('roaj2772', 42, 1),
    ('wolk2355', 42, 1),
    ('ramk2786', 42, 1),
    ('cask2276', 42, 1),
    ('turs2482', 43, 2),
    ('dava2957', 43, 1),
    ('bowa2434', 43, 1),
    ('thoa2214', 43, 1),
    ('berb2935', 43, 1),
    ('eric2650', 43, 1),
    ('odoc2244', 43, 1),
    ('acoc2266', 43, 1),
    ('cumc2912', 43, 1),
    ('mild2911', 43, 1),
    ('fred2905', 43, 1),
    ('rivd2526', 43, 1),
    ('wald2305', 43, 1),
    ('maye2346', 43, 1),
    ('came2297', 43, 1),
    ('bree2261', 43, 1),
    ('boof2315', 43, 1),
    ('haag2349', 43, 1),
    ('harh2326', 43, 1),
    ('pauh2407', 43, 1),
    ('henh2389', 43, 1),
    ('wilj2942', 43, 1),
    ('jacj2587', 43, 1),
    ('osbj2887', 43, 1),
    ('oneo2647', 43, 1),
    ('roaj2772', 43, 1),
    ('wolk2355', 43, 1),
    ('ramk2786', 43, 1),
    ('cask2276', 43, 1);


-- Donnees de la table Assignment
INSERT INTO Assignment
VALUES
    (DEFAULT, 1, 'Contrat d''equipe', 'Description de Contrat d''equipe', '2020-12-04 00:00:00', '2020-12-04 00:00:00', '2020-11-27 00:00:00', 2),
    (DEFAULT, 1, 'Rapport d''analyse et de planification', 'Description de Rapport d''analyse et de planification', '2020-10-28 00:00:00', '2020-10-28 00:00:00', '2020-10-21 00:00:00', 2),
    (DEFAULT, 1, 'Bilan de planification', 'Description de Bilan de planification', '2020-11-04 00:00:00', '2020-11-04 00:00:00', '2020-10-28 00:00:00', 2),
    (DEFAULT, 1, 'Presentation orale', 'Description de Presentation orale', '2020-11-06 00:00:00', '2020-11-06 00:00:00', '2020-10-30 00:00:00', 2),
    (DEFAULT, 1, 'Rapport de conception de projet', 'Description de Rapport de conception de projet', '2020-11-14 00:00:00', '2020-11-14 00:00:00', '2020-11-07 00:00:00', 2),
    (DEFAULT, 2, 'Contrat d''equipe', 'Description de Contrat d''equipe', '2020-12-19 00:00:00', '2020-12-19 00:00:00', '2020-12-12 00:00:00', 2),
    (DEFAULT, 2, 'Rapport d''analyse et de planification', 'Description de Rapport d''analyse et de planification', '2020-10-06 00:00:00', '2020-10-06 00:00:00', '2020-09-29 00:00:00', 2),
    (DEFAULT, 2, 'Bilan de planification', 'Description de Bilan de planification', '2020-12-01 00:00:00', '2020-12-01 00:00:00', '2020-11-24 00:00:00', 2),
    (DEFAULT, 2, 'Presentation orale', 'Description de Presentation orale', '2020-10-08 00:00:00', '2020-10-08 00:00:00', '2020-10-01 00:00:00', 2),
    (DEFAULT, 2, 'Rapport de conception de projet', 'Description de Rapport de conception de projet', '2020-09-30 00:00:00', '2020-09-30 00:00:00', '2020-09-23 00:00:00', 2),
    (DEFAULT, 3, 'Rapport S1_APP3', 'Description de Rapport S1_APP3', '2020-11-04 00:00:00', '2020-11-04 00:00:00', '2020-10-28 00:00:00', 2),
    (DEFAULT, 3, 'Rapport S1_APP5a', 'Description de Rapport S1_APP5a', '2020-12-07 00:00:00', '2020-12-07 00:00:00', '2020-11-30 00:00:00', 2),
    (DEFAULT, 3, 'Rapport Moodle', 'Description de Rapport Moodle', '2020-11-11 00:00:00', '2020-11-11 00:00:00', '2020-11-04 00:00:00', 2),
    (DEFAULT, 3, 'Essai strategique d''apprentissage', 'Description de Essai strategique d''apprentissage', '2020-12-17 00:00:00', '2020-12-17 00:00:00', '2020-12-10 00:00:00', 2),
    (DEFAULT, 3, 'Contrat d''equipe', 'Description de Contrat d''equipe', '2020-11-05 00:00:00', '2020-11-05 00:00:00', '2020-10-29 00:00:00', 2),
    (DEFAULT, 3, 'Rapport d''analyse et de planification', 'Description de Rapport d''analyse et de planification', '2020-10-29 00:00:00', '2020-10-29 00:00:00', '2020-10-22 00:00:00', 2),
    (DEFAULT, 3, 'Presentation orale', 'Description de Presentation orale', '2020-09-13 00:00:00', '2020-09-13 00:00:00', '2020-09-06 00:00:00', 2),
    (DEFAULT, 3, 'Rapport de conception de projet', 'Description de Rapport de conception de projet', '2020-10-21 00:00:00', '2020-10-21 00:00:00', '2020-10-14 00:00:00', 2),
    (DEFAULT, 4, 'Rapport S1_APP3', 'Description de Rapport S1_APP3', '2020-12-16 00:00:00', '2020-12-16 00:00:00', '2020-12-09 00:00:00', 2),
    (DEFAULT, 4, 'Rapport S1_APP5a', 'Description de Rapport S1_APP5a', '2020-11-28 00:00:00', '2020-11-28 00:00:00', '2020-11-21 00:00:00', 2),
    (DEFAULT, 4, 'Rapport Moodle', 'Description de Rapport Moodle', '2020-12-13 00:00:00', '2020-12-13 00:00:00', '2020-12-06 00:00:00', 2),
    (DEFAULT, 4, 'Essai strategique d''apprentissage', 'Description de Essai strategique d''apprentissage', '2020-12-04 00:00:00', '2020-12-04 00:00:00', '2020-11-27 00:00:00', 2),
    (DEFAULT, 4, 'Contrat d’equipe', 'Description de Contrat d’equipe', '2020-10-15 00:00:00', '2020-10-15 00:00:00', '2020-10-08 00:00:00', 2),
    (DEFAULT, 4, 'Rapport d’analyse et de planification', 'Description de Rapport d’analyse et de planification', '2020-11-21 00:00:00', '2020-11-21 00:00:00', '2020-11-14 00:00:00', 2),
    (DEFAULT, 4, 'Presentation orale', 'Description de Presentation orale', '2020-12-07 00:00:00', '2020-12-07 00:00:00', '2020-11-30 00:00:00', 2),
    (DEFAULT, 4, 'Rapport de conception de projet', 'Description de Rapport de conception de projet', '2020-12-08 00:00:00', '2020-12-08 00:00:00', '2020-12-01 00:00:00', 2),
    (DEFAULT, 5, 'Presentation orale', 'Description de Presentation orale', '2020-12-02 00:00:00', '2020-12-02 00:00:00', '2020-11-25 00:00:00', 2),
    (DEFAULT, 6, 'Presentation orale', 'Description de Presentation orale', '2020-11-13 00:00:00', '2020-11-13 00:00:00', '2020-11-06 00:00:00', 2),
    (DEFAULT, 7, 'Rapport S1_APP3', 'Description de Rapport S1_APP3', '2020-11-17 00:00:00', '2020-11-17 00:00:00', '2020-11-10 00:00:00', 2),
    (DEFAULT, 8, 'Rapport S1_APP3', 'Description de Rapport S1_APP3', '2020-10-15 00:00:00', '2020-10-15 00:00:00', '2020-10-08 00:00:00', 2),
    (DEFAULT, 9, 'Rapport S1_APP3', 'Description de Rapport S1_APP3', '2020-12-15 00:00:00', '2020-12-15 00:00:00', '2020-12-08 00:00:00', 2),
    (DEFAULT, 9, 'Rapport S1_APP5a', 'Description de Rapport S1_APP5a', '2020-10-06 00:00:00', '2020-10-06 00:00:00', '2020-09-29 00:00:00', 2),
    (DEFAULT, 10, 'Rapport S1_APP3', 'Description de Rapport S1_APP3', '2020-11-19 00:00:00', '2020-11-19 00:00:00', '2020-11-12 00:00:00', 2),
    (DEFAULT, 10, 'Rapport S1_APP5a', 'Description de Rapport S1_APP5a', '2020-09-13 00:00:00', '2020-09-13 00:00:00', '2020-09-06 00:00:00', 2),
    (DEFAULT, 11, 'Rapport S1_APP5b', 'Description de Rapport S1_APP5b', '2020-09-16 00:00:00', '2020-09-16 00:00:00', '2020-09-09 00:00:00', 2),
    (DEFAULT, 12, 'Rapport S1_APP5b', 'Description de Rapport S1_APP5b', '2020-11-16 00:00:00', '2020-11-16 00:00:00', '2020-11-09 00:00:00', 2),
    (DEFAULT, 13, 'Rapport S1_APP4', 'Description de Rapport S1_APP4', '2020-09-27 00:00:00', '2020-09-27 00:00:00', '2020-09-20 00:00:00', 2),
    (DEFAULT, 14, 'Rapport S1_APP4', 'Description de Rapport S1_APP4', '2020-10-07 00:00:00', '2020-10-07 00:00:00', '2020-09-30 00:00:00', 2),
    (DEFAULT, 15, 'Rapport S1_APP2', 'Description de Rapport S1_APP2', '2020-12-10 00:00:00', '2020-12-10 00:00:00', '2020-12-03 00:00:00', 2),
    (DEFAULT, 16, 'Rapport S1_APP2', 'Description de Rapport S1_APP2', '2020-10-15 00:00:00', '2020-10-15 00:00:00', '2020-10-08 00:00:00', 2),
    (DEFAULT, 17, 'Rapport S1_APP1sn', 'Description de Rapport S1_APP1sn', '2020-12-19 00:00:00', '2020-12-19 00:00:00', '2020-12-12 00:00:00', 2),
    (DEFAULT, 18, 'Rapport S1_APP1sn', 'Description de Rapport S1_APP1sn', '2020-11-21 00:00:00', '2020-11-21 00:00:00', '2020-11-14 00:00:00', 2),
    (DEFAULT, 19, 'Rapport S1_APP5a', 'Description de Rapport S1_APP5a', '2020-12-15 00:00:00', '2020-12-15 00:00:00', '2020-12-08 00:00:00', 2),
    (DEFAULT, 20, 'Rapport S1_APP5a', 'Description de Rapport S1_APP5a', '2020-12-14 00:00:00', '2020-12-14 00:00:00', '2020-12-07 00:00:00', 2),
    (DEFAULT, 21, 'Rapport S1_APP1ti', 'Description de Rapport S1_APP1ti', '2020-10-29 00:00:00', '2020-10-29 00:00:00', '2020-10-22 00:00:00', 2),
    (DEFAULT, 22, 'Rapport S1_APP1ti', 'Description de Rapport S1_APP1ti', '2020-09-23 00:00:00', '2020-09-23 00:00:00', '2020-09-16 00:00:00', 2),
    (DEFAULT, 23, 'Rapport S1_APP5bti', 'Description de Rapport S1_APP5bti', '2020-10-29 00:00:00', '2020-10-29 00:00:00', '2020-10-22 00:00:00', 2),
    (DEFAULT, 24, 'Rapport S1_APP5bti', 'Description de Rapport S1_APP5bti', '2020-12-02 00:00:00', '2020-12-02 00:00:00', '2020-11-25 00:00:00', 2),
    (DEFAULT, 25, 'Rapport S1_APP1to', 'Description de Rapport S1_APP1to', '2020-11-26 00:00:00', '2020-11-26 00:00:00', '2020-11-19 00:00:00', 2),
    (DEFAULT, 26, 'Rapport S1_APP1to', 'Description de Rapport S1_APP1to', '2020-12-12 00:00:00', '2020-12-12 00:00:00', '2020-12-05 00:00:00', 2),
    (DEFAULT, 27, 'Rapport de mi-session', 'Description de Rapport de mi-session', '2021-11-26 00:00:00', '2021-11-26 00:00:00', '2021-11-19 00:00:00', 2),
    (DEFAULT, 27, 'Rapport final', 'Description de Rapport final', '2021-09-17 00:00:00', '2021-09-17 00:00:00', '2021-09-10 00:00:00', 2),
    (DEFAULT, 28, 'Rapport S2_APP2', 'Description de Rapport S2_APP2', '2021-10-12 00:00:00', '2021-10-12 00:00:00', '2021-10-05 00:00:00', 2),
    (DEFAULT, 28, 'Rapport S2_APP6', 'Description de Rapport S2_APP6', '2021-10-18 00:00:00', '2021-10-18 00:00:00', '2021-10-11 00:00:00', 2),
    (DEFAULT, 29, 'Rapport S2_APP2', 'Description de Rapport S2_APP2', '2021-09-10 00:00:00', '2021-09-10 00:00:00', '2021-09-03 00:00:00', 2),
    (DEFAULT, 29, 'Rapport S2_APP6', 'Description de Rapport S2_APP6', '2021-10-19 00:00:00', '2021-10-19 00:00:00', '2021-10-12 00:00:00', 2),
    (DEFAULT, 30, 'Rapport S2_APP1', 'Description de Rapport S2_APP1', '2021-10-15 00:00:00', '2021-10-15 00:00:00', '2021-10-08 00:00:00', 2),
    (DEFAULT, 31, 'Rapport S2_APP4', 'Description de Rapport S2_APP4', '2021-10-20 00:00:00', '2021-10-20 00:00:00', '2021-10-13 00:00:00', 2),
    (DEFAULT, 32, 'Rapport S2_APP3gi', 'Description de Rapport S2_APP3gi', '2021-09-15 00:00:00', '2021-09-15 00:00:00', '2021-09-08 00:00:00', 2),
    (DEFAULT, 33, 'Rapport S2_APP7gi', 'Description de Rapport S2_APP7gi', '2021-11-28 00:00:00', '2021-11-28 00:00:00', '2021-11-21 00:00:00', 2),
    (DEFAULT, 34, 'Rapport S2_APP5gi', 'Description de Rapport S2_APP5gi', '2021-11-19 00:00:00', '2021-11-19 00:00:00', '2021-11-12 00:00:00', 2),
    (DEFAULT, 35, 'Reflexion', 'Description de Reflexion', '2021-11-25 00:00:00', '2021-11-25 00:00:00', '2021-11-18 00:00:00', 2),
    (DEFAULT, 36, 'Memoire d''approbation de projet', 'Description de Memoire d''approbation de projet', '2021-12-09 00:00:00', '2021-12-09 00:00:00', '2021-12-02 00:00:00', 2),
    (DEFAULT, 36, 'Rapport de sprint 1', 'Description de Rapport de sprint 1', '2021-10-21 00:00:00', '2021-10-21 00:00:00', '2021-10-14 00:00:00', 2),
    (DEFAULT, 36, 'Rapport de sprint 2', 'Description de Rapport de sprint 2', '2021-11-02 00:00:00', '2021-11-02 00:00:00', '2021-10-26 00:00:00', 2),
    (DEFAULT, 36, 'Rapport post-mortem', 'Description de Rapport post-mortem', '2021-12-20 00:00:00', '2021-12-20 00:00:00', '2021-12-13 00:00:00', 2),
    (DEFAULT, 36, 'Presentation finale', 'Description de Presentation finale', '2021-10-16 00:00:00', '2021-10-16 00:00:00', '2021-10-09 00:00:00', 2),
    (DEFAULT, 37, 'Rapport S3_APP4', 'Description de Rapport S3_APP4', '2021-12-20 00:00:00', '2021-12-20 00:00:00', '2021-12-13 00:00:00', 2),
    (DEFAULT, 39, 'Rapport S3_APP1', 'Description de Rapport S3_APP1', '2021-11-25 00:00:00', '2021-11-25 00:00:00', '2021-11-18 00:00:00', 2),
    (DEFAULT, 40, 'Rapport S3_APP5', 'Description de Rapport S3_APP5', '2021-09-29 00:00:00', '2021-09-29 00:00:00', '2021-09-22 00:00:00', 2),
    (DEFAULT, 41, 'Rapport S3_APP6', 'Description de Rapport S3_APP6', '2021-12-12 00:00:00', '2021-12-12 00:00:00', '2021-12-05 00:00:00', 2),
    (DEFAULT, 42, 'Rapport S3_APP3', 'Description de Rapport S3_APP3', '2021-10-09 00:00:00', '2021-10-09 00:00:00', '2021-10-02 00:00:00', 2),
    (DEFAULT, 43, 'Rapport S3_APP2', 'Description de Rapport S3_APP2', '2021-11-01 00:00:00', '2021-11-01 00:00:00', '2021-10-25 00:00:00', 2);


-- Donnees de la table NomEquipe
INSERT INTO NomEquipe
VALUES
    (DEFAULT, 'Equipe 1'),
    (DEFAULT, 'Equipe 2'),
    (DEFAULT, 'Equipe 3'),
    (DEFAULT, 'Equipe 4'),
    (DEFAULT, 'Equipe 5'),
    (DEFAULT, 'Equipe 6'),
    (DEFAULT, 'Equipe 7'),
    (DEFAULT, 'Equipe 8'),
    (DEFAULT, 'Equipe 9'),
    (DEFAULT, 'Equipe 10'),
    (DEFAULT, 'Equipe 11'),
    (DEFAULT, 'Equipe 12'),
    (DEFAULT, 'Equipe 13'),
    (DEFAULT, 'Equipe 14'),
    (DEFAULT, 'Equipe 15'),
    (DEFAULT, 'Equipe 16'),
    (DEFAULT, 'Equipe 17'),
    (DEFAULT, 'Equipe 18'),
    (DEFAULT, 'Equipe 19'),
    (DEFAULT, 'Equipe 20'),
    (DEFAULT, 'Equipe 21'),
    (DEFAULT, 'Equipe 22'),
    (DEFAULT, 'Equipe 23'),
    (DEFAULT, 'Equipe 24'),
    (DEFAULT, 'Equipe 25');


-- Donnees de la table Team
INSERT INTO Team
VALUES
    (DEFAULT, 1, 1),
    (DEFAULT, 1, 2),
    (DEFAULT, 1, 3),
    (DEFAULT, 1, 4),
    (DEFAULT, 1, 5),
    (DEFAULT, 1, 6),
    (DEFAULT, 1, 7),
    (DEFAULT, 1, 8),
    (DEFAULT, 1, 9),
    (DEFAULT, 1, 10),
    (DEFAULT, 1, 11),
    (DEFAULT, 1, 12),
    (DEFAULT, 1, 13),
    (DEFAULT, 1, 14),
    (DEFAULT, 2, 1),
    (DEFAULT, 2, 2),
    (DEFAULT, 2, 3),
    (DEFAULT, 2, 4),
    (DEFAULT, 2, 5),
    (DEFAULT, 2, 6),
    (DEFAULT, 2, 7),
    (DEFAULT, 2, 8),
    (DEFAULT, 2, 9),
    (DEFAULT, 2, 10),
    (DEFAULT, 2, 11),
    (DEFAULT, 2, 12),
    (DEFAULT, 2, 13),
    (DEFAULT, 2, 14),
    (DEFAULT, 3, 1),
    (DEFAULT, 3, 2),
    (DEFAULT, 3, 3),
    (DEFAULT, 3, 4),
    (DEFAULT, 3, 5),
    (DEFAULT, 3, 6),
    (DEFAULT, 3, 7),
    (DEFAULT, 3, 8),
    (DEFAULT, 3, 9),
    (DEFAULT, 3, 10),
    (DEFAULT, 3, 11),
    (DEFAULT, 3, 12),
    (DEFAULT, 3, 13),
    (DEFAULT, 3, 14),
    (DEFAULT, 4, 1),
    (DEFAULT, 4, 2),
    (DEFAULT, 4, 3),
    (DEFAULT, 4, 4),
    (DEFAULT, 4, 5),
    (DEFAULT, 4, 6),
    (DEFAULT, 4, 7),
    (DEFAULT, 4, 8),
    (DEFAULT, 4, 9),
    (DEFAULT, 4, 10),
    (DEFAULT, 4, 11),
    (DEFAULT, 4, 12),
    (DEFAULT, 4, 13),
    (DEFAULT, 4, 14),
    (DEFAULT, 5, 1),
    (DEFAULT, 5, 2),
    (DEFAULT, 5, 3),
    (DEFAULT, 5, 4),
    (DEFAULT, 5, 5),
    (DEFAULT, 5, 6),
    (DEFAULT, 5, 7),
    (DEFAULT, 5, 8),
    (DEFAULT, 5, 9),
    (DEFAULT, 5, 10),
    (DEFAULT, 5, 11),
    (DEFAULT, 5, 12),
    (DEFAULT, 5, 13),
    (DEFAULT, 5, 14),
    (DEFAULT, 6, 1),
    (DEFAULT, 6, 2),
    (DEFAULT, 6, 3),
    (DEFAULT, 6, 4),
    (DEFAULT, 6, 5),
    (DEFAULT, 6, 6),
    (DEFAULT, 6, 7),
    (DEFAULT, 6, 8),
    (DEFAULT, 6, 9),
    (DEFAULT, 6, 10),
    (DEFAULT, 6, 11),
    (DEFAULT, 6, 12),
    (DEFAULT, 6, 13),
    (DEFAULT, 6, 14),
    (DEFAULT, 6, 15),
    (DEFAULT, 6, 16),
    (DEFAULT, 7, 1),
    (DEFAULT, 7, 2),
    (DEFAULT, 7, 3),
    (DEFAULT, 7, 4),
    (DEFAULT, 7, 5),
    (DEFAULT, 7, 6),
    (DEFAULT, 7, 7),
    (DEFAULT, 7, 8),
    (DEFAULT, 7, 9),
    (DEFAULT, 7, 10),
    (DEFAULT, 7, 11),
    (DEFAULT, 7, 12),
    (DEFAULT, 7, 13),
    (DEFAULT, 7, 14),
    (DEFAULT, 7, 15),
    (DEFAULT, 7, 16),
    (DEFAULT, 8, 1),
    (DEFAULT, 8, 2),
    (DEFAULT, 8, 3),
    (DEFAULT, 8, 4),
    (DEFAULT, 8, 5),
    (DEFAULT, 8, 6),
    (DEFAULT, 8, 7),
    (DEFAULT, 8, 8),
    (DEFAULT, 8, 9),
    (DEFAULT, 8, 10),
    (DEFAULT, 8, 11),
    (DEFAULT, 8, 12),
    (DEFAULT, 8, 13),
    (DEFAULT, 8, 14),
    (DEFAULT, 8, 15),
    (DEFAULT, 8, 16),
    (DEFAULT, 9, 1),
    (DEFAULT, 9, 2),
    (DEFAULT, 9, 3),
    (DEFAULT, 9, 4),
    (DEFAULT, 9, 5),
    (DEFAULT, 9, 6),
    (DEFAULT, 9, 7),
    (DEFAULT, 9, 8),
    (DEFAULT, 9, 9),
    (DEFAULT, 9, 10),
    (DEFAULT, 9, 11),
    (DEFAULT, 9, 12),
    (DEFAULT, 9, 13),
    (DEFAULT, 9, 14),
    (DEFAULT, 9, 15),
    (DEFAULT, 9, 16),
    (DEFAULT, 10, 1),
    (DEFAULT, 10, 2),
    (DEFAULT, 10, 3),
    (DEFAULT, 10, 4),
    (DEFAULT, 10, 5),
    (DEFAULT, 10, 6),
    (DEFAULT, 10, 7),
    (DEFAULT, 10, 8),
    (DEFAULT, 10, 9),
    (DEFAULT, 10, 10),
    (DEFAULT, 10, 11),
    (DEFAULT, 10, 12),
    (DEFAULT, 10, 13),
    (DEFAULT, 10, 14),
    (DEFAULT, 10, 15),
    (DEFAULT, 10, 16),
    (DEFAULT, 11, 1),
    (DEFAULT, 11, 2),
    (DEFAULT, 11, 3),
    (DEFAULT, 11, 4),
    (DEFAULT, 11, 5),
    (DEFAULT, 11, 6),
    (DEFAULT, 11, 7),
    (DEFAULT, 11, 8),
    (DEFAULT, 11, 9),
    (DEFAULT, 11, 10),
    (DEFAULT, 11, 11),
    (DEFAULT, 11, 12),
    (DEFAULT, 11, 13),
    (DEFAULT, 11, 14),
    (DEFAULT, 12, 1),
    (DEFAULT, 12, 2),
    (DEFAULT, 12, 3),
    (DEFAULT, 12, 4),
    (DEFAULT, 12, 5),
    (DEFAULT, 12, 6),
    (DEFAULT, 12, 7),
    (DEFAULT, 12, 8),
    (DEFAULT, 12, 9),
    (DEFAULT, 12, 10),
    (DEFAULT, 12, 11),
    (DEFAULT, 12, 12),
    (DEFAULT, 12, 13),
    (DEFAULT, 12, 14),
    (DEFAULT, 13, 1),
    (DEFAULT, 13, 2),
    (DEFAULT, 13, 3),
    (DEFAULT, 13, 4),
    (DEFAULT, 13, 5),
    (DEFAULT, 13, 6),
    (DEFAULT, 13, 7),
    (DEFAULT, 13, 8),
    (DEFAULT, 13, 9),
    (DEFAULT, 13, 10),
    (DEFAULT, 13, 11),
    (DEFAULT, 13, 12),
    (DEFAULT, 13, 13),
    (DEFAULT, 13, 14),
    (DEFAULT, 14, 1),
    (DEFAULT, 14, 2),
    (DEFAULT, 14, 3),
    (DEFAULT, 14, 4),
    (DEFAULT, 14, 5),
    (DEFAULT, 14, 6),
    (DEFAULT, 14, 7),
    (DEFAULT, 14, 8),
    (DEFAULT, 14, 9),
    (DEFAULT, 14, 10),
    (DEFAULT, 14, 11),
    (DEFAULT, 14, 12),
    (DEFAULT, 14, 13),
    (DEFAULT, 14, 14),
    (DEFAULT, 15, 1),
    (DEFAULT, 15, 2),
    (DEFAULT, 15, 3),
    (DEFAULT, 15, 4),
    (DEFAULT, 15, 5),
    (DEFAULT, 15, 6),
    (DEFAULT, 15, 7),
    (DEFAULT, 15, 8),
    (DEFAULT, 15, 9),
    (DEFAULT, 15, 10),
    (DEFAULT, 15, 11),
    (DEFAULT, 15, 12),
    (DEFAULT, 15, 13),
    (DEFAULT, 15, 14),
    (DEFAULT, 16, 1),
    (DEFAULT, 16, 2),
    (DEFAULT, 16, 3),
    (DEFAULT, 16, 4),
    (DEFAULT, 16, 5),
    (DEFAULT, 16, 6),
    (DEFAULT, 16, 7),
    (DEFAULT, 16, 8),
    (DEFAULT, 16, 9),
    (DEFAULT, 16, 10),
    (DEFAULT, 16, 11),
    (DEFAULT, 16, 12),
    (DEFAULT, 16, 13),
    (DEFAULT, 16, 14),
    (DEFAULT, 17, 1),
    (DEFAULT, 17, 2),
    (DEFAULT, 17, 3),
    (DEFAULT, 17, 4),
    (DEFAULT, 17, 5),
    (DEFAULT, 17, 6),
    (DEFAULT, 17, 7),
    (DEFAULT, 17, 8),
    (DEFAULT, 17, 9),
    (DEFAULT, 17, 10),
    (DEFAULT, 17, 11),
    (DEFAULT, 17, 12),
    (DEFAULT, 17, 13),
    (DEFAULT, 17, 14),
    (DEFAULT, 18, 1),
    (DEFAULT, 18, 2),
    (DEFAULT, 18, 3),
    (DEFAULT, 18, 4),
    (DEFAULT, 18, 5),
    (DEFAULT, 18, 6),
    (DEFAULT, 18, 7),
    (DEFAULT, 18, 8),
    (DEFAULT, 18, 9),
    (DEFAULT, 18, 10),
    (DEFAULT, 18, 11),
    (DEFAULT, 18, 12),
    (DEFAULT, 18, 13),
    (DEFAULT, 18, 14),
    (DEFAULT, 19, 1),
    (DEFAULT, 19, 2),
    (DEFAULT, 19, 3),
    (DEFAULT, 19, 4),
    (DEFAULT, 19, 5),
    (DEFAULT, 19, 6),
    (DEFAULT, 19, 7),
    (DEFAULT, 19, 8),
    (DEFAULT, 19, 9),
    (DEFAULT, 19, 10),
    (DEFAULT, 19, 11),
    (DEFAULT, 19, 12),
    (DEFAULT, 19, 13),
    (DEFAULT, 19, 14),
    (DEFAULT, 19, 15),
    (DEFAULT, 19, 16),
    (DEFAULT, 20, 1),
    (DEFAULT, 20, 2),
    (DEFAULT, 20, 3),
    (DEFAULT, 20, 4),
    (DEFAULT, 20, 5),
    (DEFAULT, 20, 6),
    (DEFAULT, 20, 7),
    (DEFAULT, 20, 8),
    (DEFAULT, 20, 9),
    (DEFAULT, 20, 10),
    (DEFAULT, 20, 11),
    (DEFAULT, 20, 12),
    (DEFAULT, 20, 13),
    (DEFAULT, 20, 14),
    (DEFAULT, 20, 15),
    (DEFAULT, 20, 16),
    (DEFAULT, 21, 1),
    (DEFAULT, 21, 2),
    (DEFAULT, 21, 3),
    (DEFAULT, 21, 4),
    (DEFAULT, 21, 5),
    (DEFAULT, 21, 6),
    (DEFAULT, 21, 7),
    (DEFAULT, 21, 8),
    (DEFAULT, 21, 9),
    (DEFAULT, 21, 10),
    (DEFAULT, 21, 11),
    (DEFAULT, 21, 12),
    (DEFAULT, 21, 13),
    (DEFAULT, 21, 14),
    (DEFAULT, 21, 15),
    (DEFAULT, 21, 16),
    (DEFAULT, 22, 1),
    (DEFAULT, 22, 2),
    (DEFAULT, 22, 3),
    (DEFAULT, 22, 4),
    (DEFAULT, 22, 5),
    (DEFAULT, 22, 6),
    (DEFAULT, 22, 7),
    (DEFAULT, 22, 8),
    (DEFAULT, 22, 9),
    (DEFAULT, 22, 10),
    (DEFAULT, 22, 11),
    (DEFAULT, 22, 12),
    (DEFAULT, 22, 13),
    (DEFAULT, 22, 14),
    (DEFAULT, 22, 15),
    (DEFAULT, 22, 16),
    (DEFAULT, 23, 1),
    (DEFAULT, 23, 2),
    (DEFAULT, 23, 3),
    (DEFAULT, 23, 4),
    (DEFAULT, 23, 5),
    (DEFAULT, 23, 6),
    (DEFAULT, 23, 7),
    (DEFAULT, 23, 8),
    (DEFAULT, 23, 9),
    (DEFAULT, 23, 10),
    (DEFAULT, 23, 11),
    (DEFAULT, 23, 12),
    (DEFAULT, 23, 13),
    (DEFAULT, 23, 14),
    (DEFAULT, 23, 15),
    (DEFAULT, 23, 16),
    (DEFAULT, 24, 1),
    (DEFAULT, 24, 2),
    (DEFAULT, 24, 3),
    (DEFAULT, 24, 4),
    (DEFAULT, 24, 5),
    (DEFAULT, 24, 6),
    (DEFAULT, 24, 7),
    (DEFAULT, 24, 8),
    (DEFAULT, 24, 9),
    (DEFAULT, 24, 10),
    (DEFAULT, 24, 11),
    (DEFAULT, 24, 12),
    (DEFAULT, 24, 13),
    (DEFAULT, 24, 14),
    (DEFAULT, 24, 15),
    (DEFAULT, 24, 16),
    (DEFAULT, 25, 1),
    (DEFAULT, 25, 2),
    (DEFAULT, 25, 3),
    (DEFAULT, 25, 4),
    (DEFAULT, 25, 5),
    (DEFAULT, 25, 6),
    (DEFAULT, 25, 7),
    (DEFAULT, 25, 8),
    (DEFAULT, 25, 9),
    (DEFAULT, 25, 10),
    (DEFAULT, 25, 11),
    (DEFAULT, 25, 12),
    (DEFAULT, 25, 13),
    (DEFAULT, 25, 14),
    (DEFAULT, 25, 15),
    (DEFAULT, 25, 16),
    (DEFAULT, 26, 1),
    (DEFAULT, 26, 2),
    (DEFAULT, 26, 3),
    (DEFAULT, 26, 4),
    (DEFAULT, 26, 5),
    (DEFAULT, 26, 6),
    (DEFAULT, 26, 7),
    (DEFAULT, 26, 8),
    (DEFAULT, 26, 9),
    (DEFAULT, 26, 10),
    (DEFAULT, 26, 11),
    (DEFAULT, 26, 12),
    (DEFAULT, 26, 13),
    (DEFAULT, 26, 14),
    (DEFAULT, 26, 15),
    (DEFAULT, 26, 16),
    (DEFAULT, 27, 1),
    (DEFAULT, 27, 2),
    (DEFAULT, 27, 3),
    (DEFAULT, 27, 4),
    (DEFAULT, 27, 5),
    (DEFAULT, 27, 6),
    (DEFAULT, 27, 7),
    (DEFAULT, 27, 8),
    (DEFAULT, 27, 9),
    (DEFAULT, 27, 10),
    (DEFAULT, 27, 11),
    (DEFAULT, 27, 12),
    (DEFAULT, 27, 13),
    (DEFAULT, 27, 14),
    (DEFAULT, 28, 1),
    (DEFAULT, 28, 2),
    (DEFAULT, 28, 3),
    (DEFAULT, 28, 4),
    (DEFAULT, 28, 5),
    (DEFAULT, 28, 6),
    (DEFAULT, 28, 7),
    (DEFAULT, 28, 8),
    (DEFAULT, 28, 9),
    (DEFAULT, 28, 10),
    (DEFAULT, 28, 11),
    (DEFAULT, 28, 12),
    (DEFAULT, 28, 13),
    (DEFAULT, 28, 14),
    (DEFAULT, 28, 15),
    (DEFAULT, 28, 16),
    (DEFAULT, 29, 1),
    (DEFAULT, 29, 2),
    (DEFAULT, 29, 3),
    (DEFAULT, 29, 4),
    (DEFAULT, 29, 5),
    (DEFAULT, 29, 6),
    (DEFAULT, 29, 7),
    (DEFAULT, 29, 8),
    (DEFAULT, 29, 9),
    (DEFAULT, 29, 10),
    (DEFAULT, 29, 11),
    (DEFAULT, 29, 12),
    (DEFAULT, 29, 13),
    (DEFAULT, 29, 14),
    (DEFAULT, 30, 1),
    (DEFAULT, 30, 2),
    (DEFAULT, 30, 3),
    (DEFAULT, 30, 4),
    (DEFAULT, 30, 5),
    (DEFAULT, 30, 6),
    (DEFAULT, 30, 7),
    (DEFAULT, 30, 8),
    (DEFAULT, 30, 9),
    (DEFAULT, 30, 10),
    (DEFAULT, 30, 11),
    (DEFAULT, 30, 12),
    (DEFAULT, 30, 13),
    (DEFAULT, 30, 14),
    (DEFAULT, 30, 15),
    (DEFAULT, 30, 16),
    (DEFAULT, 31, 1),
    (DEFAULT, 31, 2),
    (DEFAULT, 31, 3),
    (DEFAULT, 31, 4),
    (DEFAULT, 31, 5),
    (DEFAULT, 31, 6),
    (DEFAULT, 31, 7),
    (DEFAULT, 31, 8),
    (DEFAULT, 31, 9),
    (DEFAULT, 31, 10),
    (DEFAULT, 31, 11),
    (DEFAULT, 31, 12),
    (DEFAULT, 31, 13),
    (DEFAULT, 31, 14),
    (DEFAULT, 32, 1),
    (DEFAULT, 32, 2),
    (DEFAULT, 32, 3),
    (DEFAULT, 32, 4),
    (DEFAULT, 32, 5),
    (DEFAULT, 32, 6),
    (DEFAULT, 32, 7),
    (DEFAULT, 32, 8),
    (DEFAULT, 32, 9),
    (DEFAULT, 32, 10),
    (DEFAULT, 32, 11),
    (DEFAULT, 32, 12),
    (DEFAULT, 32, 13),
    (DEFAULT, 32, 14),
    (DEFAULT, 33, 1),
    (DEFAULT, 33, 2),
    (DEFAULT, 33, 3),
    (DEFAULT, 33, 4),
    (DEFAULT, 33, 5),
    (DEFAULT, 33, 6),
    (DEFAULT, 33, 7),
    (DEFAULT, 33, 8),
    (DEFAULT, 33, 9),
    (DEFAULT, 33, 10),
    (DEFAULT, 33, 11),
    (DEFAULT, 33, 12),
    (DEFAULT, 33, 13),
    (DEFAULT, 33, 14),
    (DEFAULT, 33, 15),
    (DEFAULT, 33, 16),
    (DEFAULT, 34, 1),
    (DEFAULT, 34, 2),
    (DEFAULT, 34, 3),
    (DEFAULT, 34, 4),
    (DEFAULT, 34, 5),
    (DEFAULT, 34, 6),
    (DEFAULT, 34, 7),
    (DEFAULT, 34, 8),
    (DEFAULT, 34, 9),
    (DEFAULT, 34, 10),
    (DEFAULT, 34, 11),
    (DEFAULT, 34, 12),
    (DEFAULT, 34, 13),
    (DEFAULT, 34, 14),
    (DEFAULT, 34, 15),
    (DEFAULT, 34, 16),
    (DEFAULT, 35, 1),
    (DEFAULT, 35, 2),
    (DEFAULT, 35, 3),
    (DEFAULT, 35, 4),
    (DEFAULT, 35, 5),
    (DEFAULT, 35, 6),
    (DEFAULT, 35, 7),
    (DEFAULT, 35, 8),
    (DEFAULT, 35, 9),
    (DEFAULT, 35, 10),
    (DEFAULT, 35, 11),
    (DEFAULT, 35, 12),
    (DEFAULT, 35, 13),
    (DEFAULT, 35, 14),
    (DEFAULT, 36, 1),
    (DEFAULT, 36, 2),
    (DEFAULT, 36, 3),
    (DEFAULT, 36, 4),
    (DEFAULT, 36, 5),
    (DEFAULT, 36, 6),
    (DEFAULT, 36, 7),
    (DEFAULT, 36, 8),
    (DEFAULT, 36, 9),
    (DEFAULT, 36, 10),
    (DEFAULT, 36, 11),
    (DEFAULT, 36, 12),
    (DEFAULT, 36, 13),
    (DEFAULT, 36, 14),
    (DEFAULT, 36, 15),
    (DEFAULT, 36, 16),
    (DEFAULT, 37, 1),
    (DEFAULT, 37, 2),
    (DEFAULT, 37, 3),
    (DEFAULT, 37, 4),
    (DEFAULT, 37, 5),
    (DEFAULT, 37, 6),
    (DEFAULT, 37, 7),
    (DEFAULT, 37, 8),
    (DEFAULT, 37, 9),
    (DEFAULT, 37, 10),
    (DEFAULT, 37, 11),
    (DEFAULT, 37, 12),
    (DEFAULT, 37, 13),
    (DEFAULT, 37, 14),
    (DEFAULT, 38, 1),
    (DEFAULT, 38, 2),
    (DEFAULT, 38, 3),
    (DEFAULT, 38, 4),
    (DEFAULT, 38, 5),
    (DEFAULT, 38, 6),
    (DEFAULT, 38, 7),
    (DEFAULT, 38, 8),
    (DEFAULT, 38, 9),
    (DEFAULT, 39, 1),
    (DEFAULT, 39, 2),
    (DEFAULT, 39, 3),
    (DEFAULT, 39, 4),
    (DEFAULT, 39, 5),
    (DEFAULT, 39, 6),
    (DEFAULT, 39, 7),
    (DEFAULT, 39, 8),
    (DEFAULT, 39, 9),
    (DEFAULT, 39, 10),
    (DEFAULT, 39, 11),
    (DEFAULT, 39, 12),
    (DEFAULT, 39, 13),
    (DEFAULT, 39, 14),
    (DEFAULT, 40, 1),
    (DEFAULT, 40, 2),
    (DEFAULT, 40, 3),
    (DEFAULT, 40, 4),
    (DEFAULT, 40, 5),
    (DEFAULT, 40, 6),
    (DEFAULT, 40, 7),
    (DEFAULT, 40, 8),
    (DEFAULT, 40, 9),
    (DEFAULT, 41, 1),
    (DEFAULT, 41, 2),
    (DEFAULT, 41, 3),
    (DEFAULT, 41, 4),
    (DEFAULT, 41, 5),
    (DEFAULT, 41, 6),
    (DEFAULT, 41, 7),
    (DEFAULT, 42, 1),
    (DEFAULT, 42, 2),
    (DEFAULT, 42, 3),
    (DEFAULT, 42, 4),
    (DEFAULT, 42, 5),
    (DEFAULT, 42, 6),
    (DEFAULT, 42, 7),
    (DEFAULT, 43, 1),
    (DEFAULT, 43, 2),
    (DEFAULT, 43, 3),
    (DEFAULT, 43, 4),
    (DEFAULT, 43, 5),
    (DEFAULT, 43, 6),
    (DEFAULT, 43, 7),
    (DEFAULT, 43, 8),
    (DEFAULT, 43, 9),
    (DEFAULT, 43, 10),
    (DEFAULT, 43, 11),
    (DEFAULT, 43, 12),
    (DEFAULT, 43, 13),
    (DEFAULT, 43, 14),
    (DEFAULT, 44, 1),
    (DEFAULT, 44, 2),
    (DEFAULT, 44, 3),
    (DEFAULT, 44, 4),
    (DEFAULT, 44, 5),
    (DEFAULT, 44, 6),
    (DEFAULT, 44, 7),
    (DEFAULT, 44, 8),
    (DEFAULT, 45, 1),
    (DEFAULT, 45, 2),
    (DEFAULT, 45, 3),
    (DEFAULT, 45, 4),
    (DEFAULT, 45, 5),
    (DEFAULT, 45, 6),
    (DEFAULT, 45, 7),
    (DEFAULT, 45, 8),
    (DEFAULT, 45, 9),
    (DEFAULT, 46, 1),
    (DEFAULT, 46, 2),
    (DEFAULT, 46, 3),
    (DEFAULT, 46, 4),
    (DEFAULT, 46, 5),
    (DEFAULT, 46, 6),
    (DEFAULT, 46, 7),
    (DEFAULT, 46, 8),
    (DEFAULT, 47, 1),
    (DEFAULT, 47, 2),
    (DEFAULT, 47, 3),
    (DEFAULT, 47, 4),
    (DEFAULT, 47, 5),
    (DEFAULT, 47, 6),
    (DEFAULT, 47, 7),
    (DEFAULT, 47, 8),
    (DEFAULT, 48, 1),
    (DEFAULT, 48, 2),
    (DEFAULT, 48, 3),
    (DEFAULT, 48, 4),
    (DEFAULT, 48, 5),
    (DEFAULT, 48, 6),
    (DEFAULT, 48, 7),
    (DEFAULT, 48, 8),
    (DEFAULT, 49, 1),
    (DEFAULT, 49, 2),
    (DEFAULT, 49, 3),
    (DEFAULT, 50, 1),
    (DEFAULT, 50, 2),
    (DEFAULT, 50, 3),
    (DEFAULT, 50, 4),
    (DEFAULT, 50, 5),
    (DEFAULT, 51, 1),
    (DEFAULT, 51, 2),
    (DEFAULT, 51, 3),
    (DEFAULT, 51, 4),
    (DEFAULT, 51, 5),
    (DEFAULT, 51, 6),
    (DEFAULT, 51, 7),
    (DEFAULT, 51, 8),
    (DEFAULT, 51, 9),
    (DEFAULT, 51, 10),
    (DEFAULT, 51, 11),
    (DEFAULT, 51, 12),
    (DEFAULT, 51, 13),
    (DEFAULT, 51, 14),
    (DEFAULT, 52, 1),
    (DEFAULT, 52, 2),
    (DEFAULT, 52, 3),
    (DEFAULT, 52, 4),
    (DEFAULT, 52, 5),
    (DEFAULT, 52, 6),
    (DEFAULT, 52, 7),
    (DEFAULT, 52, 8),
    (DEFAULT, 52, 9),
    (DEFAULT, 52, 10),
    (DEFAULT, 52, 11),
    (DEFAULT, 52, 12),
    (DEFAULT, 52, 13),
    (DEFAULT, 52, 14),
    (DEFAULT, 53, 1),
    (DEFAULT, 53, 2),
    (DEFAULT, 53, 3),
    (DEFAULT, 53, 4),
    (DEFAULT, 53, 5),
    (DEFAULT, 53, 6),
    (DEFAULT, 53, 7),
    (DEFAULT, 53, 8),
    (DEFAULT, 53, 9),
    (DEFAULT, 53, 10),
    (DEFAULT, 53, 11),
    (DEFAULT, 53, 12),
    (DEFAULT, 53, 13),
    (DEFAULT, 53, 14),
    (DEFAULT, 54, 1),
    (DEFAULT, 54, 2),
    (DEFAULT, 54, 3),
    (DEFAULT, 54, 4),
    (DEFAULT, 54, 5),
    (DEFAULT, 54, 6),
    (DEFAULT, 54, 7),
    (DEFAULT, 54, 8),
    (DEFAULT, 54, 9),
    (DEFAULT, 54, 10),
    (DEFAULT, 54, 11),
    (DEFAULT, 54, 12),
    (DEFAULT, 54, 13),
    (DEFAULT, 54, 14),
    (DEFAULT, 55, 1),
    (DEFAULT, 55, 2),
    (DEFAULT, 55, 3),
    (DEFAULT, 55, 4),
    (DEFAULT, 55, 5),
    (DEFAULT, 55, 6),
    (DEFAULT, 55, 7),
    (DEFAULT, 55, 8),
    (DEFAULT, 55, 9),
    (DEFAULT, 55, 10),
    (DEFAULT, 55, 11),
    (DEFAULT, 55, 12),
    (DEFAULT, 55, 13),
    (DEFAULT, 55, 14),
    (DEFAULT, 56, 1),
    (DEFAULT, 56, 2),
    (DEFAULT, 56, 3),
    (DEFAULT, 56, 4),
    (DEFAULT, 56, 5),
    (DEFAULT, 56, 6),
    (DEFAULT, 56, 7),
    (DEFAULT, 56, 8),
    (DEFAULT, 56, 9),
    (DEFAULT, 56, 10),
    (DEFAULT, 56, 11),
    (DEFAULT, 56, 12),
    (DEFAULT, 56, 13),
    (DEFAULT, 56, 14),
    (DEFAULT, 57, 1),
    (DEFAULT, 57, 2),
    (DEFAULT, 57, 3),
    (DEFAULT, 57, 4),
    (DEFAULT, 57, 5),
    (DEFAULT, 57, 6),
    (DEFAULT, 57, 7),
    (DEFAULT, 57, 8),
    (DEFAULT, 57, 9),
    (DEFAULT, 57, 10),
    (DEFAULT, 57, 11),
    (DEFAULT, 57, 12),
    (DEFAULT, 57, 13),
    (DEFAULT, 57, 14),
    (DEFAULT, 58, 1),
    (DEFAULT, 58, 2),
    (DEFAULT, 58, 3),
    (DEFAULT, 58, 4),
    (DEFAULT, 58, 5),
    (DEFAULT, 58, 6),
    (DEFAULT, 58, 7),
    (DEFAULT, 58, 8),
    (DEFAULT, 58, 9),
    (DEFAULT, 58, 10),
    (DEFAULT, 58, 11),
    (DEFAULT, 58, 12),
    (DEFAULT, 58, 13),
    (DEFAULT, 58, 14),
    (DEFAULT, 59, 1),
    (DEFAULT, 59, 2),
    (DEFAULT, 59, 3),
    (DEFAULT, 59, 4),
    (DEFAULT, 59, 5),
    (DEFAULT, 59, 6),
    (DEFAULT, 59, 7),
    (DEFAULT, 59, 8),
    (DEFAULT, 59, 9),
    (DEFAULT, 59, 10),
    (DEFAULT, 59, 11),
    (DEFAULT, 59, 12),
    (DEFAULT, 59, 13),
    (DEFAULT, 59, 14),
    (DEFAULT, 60, 1),
    (DEFAULT, 60, 2),
    (DEFAULT, 60, 3),
    (DEFAULT, 60, 4),
    (DEFAULT, 60, 5),
    (DEFAULT, 60, 6),
    (DEFAULT, 60, 7),
    (DEFAULT, 60, 8),
    (DEFAULT, 60, 9),
    (DEFAULT, 60, 10),
    (DEFAULT, 60, 11),
    (DEFAULT, 60, 12),
    (DEFAULT, 60, 13),
    (DEFAULT, 60, 14),
    (DEFAULT, 61, 1),
    (DEFAULT, 61, 2),
    (DEFAULT, 61, 3),
    (DEFAULT, 61, 4),
    (DEFAULT, 61, 5),
    (DEFAULT, 61, 6),
    (DEFAULT, 61, 7),
    (DEFAULT, 61, 8),
    (DEFAULT, 61, 9),
    (DEFAULT, 61, 10),
    (DEFAULT, 61, 11),
    (DEFAULT, 61, 12),
    (DEFAULT, 61, 13),
    (DEFAULT, 61, 14),
    (DEFAULT, 62, 1),
    (DEFAULT, 62, 2),
    (DEFAULT, 62, 3),
    (DEFAULT, 62, 4),
    (DEFAULT, 62, 5),
    (DEFAULT, 62, 6),
    (DEFAULT, 62, 7),
    (DEFAULT, 62, 8),
    (DEFAULT, 62, 9),
    (DEFAULT, 62, 10),
    (DEFAULT, 62, 11),
    (DEFAULT, 62, 12),
    (DEFAULT, 62, 13),
    (DEFAULT, 62, 14),
    (DEFAULT, 63, 1),
    (DEFAULT, 63, 2),
    (DEFAULT, 63, 3),
    (DEFAULT, 63, 4),
    (DEFAULT, 63, 5),
    (DEFAULT, 63, 6),
    (DEFAULT, 63, 7),
    (DEFAULT, 63, 8),
    (DEFAULT, 63, 9),
    (DEFAULT, 63, 10),
    (DEFAULT, 63, 11),
    (DEFAULT, 63, 12),
    (DEFAULT, 63, 13),
    (DEFAULT, 63, 14),
    (DEFAULT, 64, 1),
    (DEFAULT, 64, 2),
    (DEFAULT, 64, 3),
    (DEFAULT, 64, 4),
    (DEFAULT, 64, 5),
    (DEFAULT, 64, 6),
    (DEFAULT, 64, 7),
    (DEFAULT, 64, 8),
    (DEFAULT, 64, 9),
    (DEFAULT, 64, 10),
    (DEFAULT, 64, 11),
    (DEFAULT, 64, 12),
    (DEFAULT, 64, 13),
    (DEFAULT, 64, 14),
    (DEFAULT, 65, 1),
    (DEFAULT, 65, 2),
    (DEFAULT, 65, 3),
    (DEFAULT, 65, 4),
    (DEFAULT, 65, 5),
    (DEFAULT, 65, 6),
    (DEFAULT, 65, 7),
    (DEFAULT, 65, 8),
    (DEFAULT, 65, 9),
    (DEFAULT, 65, 10),
    (DEFAULT, 65, 11),
    (DEFAULT, 65, 12),
    (DEFAULT, 65, 13),
    (DEFAULT, 65, 14),
    (DEFAULT, 66, 1),
    (DEFAULT, 66, 2),
    (DEFAULT, 66, 3),
    (DEFAULT, 66, 4),
    (DEFAULT, 66, 5),
    (DEFAULT, 66, 6),
    (DEFAULT, 66, 7),
    (DEFAULT, 66, 8),
    (DEFAULT, 66, 9),
    (DEFAULT, 66, 10),
    (DEFAULT, 66, 11),
    (DEFAULT, 66, 12),
    (DEFAULT, 66, 13),
    (DEFAULT, 66, 14),
    (DEFAULT, 67, 1),
    (DEFAULT, 67, 2),
    (DEFAULT, 67, 3),
    (DEFAULT, 67, 4),
    (DEFAULT, 67, 5),
    (DEFAULT, 67, 6),
    (DEFAULT, 67, 7),
    (DEFAULT, 67, 8),
    (DEFAULT, 67, 9),
    (DEFAULT, 67, 10),
    (DEFAULT, 67, 11),
    (DEFAULT, 67, 12),
    (DEFAULT, 67, 13),
    (DEFAULT, 67, 14),
    (DEFAULT, 68, 1),
    (DEFAULT, 68, 2),
    (DEFAULT, 68, 3),
    (DEFAULT, 68, 4),
    (DEFAULT, 68, 5),
    (DEFAULT, 68, 6),
    (DEFAULT, 68, 7),
    (DEFAULT, 68, 8),
    (DEFAULT, 68, 9),
    (DEFAULT, 68, 10),
    (DEFAULT, 68, 11),
    (DEFAULT, 68, 12),
    (DEFAULT, 68, 13),
    (DEFAULT, 68, 14),
    (DEFAULT, 69, 1),
    (DEFAULT, 69, 2),
    (DEFAULT, 69, 3),
    (DEFAULT, 69, 4),
    (DEFAULT, 69, 5),
    (DEFAULT, 69, 6),
    (DEFAULT, 69, 7),
    (DEFAULT, 69, 8),
    (DEFAULT, 69, 9),
    (DEFAULT, 69, 10),
    (DEFAULT, 69, 11),
    (DEFAULT, 69, 12),
    (DEFAULT, 69, 13),
    (DEFAULT, 69, 14),
    (DEFAULT, 70, 1),
    (DEFAULT, 70, 2),
    (DEFAULT, 70, 3),
    (DEFAULT, 70, 4),
    (DEFAULT, 70, 5),
    (DEFAULT, 70, 6),
    (DEFAULT, 70, 7),
    (DEFAULT, 70, 8),
    (DEFAULT, 70, 9),
    (DEFAULT, 70, 10),
    (DEFAULT, 70, 11),
    (DEFAULT, 70, 12),
    (DEFAULT, 70, 13),
    (DEFAULT, 70, 14),
    (DEFAULT, 71, 1),
    (DEFAULT, 71, 2),
    (DEFAULT, 71, 3),
    (DEFAULT, 71, 4),
    (DEFAULT, 71, 5),
    (DEFAULT, 71, 6),
    (DEFAULT, 71, 7),
    (DEFAULT, 71, 8),
    (DEFAULT, 71, 9),
    (DEFAULT, 71, 10),
    (DEFAULT, 71, 11),
    (DEFAULT, 71, 12),
    (DEFAULT, 71, 13),
    (DEFAULT, 71, 14),
    (DEFAULT, 72, 1),
    (DEFAULT, 72, 2),
    (DEFAULT, 72, 3),
    (DEFAULT, 72, 4),
    (DEFAULT, 72, 5),
    (DEFAULT, 72, 6),
    (DEFAULT, 72, 7),
    (DEFAULT, 72, 8),
    (DEFAULT, 72, 9),
    (DEFAULT, 72, 10),
    (DEFAULT, 72, 11),
    (DEFAULT, 72, 12),
    (DEFAULT, 72, 13),
    (DEFAULT, 72, 14),
    (DEFAULT, 73, 1),
    (DEFAULT, 73, 2),
    (DEFAULT, 73, 3),
    (DEFAULT, 73, 4),
    (DEFAULT, 73, 5),
    (DEFAULT, 73, 6),
    (DEFAULT, 73, 7),
    (DEFAULT, 73, 8),
    (DEFAULT, 73, 9),
    (DEFAULT, 73, 10),
    (DEFAULT, 73, 11),
    (DEFAULT, 73, 12),
    (DEFAULT, 73, 13),
    (DEFAULT, 73, 14);


-- Donnees de la table TeamMember
INSERT INTO TeamMember
VALUES
    ('dava2957', 1),
    ('bowa2434', 1),
    ('thoa2214', 2),
    ('berb2935', 2),
    ('eric2650', 3),
    ('odoc2244', 3),
    ('acoc2266', 4),
    ('cumc2912', 4),
    ('mild2911', 5),
    ('fred2905', 5),
    ('rivd2526', 6),
    ('wald2305', 6),
    ('maye2346', 7),
    ('came2297', 7),
    ('bree2261', 8),
    ('boof2315', 8),
    ('haag2349', 9),
    ('harh2326', 9),
    ('pauh2407', 10),
    ('henh2389', 10),
    ('wilj2942', 11),
    ('jacj2587', 11),
    ('osbj2887', 12),
    ('oneo2647', 12),
    ('roaj2772', 13),
    ('wolk2355', 13),
    ('ramk2786', 14),
    ('cask2276', 14),
    ('dava2957', 15),
    ('bowa2434', 15),
    ('thoa2214', 16),
    ('berb2935', 16),
    ('eric2650', 17),
    ('odoc2244', 17),
    ('acoc2266', 18),
    ('cumc2912', 18),
    ('mild2911', 19),
    ('fred2905', 19),
    ('rivd2526', 20),
    ('wald2305', 20),
    ('maye2346', 21),
    ('came2297', 21),
    ('bree2261', 22),
    ('boof2315', 22),
    ('haag2349', 23),
    ('harh2326', 23),
    ('pauh2407', 24),
    ('henh2389', 24),
    ('wilj2942', 25),
    ('jacj2587', 25),
    ('osbj2887', 26),
    ('oneo2647', 26),
    ('roaj2772', 27),
    ('wolk2355', 27),
    ('ramk2786', 28),
    ('cask2276', 28),
    ('dava2957', 29),
    ('bowa2434', 29),
    ('thoa2214', 30),
    ('berb2935', 30),
    ('eric2650', 31),
    ('odoc2244', 31),
    ('acoc2266', 32),
    ('cumc2912', 32),
    ('mild2911', 33),
    ('fred2905', 33),
    ('rivd2526', 34),
    ('wald2305', 34),
    ('maye2346', 35),
    ('came2297', 35),
    ('bree2261', 36),
    ('boof2315', 36),
    ('haag2349', 37),
    ('harh2326', 37),
    ('pauh2407', 38),
    ('henh2389', 38),
    ('wilj2942', 39),
    ('jacj2587', 39),
    ('osbj2887', 40),
    ('oneo2647', 40),
    ('roaj2772', 41),
    ('wolk2355', 41),
    ('ramk2786', 42),
    ('cask2276', 42),
    ('dava2957', 43),
    ('bowa2434', 43),
    ('thoa2214', 44),
    ('berb2935', 44),
    ('eric2650', 45),
    ('odoc2244', 45),
    ('acoc2266', 46),
    ('cumc2912', 46),
    ('mild2911', 47),
    ('fred2905', 47),
    ('rivd2526', 48),
    ('wald2305', 48),
    ('maye2346', 49),
    ('came2297', 49),
    ('bree2261', 50),
    ('boof2315', 50),
    ('haag2349', 51),
    ('harh2326', 51),
    ('pauh2407', 52),
    ('henh2389', 52),
    ('wilj2942', 53),
    ('jacj2587', 53),
    ('osbj2887', 54),
    ('oneo2647', 54),
    ('roaj2772', 55),
    ('wolk2355', 55),
    ('ramk2786', 56),
    ('cask2276', 56),
    ('dava2957', 57),
    ('bowa2434', 57),
    ('thoa2214', 58),
    ('berb2935', 58),
    ('eric2650', 59),
    ('odoc2244', 59),
    ('acoc2266', 60),
    ('cumc2912', 60),
    ('mild2911', 61),
    ('fred2905', 61),
    ('rivd2526', 62),
    ('wald2305', 62),
    ('maye2346', 63),
    ('came2297', 63),
    ('bree2261', 64),
    ('boof2315', 64),
    ('haag2349', 65),
    ('harh2326', 65),
    ('pauh2407', 66),
    ('henh2389', 66),
    ('wilj2942', 67),
    ('jacj2587', 67),
    ('osbj2887', 68),
    ('oneo2647', 68),
    ('roaj2772', 69),
    ('wolk2355', 69),
    ('ramk2786', 70),
    ('cask2276', 70),
    ('robk2300', 71),
    ('elll2720', 71),
    ('cral2884', 72),
    ('finm2370', 72),
    ('sanm2946', 73),
    ('walm2915', 73),
    ('walm2953', 74),
    ('hiln2664', 74),
    ('weln2967', 75),
    ('benn2645', 75),
    ('swao2739', 76),
    ('baro2990', 76),
    ('garp2282', 77),
    ('irwr2486', 77),
    ('pecr2895', 78),
    ('carr2713', 78),
    ('keis2192', 79),
    ('kocs2447', 79),
    ('neas2477', 80),
    ('haws2999', 80),
    ('burs2963', 81),
    ('wans2712', 81),
    ('robt2149', 82),
    ('blat2327', 82),
    ('jont2658', 83),
    ('brou2651', 83),
    ('jenv2910', 84),
    ('phaw2704', 84),
    ('kniz2839', 85),
    ('holz2299', 85),
    ('parw2998', 86),
    ('atkz2987', 86),
    ('robk2300', 87),
    ('elll2720', 87),
    ('cral2884', 88),
    ('finm2370', 88),
    ('sanm2946', 89),
    ('walm2915', 89),
    ('walm2953', 90),
    ('hiln2664', 90),
    ('weln2967', 91),
    ('benn2645', 91),
    ('swao2739', 92),
    ('baro2990', 92),
    ('garp2282', 93),
    ('irwr2486', 93),
    ('pecr2895', 94),
    ('carr2713', 94),
    ('keis2192', 95),
    ('kocs2447', 95),
    ('neas2477', 96),
    ('haws2999', 96),
    ('burs2963', 97),
    ('wans2712', 97),
    ('robt2149', 98),
    ('blat2327', 98),
    ('jont2658', 99),
    ('brou2651', 99),
    ('jenv2910', 100),
    ('phaw2704', 100),
    ('kniz2839', 101),
    ('holz2299', 101),
    ('parw2998', 102),
    ('atkz2987', 102),
    ('robk2300', 103),
    ('elll2720', 103),
    ('cral2884', 104),
    ('finm2370', 104),
    ('sanm2946', 105),
    ('walm2915', 105),
    ('walm2953', 106),
    ('hiln2664', 106),
    ('weln2967', 107),
    ('benn2645', 107),
    ('swao2739', 108),
    ('baro2990', 108),
    ('garp2282', 109),
    ('irwr2486', 109),
    ('pecr2895', 110),
    ('carr2713', 110),
    ('keis2192', 111),
    ('kocs2447', 111),
    ('neas2477', 112),
    ('haws2999', 112),
    ('burs2963', 113),
    ('wans2712', 113),
    ('robt2149', 114),
    ('blat2327', 114),
    ('jont2658', 115),
    ('brou2651', 115),
    ('jenv2910', 116),
    ('phaw2704', 116),
    ('kniz2839', 117),
    ('holz2299', 117),
    ('parw2998', 118),
    ('atkz2987', 118),
    ('robk2300', 119),
    ('elll2720', 119),
    ('cral2884', 120),
    ('finm2370', 120),
    ('sanm2946', 121),
    ('walm2915', 121),
    ('walm2953', 122),
    ('hiln2664', 122),
    ('weln2967', 123),
    ('benn2645', 123),
    ('swao2739', 124),
    ('baro2990', 124),
    ('garp2282', 125),
    ('irwr2486', 125),
    ('pecr2895', 126),
    ('carr2713', 126),
    ('keis2192', 127),
    ('kocs2447', 127),
    ('neas2477', 128),
    ('haws2999', 128),
    ('burs2963', 129),
    ('wans2712', 129),
    ('robt2149', 130),
    ('blat2327', 130),
    ('jont2658', 131),
    ('brou2651', 131),
    ('jenv2910', 132),
    ('phaw2704', 132),
    ('kniz2839', 133),
    ('holz2299', 133),
    ('parw2998', 134),
    ('atkz2987', 134),
    ('robk2300', 135),
    ('elll2720', 135),
    ('cral2884', 136),
    ('finm2370', 136),
    ('sanm2946', 137),
    ('walm2915', 137),
    ('walm2953', 138),
    ('hiln2664', 138),
    ('weln2967', 139),
    ('benn2645', 139),
    ('swao2739', 140),
    ('baro2990', 140),
    ('garp2282', 141),
    ('irwr2486', 141),
    ('pecr2895', 142),
    ('carr2713', 142),
    ('keis2192', 143),
    ('kocs2447', 143),
    ('neas2477', 144),
    ('haws2999', 144),
    ('burs2963', 145),
    ('wans2712', 145),
    ('robt2149', 146),
    ('blat2327', 146),
    ('jont2658', 147),
    ('brou2651', 147),
    ('jenv2910', 148),
    ('phaw2704', 148),
    ('kniz2839', 149),
    ('holz2299', 149),
    ('parw2998', 150),
    ('atkz2987', 150),
    ('dava2957', 151),
    ('bowa2434', 151),
    ('thoa2214', 152),
    ('berb2935', 152),
    ('eric2650', 153),
    ('odoc2244', 153),
    ('acoc2266', 154),
    ('cumc2912', 154),
    ('mild2911', 155),
    ('fred2905', 155),
    ('rivd2526', 156),
    ('wald2305', 156),
    ('maye2346', 157),
    ('came2297', 157),
    ('bree2261', 158),
    ('boof2315', 158),
    ('haag2349', 159),
    ('harh2326', 159),
    ('pauh2407', 160),
    ('henh2389', 160),
    ('wilj2942', 161),
    ('jacj2587', 161),
    ('osbj2887', 162),
    ('oneo2647', 162),
    ('roaj2772', 163),
    ('wolk2355', 163),
    ('ramk2786', 164),
    ('cask2276', 164),
    ('dava2957', 165),
    ('bowa2434', 165),
    ('thoa2214', 166),
    ('berb2935', 166),
    ('eric2650', 167),
    ('odoc2244', 167),
    ('acoc2266', 168),
    ('cumc2912', 168),
    ('mild2911', 169),
    ('fred2905', 169),
    ('rivd2526', 170),
    ('wald2305', 170),
    ('maye2346', 171),
    ('came2297', 171),
    ('bree2261', 172),
    ('boof2315', 172),
    ('haag2349', 173),
    ('harh2326', 173),
    ('pauh2407', 174),
    ('henh2389', 174),
    ('wilj2942', 175),
    ('jacj2587', 175),
    ('osbj2887', 176),
    ('oneo2647', 176),
    ('roaj2772', 177),
    ('wolk2355', 177),
    ('ramk2786', 178),
    ('cask2276', 178),
    ('dava2957', 179),
    ('bowa2434', 179),
    ('thoa2214', 180),
    ('berb2935', 180),
    ('eric2650', 181),
    ('odoc2244', 181),
    ('acoc2266', 182),
    ('cumc2912', 182),
    ('mild2911', 183),
    ('fred2905', 183),
    ('rivd2526', 184),
    ('wald2305', 184),
    ('maye2346', 185),
    ('came2297', 185),
    ('bree2261', 186),
    ('boof2315', 186),
    ('haag2349', 187),
    ('harh2326', 187),
    ('pauh2407', 188),
    ('henh2389', 188),
    ('wilj2942', 189),
    ('jacj2587', 189),
    ('osbj2887', 190),
    ('oneo2647', 190),
    ('roaj2772', 191),
    ('wolk2355', 191),
    ('ramk2786', 192),
    ('cask2276', 192),
    ('dava2957', 193),
    ('bowa2434', 193),
    ('thoa2214', 194),
    ('berb2935', 194),
    ('eric2650', 195),
    ('odoc2244', 195),
    ('acoc2266', 196),
    ('cumc2912', 196),
    ('mild2911', 197),
    ('fred2905', 197),
    ('rivd2526', 198),
    ('wald2305', 198),
    ('maye2346', 199),
    ('came2297', 199),
    ('bree2261', 200),
    ('boof2315', 200),
    ('haag2349', 201),
    ('harh2326', 201),
    ('pauh2407', 202),
    ('henh2389', 202),
    ('wilj2942', 203),
    ('jacj2587', 203),
    ('osbj2887', 204),
    ('oneo2647', 204),
    ('roaj2772', 205),
    ('wolk2355', 205),
    ('ramk2786', 206),
    ('cask2276', 206),
    ('dava2957', 207),
    ('bowa2434', 207),
    ('thoa2214', 208),
    ('berb2935', 208),
    ('eric2650', 209),
    ('odoc2244', 209),
    ('acoc2266', 210),
    ('cumc2912', 210),
    ('mild2911', 211),
    ('fred2905', 211),
    ('rivd2526', 212),
    ('wald2305', 212),
    ('maye2346', 213),
    ('came2297', 213),
    ('bree2261', 214),
    ('boof2315', 214),
    ('haag2349', 215),
    ('harh2326', 215),
    ('pauh2407', 216),
    ('henh2389', 216),
    ('wilj2942', 217),
    ('jacj2587', 217),
    ('osbj2887', 218),
    ('oneo2647', 218),
    ('roaj2772', 219),
    ('wolk2355', 219),
    ('ramk2786', 220),
    ('cask2276', 220),
    ('dava2957', 221),
    ('bowa2434', 221),
    ('thoa2214', 222),
    ('berb2935', 222),
    ('eric2650', 223),
    ('odoc2244', 223),
    ('acoc2266', 224),
    ('cumc2912', 224),
    ('mild2911', 225),
    ('fred2905', 225),
    ('rivd2526', 226),
    ('wald2305', 226),
    ('maye2346', 227),
    ('came2297', 227),
    ('bree2261', 228),
    ('boof2315', 228),
    ('haag2349', 229),
    ('harh2326', 229),
    ('pauh2407', 230),
    ('henh2389', 230),
    ('wilj2942', 231),
    ('jacj2587', 231),
    ('osbj2887', 232),
    ('oneo2647', 232),
    ('roaj2772', 233),
    ('wolk2355', 233),
    ('ramk2786', 234),
    ('cask2276', 234),
    ('dava2957', 235),
    ('bowa2434', 235),
    ('thoa2214', 236),
    ('berb2935', 236),
    ('eric2650', 237),
    ('odoc2244', 237),
    ('acoc2266', 238),
    ('cumc2912', 238),
    ('mild2911', 239),
    ('fred2905', 239),
    ('rivd2526', 240),
    ('wald2305', 240),
    ('maye2346', 241),
    ('came2297', 241),
    ('bree2261', 242),
    ('boof2315', 242),
    ('haag2349', 243),
    ('harh2326', 243),
    ('pauh2407', 244),
    ('henh2389', 244),
    ('wilj2942', 245),
    ('jacj2587', 245),
    ('osbj2887', 246),
    ('oneo2647', 246),
    ('roaj2772', 247),
    ('wolk2355', 247),
    ('ramk2786', 248),
    ('cask2276', 248),
    ('dava2957', 249),
    ('bowa2434', 249),
    ('thoa2214', 250),
    ('berb2935', 250),
    ('eric2650', 251),
    ('odoc2244', 251),
    ('acoc2266', 252),
    ('cumc2912', 252),
    ('mild2911', 253),
    ('fred2905', 253),
    ('rivd2526', 254),
    ('wald2305', 254),
    ('maye2346', 255),
    ('came2297', 255),
    ('bree2261', 256),
    ('boof2315', 256),
    ('haag2349', 257),
    ('harh2326', 257),
    ('pauh2407', 258),
    ('henh2389', 258),
    ('wilj2942', 259),
    ('jacj2587', 259),
    ('osbj2887', 260),
    ('oneo2647', 260),
    ('roaj2772', 261),
    ('wolk2355', 261),
    ('ramk2786', 262),
    ('cask2276', 262),
    ('robk2300', 263),
    ('elll2720', 263),
    ('cral2884', 264),
    ('finm2370', 264),
    ('sanm2946', 265),
    ('walm2915', 265),
    ('walm2953', 266),
    ('hiln2664', 266),
    ('weln2967', 267),
    ('benn2645', 267),
    ('swao2739', 268),
    ('baro2990', 268),
    ('garp2282', 269),
    ('irwr2486', 269),
    ('pecr2895', 270),
    ('carr2713', 270),
    ('keis2192', 271),
    ('kocs2447', 271),
    ('neas2477', 272),
    ('haws2999', 272),
    ('burs2963', 273),
    ('wans2712', 273),
    ('robt2149', 274),
    ('blat2327', 274),
    ('jont2658', 275),
    ('brou2651', 275),
    ('jenv2910', 276),
    ('phaw2704', 276),
    ('kniz2839', 277),
    ('holz2299', 277),
    ('parw2998', 278),
    ('atkz2987', 278),
    ('robk2300', 279),
    ('elll2720', 279),
    ('cral2884', 280),
    ('finm2370', 280),
    ('sanm2946', 281),
    ('walm2915', 281),
    ('walm2953', 282),
    ('hiln2664', 282),
    ('weln2967', 283),
    ('benn2645', 283),
    ('swao2739', 284),
    ('baro2990', 284),
    ('garp2282', 285),
    ('irwr2486', 285),
    ('pecr2895', 286),
    ('carr2713', 286),
    ('keis2192', 287),
    ('kocs2447', 287),
    ('neas2477', 288),
    ('haws2999', 288),
    ('burs2963', 289),
    ('wans2712', 289),
    ('robt2149', 290),
    ('blat2327', 290),
    ('jont2658', 291),
    ('brou2651', 291),
    ('jenv2910', 292),
    ('phaw2704', 292),
    ('kniz2839', 293),
    ('holz2299', 293),
    ('parw2998', 294),
    ('atkz2987', 294),
    ('robk2300', 295),
    ('elll2720', 295),
    ('cral2884', 296),
    ('finm2370', 296),
    ('sanm2946', 297),
    ('walm2915', 297),
    ('walm2953', 298),
    ('hiln2664', 298),
    ('weln2967', 299),
    ('benn2645', 299),
    ('swao2739', 300),
    ('baro2990', 300),
    ('garp2282', 301),
    ('irwr2486', 301),
    ('pecr2895', 302),
    ('carr2713', 302),
    ('keis2192', 303),
    ('kocs2447', 303),
    ('neas2477', 304),
    ('haws2999', 304),
    ('burs2963', 305),
    ('wans2712', 305),
    ('robt2149', 306),
    ('blat2327', 306),
    ('jont2658', 307),
    ('brou2651', 307),
    ('jenv2910', 308),
    ('phaw2704', 308),
    ('kniz2839', 309),
    ('holz2299', 309),
    ('parw2998', 310),
    ('atkz2987', 310),
    ('robk2300', 311),
    ('elll2720', 311),
    ('cral2884', 312),
    ('finm2370', 312),
    ('sanm2946', 313),
    ('walm2915', 313),
    ('walm2953', 314),
    ('hiln2664', 314),
    ('weln2967', 315),
    ('benn2645', 315),
    ('swao2739', 316),
    ('baro2990', 316),
    ('garp2282', 317),
    ('irwr2486', 317),
    ('pecr2895', 318),
    ('carr2713', 318),
    ('keis2192', 319),
    ('kocs2447', 319),
    ('neas2477', 320),
    ('haws2999', 320),
    ('burs2963', 321),
    ('wans2712', 321),
    ('robt2149', 322),
    ('blat2327', 322),
    ('jont2658', 323),
    ('brou2651', 323),
    ('jenv2910', 324),
    ('phaw2704', 324),
    ('kniz2839', 325),
    ('holz2299', 325),
    ('parw2998', 326),
    ('atkz2987', 326),
    ('robk2300', 327),
    ('elll2720', 327),
    ('cral2884', 328),
    ('finm2370', 328),
    ('sanm2946', 329),
    ('walm2915', 329),
    ('walm2953', 330),
    ('hiln2664', 330),
    ('weln2967', 331),
    ('benn2645', 331),
    ('swao2739', 332),
    ('baro2990', 332),
    ('garp2282', 333),
    ('irwr2486', 333),
    ('pecr2895', 334),
    ('carr2713', 334),
    ('keis2192', 335),
    ('kocs2447', 335),
    ('neas2477', 336),
    ('haws2999', 336),
    ('burs2963', 337),
    ('wans2712', 337),
    ('robt2149', 338),
    ('blat2327', 338),
    ('jont2658', 339),
    ('brou2651', 339),
    ('jenv2910', 340),
    ('phaw2704', 340),
    ('kniz2839', 341),
    ('holz2299', 341),
    ('parw2998', 342),
    ('atkz2987', 342),
    ('robk2300', 343),
    ('elll2720', 343),
    ('cral2884', 344),
    ('finm2370', 344),
    ('sanm2946', 345),
    ('walm2915', 345),
    ('walm2953', 346),
    ('hiln2664', 346),
    ('weln2967', 347),
    ('benn2645', 347),
    ('swao2739', 348),
    ('baro2990', 348),
    ('garp2282', 349),
    ('irwr2486', 349),
    ('pecr2895', 350),
    ('carr2713', 350),
    ('keis2192', 351),
    ('kocs2447', 351),
    ('neas2477', 352),
    ('haws2999', 352),
    ('burs2963', 353),
    ('wans2712', 353),
    ('robt2149', 354),
    ('blat2327', 354),
    ('jont2658', 355),
    ('brou2651', 355),
    ('jenv2910', 356),
    ('phaw2704', 356),
    ('kniz2839', 357),
    ('holz2299', 357),
    ('parw2998', 358),
    ('atkz2987', 358),
    ('robk2300', 359),
    ('elll2720', 359),
    ('cral2884', 360),
    ('finm2370', 360),
    ('sanm2946', 361),
    ('walm2915', 361),
    ('walm2953', 362),
    ('hiln2664', 362),
    ('weln2967', 363),
    ('benn2645', 363),
    ('swao2739', 364),
    ('baro2990', 364),
    ('garp2282', 365),
    ('irwr2486', 365),
    ('pecr2895', 366),
    ('carr2713', 366),
    ('keis2192', 367),
    ('kocs2447', 367),
    ('neas2477', 368),
    ('haws2999', 368),
    ('burs2963', 369),
    ('wans2712', 369),
    ('robt2149', 370),
    ('blat2327', 370),
    ('jont2658', 371),
    ('brou2651', 371),
    ('jenv2910', 372),
    ('phaw2704', 372),
    ('kniz2839', 373),
    ('holz2299', 373),
    ('parw2998', 374),
    ('atkz2987', 374),
    ('robk2300', 375),
    ('elll2720', 375),
    ('cral2884', 376),
    ('finm2370', 376),
    ('sanm2946', 377),
    ('walm2915', 377),
    ('walm2953', 378),
    ('hiln2664', 378),
    ('weln2967', 379),
    ('benn2645', 379),
    ('swao2739', 380),
    ('baro2990', 380),
    ('garp2282', 381),
    ('irwr2486', 381),
    ('pecr2895', 382),
    ('carr2713', 382),
    ('keis2192', 383),
    ('kocs2447', 383),
    ('neas2477', 384),
    ('haws2999', 384),
    ('burs2963', 385),
    ('wans2712', 385),
    ('robt2149', 386),
    ('blat2327', 386),
    ('jont2658', 387),
    ('brou2651', 387),
    ('jenv2910', 388),
    ('phaw2704', 388),
    ('kniz2839', 389),
    ('holz2299', 389),
    ('parw2998', 390),
    ('atkz2987', 390),
    ('dava2957', 391),
    ('bowa2434', 391),
    ('thoa2214', 392),
    ('berb2935', 392),
    ('eric2650', 393),
    ('odoc2244', 393),
    ('acoc2266', 394),
    ('cumc2912', 394),
    ('mild2911', 395),
    ('fred2905', 395),
    ('rivd2526', 396),
    ('wald2305', 396),
    ('maye2346', 397),
    ('came2297', 397),
    ('bree2261', 398),
    ('boof2315', 398),
    ('haag2349', 399),
    ('harh2326', 399),
    ('pauh2407', 400),
    ('henh2389', 400),
    ('wilj2942', 401),
    ('jacj2587', 401),
    ('osbj2887', 402),
    ('oneo2647', 402),
    ('roaj2772', 403),
    ('wolk2355', 403),
    ('ramk2786', 404),
    ('cask2276', 404),
    ('robk2300', 405),
    ('elll2720', 405),
    ('cral2884', 406),
    ('finm2370', 406),
    ('sanm2946', 407),
    ('walm2915', 407),
    ('walm2953', 408),
    ('hiln2664', 408),
    ('weln2967', 409),
    ('benn2645', 409),
    ('swao2739', 410),
    ('baro2990', 410),
    ('garp2282', 411),
    ('irwr2486', 411),
    ('pecr2895', 412),
    ('carr2713', 412),
    ('keis2192', 413),
    ('kocs2447', 413),
    ('neas2477', 414),
    ('haws2999', 414),
    ('burs2963', 415),
    ('wans2712', 415),
    ('robt2149', 416),
    ('blat2327', 416),
    ('jont2658', 417),
    ('brou2651', 417),
    ('jenv2910', 418),
    ('phaw2704', 418),
    ('kniz2839', 419),
    ('holz2299', 419),
    ('parw2998', 420),
    ('atkz2987', 420),
    ('dava2957', 421),
    ('bowa2434', 421),
    ('thoa2214', 422),
    ('berb2935', 422),
    ('eric2650', 423),
    ('odoc2244', 423),
    ('acoc2266', 424),
    ('cumc2912', 424),
    ('mild2911', 425),
    ('fred2905', 425),
    ('rivd2526', 426),
    ('wald2305', 426),
    ('maye2346', 427),
    ('came2297', 427),
    ('bree2261', 428),
    ('boof2315', 428),
    ('haag2349', 429),
    ('harh2326', 429),
    ('pauh2407', 430),
    ('henh2389', 430),
    ('wilj2942', 431),
    ('jacj2587', 431),
    ('osbj2887', 432),
    ('oneo2647', 432),
    ('roaj2772', 433),
    ('wolk2355', 433),
    ('ramk2786', 434),
    ('cask2276', 434),
    ('robk2300', 435),
    ('elll2720', 435),
    ('cral2884', 436),
    ('finm2370', 436),
    ('sanm2946', 437),
    ('walm2915', 437),
    ('walm2953', 438),
    ('hiln2664', 438),
    ('weln2967', 439),
    ('benn2645', 439),
    ('swao2739', 440),
    ('baro2990', 440),
    ('garp2282', 441),
    ('irwr2486', 441),
    ('pecr2895', 442),
    ('carr2713', 442),
    ('keis2192', 443),
    ('kocs2447', 443),
    ('neas2477', 444),
    ('haws2999', 444),
    ('burs2963', 445),
    ('wans2712', 445),
    ('robt2149', 446),
    ('blat2327', 446),
    ('jont2658', 447),
    ('brou2651', 447),
    ('jenv2910', 448),
    ('phaw2704', 448),
    ('kniz2839', 449),
    ('holz2299', 449),
    ('parw2998', 450),
    ('atkz2987', 450),
    ('dava2957', 451),
    ('bowa2434', 451),
    ('thoa2214', 452),
    ('berb2935', 452),
    ('eric2650', 453),
    ('odoc2244', 453),
    ('acoc2266', 454),
    ('cumc2912', 454),
    ('mild2911', 455),
    ('fred2905', 455),
    ('rivd2526', 456),
    ('wald2305', 456),
    ('maye2346', 457),
    ('came2297', 457),
    ('bree2261', 458),
    ('boof2315', 458),
    ('haag2349', 459),
    ('harh2326', 459),
    ('pauh2407', 460),
    ('henh2389', 460),
    ('wilj2942', 461),
    ('jacj2587', 461),
    ('osbj2887', 462),
    ('oneo2647', 462),
    ('roaj2772', 463),
    ('wolk2355', 463),
    ('ramk2786', 464),
    ('cask2276', 464),
    ('dava2957', 465),
    ('bowa2434', 465),
    ('thoa2214', 466),
    ('berb2935', 466),
    ('eric2650', 467),
    ('odoc2244', 467),
    ('acoc2266', 468),
    ('cumc2912', 468),
    ('mild2911', 469),
    ('fred2905', 469),
    ('rivd2526', 470),
    ('wald2305', 470),
    ('maye2346', 471),
    ('came2297', 471),
    ('bree2261', 472),
    ('boof2315', 472),
    ('haag2349', 473),
    ('harh2326', 473),
    ('pauh2407', 474),
    ('henh2389', 474),
    ('wilj2942', 475),
    ('jacj2587', 475),
    ('osbj2887', 476),
    ('oneo2647', 476),
    ('roaj2772', 477),
    ('wolk2355', 477),
    ('ramk2786', 478),
    ('cask2276', 478),
    ('robk2300', 479),
    ('elll2720', 479),
    ('cral2884', 480),
    ('finm2370', 480),
    ('sanm2946', 481),
    ('walm2915', 481),
    ('walm2953', 482),
    ('hiln2664', 482),
    ('weln2967', 483),
    ('benn2645', 483),
    ('swao2739', 484),
    ('baro2990', 484),
    ('garp2282', 485),
    ('irwr2486', 485),
    ('pecr2895', 486),
    ('carr2713', 486),
    ('keis2192', 487),
    ('kocs2447', 487),
    ('neas2477', 488),
    ('haws2999', 488),
    ('burs2963', 489),
    ('wans2712', 489),
    ('robt2149', 490),
    ('blat2327', 490),
    ('jont2658', 491),
    ('brou2651', 491),
    ('jenv2910', 492),
    ('phaw2704', 492),
    ('kniz2839', 493),
    ('holz2299', 493),
    ('parw2998', 494),
    ('atkz2987', 494),
    ('robk2300', 495),
    ('elll2720', 495),
    ('cral2884', 496),
    ('finm2370', 496),
    ('sanm2946', 497),
    ('walm2915', 497),
    ('walm2953', 498),
    ('hiln2664', 498),
    ('weln2967', 499),
    ('benn2645', 499),
    ('swao2739', 500),
    ('baro2990', 500),
    ('garp2282', 501),
    ('irwr2486', 501),
    ('pecr2895', 502),
    ('carr2713', 502),
    ('keis2192', 503),
    ('kocs2447', 503),
    ('neas2477', 504),
    ('haws2999', 504),
    ('burs2963', 505),
    ('wans2712', 505),
    ('robt2149', 506),
    ('blat2327', 506),
    ('jont2658', 507),
    ('brou2651', 507),
    ('jenv2910', 508),
    ('phaw2704', 508),
    ('kniz2839', 509),
    ('holz2299', 509),
    ('parw2998', 510),
    ('atkz2987', 510),
    ('dava2957', 511),
    ('bowa2434', 511),
    ('thoa2214', 512),
    ('berb2935', 512),
    ('eric2650', 513),
    ('odoc2244', 513),
    ('acoc2266', 514),
    ('cumc2912', 514),
    ('mild2911', 515),
    ('fred2905', 515),
    ('rivd2526', 516),
    ('wald2305', 516),
    ('maye2346', 517),
    ('came2297', 517),
    ('bree2261', 518),
    ('boof2315', 518),
    ('haag2349', 519),
    ('harh2326', 519),
    ('pauh2407', 520),
    ('henh2389', 520),
    ('wilj2942', 521),
    ('jacj2587', 521),
    ('osbj2887', 522),
    ('oneo2647', 522),
    ('roaj2772', 523),
    ('wolk2355', 523),
    ('ramk2786', 524),
    ('cask2276', 524),
    ('robk2300', 525),
    ('elll2720', 525),
    ('cral2884', 526),
    ('finm2370', 526),
    ('sanm2946', 527),
    ('walm2915', 527),
    ('walm2953', 528),
    ('hiln2664', 528),
    ('weln2967', 529),
    ('benn2645', 529),
    ('swao2739', 530),
    ('baro2990', 530),
    ('garp2282', 531),
    ('irwr2486', 531),
    ('pecr2895', 532),
    ('carr2713', 532),
    ('keis2192', 533),
    ('kocs2447', 533),
    ('neas2477', 534),
    ('haws2999', 534),
    ('burs2963', 535),
    ('wans2712', 535),
    ('robt2149', 536),
    ('blat2327', 536),
    ('jont2658', 537),
    ('brou2651', 537),
    ('jenv2910', 538),
    ('phaw2704', 538),
    ('kniz2839', 539),
    ('holz2299', 539),
    ('parw2998', 540),
    ('atkz2987', 540),
    ('dava2957', 541),
    ('bowa2434', 541),
    ('thoa2214', 542),
    ('berb2935', 542),
    ('eric2650', 543),
    ('odoc2244', 543),
    ('acoc2266', 544),
    ('cumc2912', 544),
    ('mild2911', 545),
    ('fred2905', 545),
    ('rivd2526', 546),
    ('wald2305', 546),
    ('maye2346', 547),
    ('came2297', 547),
    ('bree2261', 548),
    ('boof2315', 548),
    ('haag2349', 549),
    ('harh2326', 549),
    ('pauh2407', 550),
    ('henh2389', 550),
    ('wilj2942', 551),
    ('jacj2587', 551),
    ('osbj2887', 552),
    ('oneo2647', 552),
    ('roaj2772', 553),
    ('wolk2355', 553),
    ('ramk2786', 554),
    ('cask2276', 554),
    ('robk2300', 555),
    ('elll2720', 555),
    ('cral2884', 556),
    ('finm2370', 556),
    ('sanm2946', 557),
    ('walm2915', 557),
    ('walm2953', 558),
    ('hiln2664', 558),
    ('weln2967', 559),
    ('benn2645', 559),
    ('swao2739', 560),
    ('baro2990', 560),
    ('garp2282', 561),
    ('irwr2486', 561),
    ('pecr2895', 562),
    ('carr2713', 562),
    ('keis2192', 563),
    ('dava2957', 564),
    ('bowa2434', 564),
    ('thoa2214', 565),
    ('berb2935', 565),
    ('eric2650', 566),
    ('odoc2244', 566),
    ('acoc2266', 567),
    ('cumc2912', 567),
    ('mild2911', 568),
    ('fred2905', 568),
    ('rivd2526', 569),
    ('wald2305', 569),
    ('maye2346', 570),
    ('came2297', 570),
    ('bree2261', 571),
    ('boof2315', 571),
    ('haag2349', 572),
    ('harh2326', 572),
    ('pauh2407', 573),
    ('henh2389', 573),
    ('wilj2942', 574),
    ('jacj2587', 574),
    ('osbj2887', 575),
    ('oneo2647', 575),
    ('roaj2772', 576),
    ('wolk2355', 576),
    ('ramk2786', 577),
    ('cask2276', 577),
    ('robk2300', 578),
    ('elll2720', 578),
    ('cral2884', 579),
    ('finm2370', 579),
    ('sanm2946', 580),
    ('walm2915', 580),
    ('walm2953', 581),
    ('hiln2664', 581),
    ('weln2967', 582),
    ('benn2645', 582),
    ('swao2739', 583),
    ('baro2990', 583),
    ('garp2282', 584),
    ('irwr2486', 584),
    ('pecr2895', 585),
    ('carr2713', 585),
    ('keis2192', 586),
    ('dava2957', 587),
    ('bowa2434', 587),
    ('thoa2214', 588),
    ('berb2935', 588),
    ('eric2650', 589),
    ('odoc2244', 589),
    ('acoc2266', 590),
    ('cumc2912', 590),
    ('mild2911', 591),
    ('fred2905', 591),
    ('rivd2526', 592),
    ('wald2305', 592),
    ('maye2346', 593),
    ('came2297', 593),
    ('bree2261', 594),
    ('boof2315', 594),
    ('haag2349', 595),
    ('harh2326', 595),
    ('pauh2407', 596),
    ('henh2389', 596),
    ('wilj2942', 597),
    ('jacj2587', 597),
    ('osbj2887', 598),
    ('oneo2647', 598),
    ('roaj2772', 599),
    ('wolk2355', 599),
    ('ramk2786', 600),
    ('cask2276', 600),
    ('dava2957', 601),
    ('bowa2434', 601),
    ('thoa2214', 602),
    ('berb2935', 602),
    ('eric2650', 603),
    ('odoc2244', 603),
    ('acoc2266', 604),
    ('cumc2912', 604),
    ('mild2911', 605),
    ('fred2905', 605),
    ('rivd2526', 606),
    ('wald2305', 606),
    ('maye2346', 607),
    ('came2297', 607),
    ('bree2261', 608),
    ('boof2315', 608),
    ('haag2349', 609),
    ('harh2326', 609),
    ('pauh2407', 610),
    ('henh2389', 610),
    ('wilj2942', 611),
    ('jacj2587', 611),
    ('osbj2887', 612),
    ('oneo2647', 612),
    ('roaj2772', 613),
    ('wolk2355', 613),
    ('ramk2786', 614),
    ('cask2276', 614),
    ('kocs2447', 615),
    ('neas2477', 615),
    ('haws2999', 616),
    ('burs2963', 616),
    ('wans2712', 617),
    ('robt2149', 617),
    ('blat2327', 618),
    ('jont2658', 618),
    ('brou2651', 619),
    ('jenv2910', 619),
    ('phaw2704', 620),
    ('kniz2839', 620),
    ('holz2299', 621),
    ('parw2998', 621),
    ('atkz2987', 622),
    ('robk2300', 623),
    ('elll2720', 623),
    ('cral2884', 624),
    ('finm2370', 624),
    ('sanm2946', 625),
    ('walm2915', 625),
    ('walm2953', 626),
    ('hiln2664', 626),
    ('weln2967', 627),
    ('benn2645', 627),
    ('swao2739', 628),
    ('baro2990', 628),
    ('garp2282', 629),
    ('irwr2486', 629),
    ('pecr2895', 630),
    ('carr2713', 630),
    ('keis2192', 631),
    ('kocs2447', 632),
    ('neas2477', 632),
    ('haws2999', 633),
    ('burs2963', 633),
    ('wans2712', 634),
    ('robt2149', 634),
    ('blat2327', 635),
    ('jont2658', 635),
    ('brou2651', 636),
    ('jenv2910', 636),
    ('phaw2704', 637),
    ('kniz2839', 637),
    ('holz2299', 638),
    ('parw2998', 638),
    ('atkz2987', 639),
    ('robk2300', 640),
    ('elll2720', 640),
    ('cral2884', 641),
    ('finm2370', 641),
    ('sanm2946', 642),
    ('walm2915', 642),
    ('walm2953', 643),
    ('hiln2664', 643),
    ('weln2967', 644),
    ('benn2645', 644),
    ('swao2739', 645),
    ('baro2990', 645),
    ('garp2282', 646),
    ('irwr2486', 646),
    ('pecr2895', 647),
    ('carr2713', 647),
    ('keis2192', 648),
    ('kocs2447', 648),
    ('neas2477', 648),
    ('haws2999', 649),
    ('burs2963', 649),
    ('wans2712', 650),
    ('robt2149', 650),
    ('blat2327', 651),
    ('jont2658', 651),
    ('brou2651', 652),
    ('jenv2910', 652),
    ('phaw2704', 653),
    ('kniz2839', 653),
    ('holz2299', 654),
    ('parw2998', 654),
    ('atkz2987', 655),
    ('kocs2447', 656),
    ('neas2477', 656),
    ('haws2999', 657),
    ('burs2963', 657),
    ('wans2712', 658),
    ('robt2149', 658),
    ('blat2327', 659),
    ('jont2658', 659),
    ('brou2651', 660),
    ('jenv2910', 660),
    ('phaw2704', 661),
    ('kniz2839', 661),
    ('holz2299', 662),
    ('parw2998', 662),
    ('atkz2987', 663),
    ('dava2957', 664),
    ('bowa2434', 664),
    ('thoa2214', 665),
    ('berb2935', 665),
    ('eric2650', 666),
    ('odoc2244', 666),
    ('acoc2266', 667),
    ('cumc2912', 667),
    ('mild2911', 668),
    ('fred2905', 668),
    ('rivd2526', 669),
    ('wald2305', 669),
    ('maye2346', 670),
    ('came2297', 670),
    ('bree2261', 671),
    ('boof2315', 671),
    ('haag2349', 672),
    ('harh2326', 672),
    ('pauh2407', 673),
    ('henh2389', 673),
    ('wilj2942', 674),
    ('jacj2587', 674),
    ('osbj2887', 675),
    ('oneo2647', 675),
    ('roaj2772', 676),
    ('wolk2355', 676),
    ('ramk2786', 677),
    ('cask2276', 677),
    ('dava2957', 678),
    ('bowa2434', 678),
    ('thoa2214', 679),
    ('berb2935', 679),
    ('eric2650', 680),
    ('odoc2244', 680),
    ('acoc2266', 681),
    ('cumc2912', 681),
    ('mild2911', 682),
    ('fred2905', 682),
    ('rivd2526', 683),
    ('wald2305', 683),
    ('maye2346', 684),
    ('came2297', 684),
    ('bree2261', 685),
    ('boof2315', 685),
    ('haag2349', 686),
    ('harh2326', 686),
    ('pauh2407', 687),
    ('henh2389', 687),
    ('wilj2942', 688),
    ('jacj2587', 688),
    ('osbj2887', 689),
    ('oneo2647', 689),
    ('roaj2772', 690),
    ('wolk2355', 690),
    ('ramk2786', 691),
    ('cask2276', 691),
    ('dava2957', 692),
    ('bowa2434', 692),
    ('thoa2214', 693),
    ('berb2935', 693),
    ('eric2650', 694),
    ('odoc2244', 694),
    ('acoc2266', 695),
    ('cumc2912', 695),
    ('mild2911', 696),
    ('fred2905', 696),
    ('rivd2526', 697),
    ('wald2305', 697),
    ('maye2346', 698),
    ('came2297', 698),
    ('bree2261', 699),
    ('boof2315', 699),
    ('haag2349', 700),
    ('harh2326', 700),
    ('pauh2407', 701),
    ('henh2389', 701),
    ('wilj2942', 702),
    ('jacj2587', 702),
    ('osbj2887', 703),
    ('oneo2647', 703),
    ('roaj2772', 704),
    ('wolk2355', 704),
    ('ramk2786', 705),
    ('cask2276', 705),
    ('dava2957', 706),
    ('bowa2434', 706),
    ('thoa2214', 707),
    ('berb2935', 707),
    ('eric2650', 708),
    ('odoc2244', 708),
    ('acoc2266', 709),
    ('cumc2912', 709),
    ('mild2911', 710),
    ('fred2905', 710),
    ('rivd2526', 711),
    ('wald2305', 711),
    ('maye2346', 712),
    ('came2297', 712),
    ('bree2261', 713),
    ('boof2315', 713),
    ('haag2349', 714),
    ('harh2326', 714),
    ('pauh2407', 715),
    ('henh2389', 715),
    ('wilj2942', 716),
    ('jacj2587', 716),
    ('osbj2887', 717),
    ('oneo2647', 717),
    ('roaj2772', 718),
    ('wolk2355', 718),
    ('ramk2786', 719),
    ('cask2276', 719),
    ('dava2957', 720),
    ('bowa2434', 720),
    ('thoa2214', 721),
    ('berb2935', 721),
    ('eric2650', 722),
    ('odoc2244', 722),
    ('acoc2266', 723),
    ('cumc2912', 723),
    ('mild2911', 724),
    ('fred2905', 724),
    ('rivd2526', 725),
    ('wald2305', 725),
    ('maye2346', 726),
    ('came2297', 726),
    ('bree2261', 727),
    ('boof2315', 727),
    ('haag2349', 728),
    ('harh2326', 728),
    ('pauh2407', 729),
    ('henh2389', 729),
    ('wilj2942', 730),
    ('jacj2587', 730),
    ('osbj2887', 731),
    ('oneo2647', 731),
    ('roaj2772', 732),
    ('wolk2355', 732),
    ('ramk2786', 733),
    ('cask2276', 733),
    ('dava2957', 734),
    ('bowa2434', 734),
    ('thoa2214', 735),
    ('berb2935', 735),
    ('eric2650', 736),
    ('odoc2244', 736),
    ('acoc2266', 737),
    ('cumc2912', 737),
    ('mild2911', 738),
    ('fred2905', 738),
    ('rivd2526', 739),
    ('wald2305', 739),
    ('maye2346', 740),
    ('came2297', 740),
    ('bree2261', 741),
    ('boof2315', 741),
    ('haag2349', 742),
    ('harh2326', 742),
    ('pauh2407', 743),
    ('henh2389', 743),
    ('wilj2942', 744),
    ('jacj2587', 744),
    ('osbj2887', 745),
    ('oneo2647', 745),
    ('roaj2772', 746),
    ('wolk2355', 746),
    ('ramk2786', 747),
    ('cask2276', 747),
    ('dava2957', 748),
    ('bowa2434', 748),
    ('thoa2214', 749),
    ('berb2935', 749),
    ('eric2650', 750),
    ('odoc2244', 750),
    ('acoc2266', 751),
    ('cumc2912', 751),
    ('mild2911', 752),
    ('fred2905', 752),
    ('rivd2526', 753),
    ('wald2305', 753),
    ('maye2346', 754),
    ('came2297', 754),
    ('bree2261', 755),
    ('boof2315', 755),
    ('haag2349', 756),
    ('harh2326', 756),
    ('pauh2407', 757),
    ('henh2389', 757),
    ('wilj2942', 758),
    ('jacj2587', 758),
    ('osbj2887', 759),
    ('oneo2647', 759),
    ('roaj2772', 760),
    ('wolk2355', 760),
    ('ramk2786', 761),
    ('cask2276', 761),
    ('dava2957', 762),
    ('bowa2434', 762),
    ('thoa2214', 763),
    ('berb2935', 763),
    ('eric2650', 764),
    ('odoc2244', 764),
    ('acoc2266', 765),
    ('cumc2912', 765),
    ('mild2911', 766),
    ('fred2905', 766),
    ('rivd2526', 767),
    ('wald2305', 767),
    ('maye2346', 768),
    ('came2297', 768),
    ('bree2261', 769),
    ('boof2315', 769),
    ('haag2349', 770),
    ('harh2326', 770),
    ('pauh2407', 771),
    ('henh2389', 771),
    ('wilj2942', 772),
    ('jacj2587', 772),
    ('osbj2887', 773),
    ('oneo2647', 773),
    ('roaj2772', 774),
    ('wolk2355', 774),
    ('ramk2786', 775),
    ('cask2276', 775),
    ('dava2957', 776),
    ('bowa2434', 776),
    ('thoa2214', 777),
    ('berb2935', 777),
    ('eric2650', 778),
    ('odoc2244', 778),
    ('acoc2266', 779),
    ('cumc2912', 779),
    ('mild2911', 780),
    ('fred2905', 780),
    ('rivd2526', 781),
    ('wald2305', 781),
    ('maye2346', 782),
    ('came2297', 782),
    ('bree2261', 783),
    ('boof2315', 783),
    ('haag2349', 784),
    ('harh2326', 784),
    ('pauh2407', 785),
    ('henh2389', 785),
    ('wilj2942', 786),
    ('jacj2587', 786),
    ('osbj2887', 787),
    ('oneo2647', 787),
    ('roaj2772', 788),
    ('wolk2355', 788),
    ('ramk2786', 789),
    ('cask2276', 789),
    ('dava2957', 790),
    ('bowa2434', 790),
    ('thoa2214', 791),
    ('berb2935', 791),
    ('eric2650', 792),
    ('odoc2244', 792),
    ('acoc2266', 793),
    ('cumc2912', 793),
    ('mild2911', 794),
    ('fred2905', 794),
    ('rivd2526', 795),
    ('wald2305', 795),
    ('maye2346', 796),
    ('came2297', 796),
    ('bree2261', 797),
    ('boof2315', 797),
    ('haag2349', 798),
    ('harh2326', 798),
    ('pauh2407', 799),
    ('henh2389', 799),
    ('wilj2942', 800),
    ('jacj2587', 800),
    ('osbj2887', 801),
    ('oneo2647', 801),
    ('roaj2772', 802),
    ('wolk2355', 802),
    ('ramk2786', 803),
    ('cask2276', 803),
    ('dava2957', 804),
    ('bowa2434', 804),
    ('thoa2214', 805),
    ('berb2935', 805),
    ('eric2650', 806),
    ('odoc2244', 806),
    ('acoc2266', 807),
    ('cumc2912', 807),
    ('mild2911', 808),
    ('fred2905', 808),
    ('rivd2526', 809),
    ('wald2305', 809),
    ('maye2346', 810),
    ('came2297', 810),
    ('bree2261', 811),
    ('boof2315', 811),
    ('haag2349', 812),
    ('harh2326', 812),
    ('pauh2407', 813),
    ('henh2389', 813),
    ('wilj2942', 814),
    ('jacj2587', 814),
    ('osbj2887', 815),
    ('oneo2647', 815),
    ('roaj2772', 816),
    ('wolk2355', 816),
    ('ramk2786', 817),
    ('cask2276', 817),
    ('dava2957', 818),
    ('bowa2434', 818),
    ('thoa2214', 819),
    ('berb2935', 819),
    ('eric2650', 820),
    ('odoc2244', 820),
    ('acoc2266', 821),
    ('cumc2912', 821),
    ('mild2911', 822),
    ('fred2905', 822),
    ('rivd2526', 823),
    ('wald2305', 823),
    ('maye2346', 824),
    ('came2297', 824),
    ('bree2261', 825),
    ('boof2315', 825),
    ('haag2349', 826),
    ('harh2326', 826),
    ('pauh2407', 827),
    ('henh2389', 827),
    ('wilj2942', 828),
    ('jacj2587', 828),
    ('osbj2887', 829),
    ('oneo2647', 829),
    ('roaj2772', 830),
    ('wolk2355', 830),
    ('ramk2786', 831),
    ('cask2276', 831),
    ('dava2957', 832),
    ('bowa2434', 832),
    ('thoa2214', 833),
    ('berb2935', 833),
    ('eric2650', 834),
    ('odoc2244', 834),
    ('acoc2266', 835),
    ('cumc2912', 835),
    ('mild2911', 836),
    ('fred2905', 836),
    ('rivd2526', 837),
    ('wald2305', 837),
    ('maye2346', 838),
    ('came2297', 838),
    ('bree2261', 839),
    ('boof2315', 839),
    ('haag2349', 840),
    ('harh2326', 840),
    ('pauh2407', 841),
    ('henh2389', 841),
    ('wilj2942', 842),
    ('jacj2587', 842),
    ('osbj2887', 843),
    ('oneo2647', 843),
    ('roaj2772', 844),
    ('wolk2355', 844),
    ('ramk2786', 845),
    ('cask2276', 845),
    ('dava2957', 846),
    ('bowa2434', 846),
    ('thoa2214', 847),
    ('berb2935', 847),
    ('eric2650', 848),
    ('odoc2244', 848),
    ('acoc2266', 849),
    ('cumc2912', 849),
    ('mild2911', 850),
    ('fred2905', 850),
    ('rivd2526', 851),
    ('wald2305', 851),
    ('maye2346', 852),
    ('came2297', 852),
    ('bree2261', 853),
    ('boof2315', 853),
    ('haag2349', 854),
    ('harh2326', 854),
    ('pauh2407', 855),
    ('henh2389', 855),
    ('wilj2942', 856),
    ('jacj2587', 856),
    ('osbj2887', 857),
    ('oneo2647', 857),
    ('roaj2772', 858),
    ('wolk2355', 858),
    ('ramk2786', 859),
    ('cask2276', 859),
    ('dava2957', 860),
    ('bowa2434', 860),
    ('thoa2214', 861),
    ('berb2935', 861),
    ('eric2650', 862),
    ('odoc2244', 862),
    ('acoc2266', 863),
    ('cumc2912', 863),
    ('mild2911', 864),
    ('fred2905', 864),
    ('rivd2526', 865),
    ('wald2305', 865),
    ('maye2346', 866),
    ('came2297', 866),
    ('bree2261', 867),
    ('boof2315', 867),
    ('haag2349', 868),
    ('harh2326', 868),
    ('pauh2407', 869),
    ('henh2389', 869),
    ('wilj2942', 870),
    ('jacj2587', 870),
    ('osbj2887', 871),
    ('oneo2647', 871),
    ('roaj2772', 872),
    ('wolk2355', 872),
    ('ramk2786', 873),
    ('cask2276', 873),
    ('dava2957', 874),
    ('bowa2434', 874),
    ('thoa2214', 875),
    ('berb2935', 875),
    ('eric2650', 876),
    ('odoc2244', 876),
    ('acoc2266', 877),
    ('cumc2912', 877),
    ('mild2911', 878),
    ('fred2905', 878),
    ('rivd2526', 879),
    ('wald2305', 879),
    ('maye2346', 880),
    ('came2297', 880),
    ('bree2261', 881),
    ('boof2315', 881),
    ('haag2349', 882),
    ('harh2326', 882),
    ('pauh2407', 883),
    ('henh2389', 883),
    ('wilj2942', 884),
    ('jacj2587', 884),
    ('osbj2887', 885),
    ('oneo2647', 885),
    ('roaj2772', 886),
    ('wolk2355', 886),
    ('ramk2786', 887),
    ('cask2276', 887),
    ('dava2957', 888),
    ('bowa2434', 888),
    ('thoa2214', 889),
    ('berb2935', 889),
    ('eric2650', 890),
    ('odoc2244', 890),
    ('acoc2266', 891),
    ('cumc2912', 891),
    ('mild2911', 892),
    ('fred2905', 892),
    ('rivd2526', 893),
    ('wald2305', 893),
    ('maye2346', 894),
    ('came2297', 894),
    ('bree2261', 895),
    ('boof2315', 895),
    ('haag2349', 896),
    ('harh2326', 896),
    ('pauh2407', 897),
    ('henh2389', 897),
    ('wilj2942', 898),
    ('jacj2587', 898),
    ('osbj2887', 899),
    ('oneo2647', 899),
    ('roaj2772', 900),
    ('wolk2355', 900),
    ('ramk2786', 901),
    ('cask2276', 901),
    ('dava2957', 902),
    ('bowa2434', 902),
    ('thoa2214', 903),
    ('berb2935', 903),
    ('eric2650', 904),
    ('odoc2244', 904),
    ('acoc2266', 905),
    ('cumc2912', 905),
    ('mild2911', 906),
    ('fred2905', 906),
    ('rivd2526', 907),
    ('wald2305', 907),
    ('maye2346', 908),
    ('came2297', 908),
    ('bree2261', 909),
    ('boof2315', 909),
    ('haag2349', 910),
    ('harh2326', 910),
    ('pauh2407', 911),
    ('henh2389', 911),
    ('wilj2942', 912),
    ('jacj2587', 912),
    ('osbj2887', 913),
    ('oneo2647', 913),
    ('roaj2772', 914),
    ('wolk2355', 914),
    ('ramk2786', 915),
    ('cask2276', 915),
    ('dava2957', 916),
    ('bowa2434', 916),
    ('thoa2214', 917),
    ('berb2935', 917),
    ('eric2650', 918),
    ('odoc2244', 918),
    ('acoc2266', 919),
    ('cumc2912', 919),
    ('mild2911', 920),
    ('fred2905', 920),
    ('rivd2526', 921),
    ('wald2305', 921),
    ('maye2346', 922),
    ('came2297', 922),
    ('bree2261', 923),
    ('boof2315', 923),
    ('haag2349', 924),
    ('harh2326', 924),
    ('pauh2407', 925),
    ('henh2389', 925),
    ('wilj2942', 926),
    ('jacj2587', 926),
    ('osbj2887', 927),
    ('oneo2647', 927),
    ('roaj2772', 928),
    ('wolk2355', 928),
    ('ramk2786', 929),
    ('cask2276', 929),
    ('dava2957', 930),
    ('bowa2434', 930),
    ('thoa2214', 931),
    ('berb2935', 931),
    ('eric2650', 932),
    ('odoc2244', 932),
    ('acoc2266', 933),
    ('cumc2912', 933),
    ('mild2911', 934),
    ('fred2905', 934),
    ('rivd2526', 935),
    ('wald2305', 935),
    ('maye2346', 936),
    ('came2297', 936),
    ('bree2261', 937),
    ('boof2315', 937),
    ('haag2349', 938),
    ('harh2326', 938),
    ('pauh2407', 939),
    ('henh2389', 939),
    ('wilj2942', 940),
    ('jacj2587', 940),
    ('osbj2887', 941),
    ('oneo2647', 941),
    ('roaj2772', 942),
    ('wolk2355', 942),
    ('ramk2786', 943),
    ('cask2276', 943),
    ('dava2957', 944),
    ('bowa2434', 944),
    ('thoa2214', 945),
    ('berb2935', 945),
    ('eric2650', 946),
    ('odoc2244', 946),
    ('acoc2266', 947),
    ('cumc2912', 947),
    ('mild2911', 948),
    ('fred2905', 948),
    ('rivd2526', 949),
    ('wald2305', 949),
    ('maye2346', 950),
    ('came2297', 950),
    ('bree2261', 951),
    ('boof2315', 951),
    ('haag2349', 952),
    ('harh2326', 952),
    ('pauh2407', 953),
    ('henh2389', 953),
    ('wilj2942', 954),
    ('jacj2587', 954),
    ('osbj2887', 955),
    ('oneo2647', 955),
    ('roaj2772', 956),
    ('wolk2355', 956),
    ('ramk2786', 957),
    ('cask2276', 957),
    ('dava2957', 958),
    ('bowa2434', 958),
    ('thoa2214', 959),
    ('berb2935', 959),
    ('eric2650', 960),
    ('odoc2244', 960),
    ('acoc2266', 961),
    ('cumc2912', 961),
    ('mild2911', 962),
    ('fred2905', 962),
    ('rivd2526', 963),
    ('wald2305', 963),
    ('maye2346', 964),
    ('came2297', 964),
    ('bree2261', 965),
    ('boof2315', 965),
    ('haag2349', 966),
    ('harh2326', 966),
    ('pauh2407', 967),
    ('henh2389', 967),
    ('wilj2942', 968),
    ('jacj2587', 968),
    ('osbj2887', 969),
    ('oneo2647', 969),
    ('roaj2772', 970),
    ('wolk2355', 970),
    ('ramk2786', 971),
    ('cask2276', 971),
    ('dava2957', 972),
    ('bowa2434', 972),
    ('thoa2214', 973),
    ('berb2935', 973),
    ('eric2650', 974),
    ('odoc2244', 974),
    ('acoc2266', 975),
    ('cumc2912', 975),
    ('mild2911', 976),
    ('fred2905', 976),
    ('rivd2526', 977),
    ('wald2305', 977),
    ('maye2346', 978),
    ('came2297', 978),
    ('bree2261', 979),
    ('boof2315', 979),
    ('haag2349', 980),
    ('harh2326', 980),
    ('pauh2407', 981),
    ('henh2389', 981),
    ('wilj2942', 982),
    ('jacj2587', 982),
    ('osbj2887', 983),
    ('oneo2647', 983),
    ('roaj2772', 984),
    ('wolk2355', 984),
    ('ramk2786', 985),
    ('cask2276', 985);


-- Donnees de la table File
INSERT INTO File
VALUES
    (DEFAULT, '/Fichier/E23/GIF302/', 'consignes-memoire-approbation.txt'),
    (DEFAULT, '/Fichier/E23/GIF302/', 'consignes-rapport-sprint1.txt'),
    (DEFAULT, '/Fichier/E23/GIF302/', 'consignes-rapport-sprint2.txt'),
    (DEFAULT, '/Fichier/E23/GIF302/', 'consignes-rapport-postmortem.txt'),
    (DEFAULT, '/Fichier/E23/GIF302/', 'consignes-presentation-finale.txt'),
    (DEFAULT, '/Fichier/E23/GIF332/', 'consignes-rapport-app4.txt'),
    (DEFAULT, '/Fichier/E23/GIF350/', 'consignes-rapport-app1.txt'),
    (DEFAULT, '/Fichier/E23/GIF371/', 'consignes-rapport-app5.txt'),
    (DEFAULT, '/Fichier/E23/GIF380/', 'consignes-rapport-app6.txt'),
    (DEFAULT, '/Fichier/E23/GIF391/', 'consignes-rapport-app3.txt'),
    (DEFAULT, '/Fichier/E23/GIF620/', 'consignes-rapport-app2.txt'),
    (DEFAULT, '/Travaux/E23/GIF302/Memoire-approbation-projet/Equipe-1/', 'cip-2023-05-30-10:24:17.zip'),
    (DEFAULT, '/Travaux/E23/GIF302/Memoire-approbation-projet/Equipe-2/', 'cip-2023-06-01-03:51:50.zip'),
    (DEFAULT, '/Travaux/E23/GIF302/Memoire-approbation-projet/Equipe-3/', 'cip-2023-06-04-23:07:00.zip'),
    (DEFAULT, '/Travaux/E23/GIF302/Memoire-approbation-projet/Equipe-4/', 'cip-2023-05-31-14:54:01.zip'),
    (DEFAULT, '/Travaux/E23/GIF302/Memoire-approbation-projet/Equipe-5/', 'cip-2023-06-01-06:00:45.zip'),
    (DEFAULT, '/Travaux/E23/GIF302/Memoire-approbation-projet/Equipe-6/', 'cip-2023-06-02-06:37:29.zip'),
    (DEFAULT, '/Travaux/E23/GIF302/Memoire-approbation-projet/Equipe-7/', 'cip-2023-06-01-00:57:47.zip'),
    (DEFAULT, '/Travaux/E23/GIF302/Memoire-approbation-projet/Equipe-8/', 'cip-2023-05-29-10:41:46.zip'),
    (DEFAULT, '/Travaux/E23/GIF302/Memoire-approbation-projet/Equipe-9/', 'cip-2023-06-03-20:48:03.zip'),
    (DEFAULT, '/Travaux/E23/GIF302/Memoire-approbation-projet/Equipe-10/', 'cip-2023-05-30-08:51:08.zip'),
    (DEFAULT, '/Travaux/E23/GIF302/Memoire-approbation-projet/Equipe-11/', 'cip-2023-05-30-19:09:12.zip'),
    (DEFAULT, '/Travaux/E23/GIF302/Memoire-approbation-projet/Equipe-12/', 'cip-2023-06-04-12:40:57.zip'),
    (DEFAULT, '/Travaux/E23/GIF302/Memoire-approbation-projet/Equipe-13/', 'cip-2023-05-31-12:58:44.zip'),
    (DEFAULT, '/Travaux/E23/GIF302/Memoire-approbation-projet/Equipe-14/', 'cip-2023-06-03-22:30:58.zip'),
    (DEFAULT, '/Travaux/E23/GIF302/Rapport-sprint-1/Equipe-1/', 'cip-2023-07-11-06:08:31.zip'),
    (DEFAULT, '/Travaux/E23/GIF302/Rapport-sprint-1/Equipe-2/', 'cip-2023-07-07-13:32:28.zip'),
    (DEFAULT, '/Travaux/E23/GIF302/Rapport-sprint-1/Equipe-3/', 'cip-2023-07-07-07:34:56.zip'),
    (DEFAULT, '/Travaux/E23/GIF302/Rapport-sprint-1/Equipe-4/', 'cip-2023-07-09-10:16:42.zip'),
    (DEFAULT, '/Travaux/E23/GIF302/Rapport-sprint-1/Equipe-5/', 'cip-2023-07-07-03:22:25.zip'),
    (DEFAULT, '/Travaux/E23/GIF302/Rapport-sprint-1/Equipe-6/', 'cip-2023-07-08-15:19:26.zip'),
    (DEFAULT, '/Travaux/E23/GIF302/Rapport-sprint-1/Equipe-7/', 'cip-2023-07-07-14:53:55.zip'),
    (DEFAULT, '/Travaux/E23/GIF302/Rapport-sprint-1/Equipe-8/', 'cip-2023-07-10-10:27:27.zip'),
    (DEFAULT, '/Travaux/E23/GIF302/Rapport-sprint-1/Equipe-9/', 'cip-2023-07-06-03:20:41.zip'),
    (DEFAULT, '/Travaux/E23/GIF302/Rapport-sprint-1/Equipe-10/', 'cip-2023-07-09-18:41:31.zip'),
    (DEFAULT, '/Travaux/E23/GIF302/Rapport-sprint-1/Equipe-11/', 'cip-2023-07-05-01:41:26.zip'),
    (DEFAULT, '/Travaux/E23/GIF302/Rapport-sprint-1/Equipe-12/', 'cip-2023-07-11-17:14:56.zip'),
    (DEFAULT, '/Travaux/E23/GIF302/Rapport-sprint-1/Equipe-13/', 'cip-2023-07-06-03:54:04.zip'),
    (DEFAULT, '/Travaux/E23/GIF302/Rapport-sprint-1/Equipe-14/', 'cip-2023-07-09-14:38:16.zip'),
    (DEFAULT, '/Travaux/E23/GIF302/Rapport-sprint-2/Equipe-1/', 'cip-2023-07-28-09:09:45.zip'),
    (DEFAULT, '/Travaux/E23/GIF302/Rapport-sprint-2/Equipe-2/', 'cip-2023-07-24-12:32:34.zip'),
    (DEFAULT, '/Travaux/E23/GIF302/Rapport-sprint-2/Equipe-3/', 'cip-2023-07-24-19:29:47.zip'),
    (DEFAULT, '/Travaux/E23/GIF302/Rapport-sprint-2/Equipe-4/', 'cip-2023-07-25-03:53:11.zip'),
    (DEFAULT, '/Travaux/E23/GIF302/Rapport-sprint-2/Equipe-5/', 'cip-2023-07-29-07:50:58.zip'),
    (DEFAULT, '/Travaux/E23/GIF302/Rapport-sprint-2/Equipe-6/', 'cip-2023-07-28-18:17:27.zip'),
    (DEFAULT, '/Travaux/E23/GIF302/Rapport-sprint-2/Equipe-7/', 'cip-2023-07-24-03:46:34.zip'),
    (DEFAULT, '/Travaux/E23/GIF302/Rapport-sprint-2/Equipe-8/', 'cip-2023-07-28-01:39:34.zip'),
    (DEFAULT, '/Travaux/E23/GIF302/Rapport-sprint-2/Equipe-9/', 'cip-2023-07-24-11:45:34.zip'),
    (DEFAULT, '/Travaux/E23/GIF302/Rapport-sprint-2/Equipe-10/', 'cip-2023-07-27-03:11:40.zip'),
    (DEFAULT, '/Travaux/E23/GIF302/Rapport-sprint-2/Equipe-11/', 'cip-2023-07-30-22:22:10.zip'),
    (DEFAULT, '/Travaux/E23/GIF302/Rapport-sprint-2/Equipe-12/', 'cip-2023-07-29-12:58:24.zip'),
    (DEFAULT, '/Travaux/E23/GIF302/Rapport-sprint-2/Equipe-13/', 'cip-2023-07-29-14:33:36.zip'),
    (DEFAULT, '/Travaux/E23/GIF302/Rapport-sprint-2/Equipe-14/', 'cip-2023-07-27-20:33:56.zip'),
    (DEFAULT, '/Travaux/E23/GIF302/Rapport-postmortem/Equipe-1/', 'cip-2023-05-10-23:08:06.zip'),
    (DEFAULT, '/Travaux/E23/GIF302/Rapport-postmortem/Equipe-2/', 'cip-2023-05-15-19:30:17.zip'),
    (DEFAULT, '/Travaux/E23/GIF302/Rapport-postmortem/Equipe-3/', 'cip-2023-05-13-16:59:28.zip'),
    (DEFAULT, '/Travaux/E23/GIF302/Rapport-postmortem/Equipe-4/', 'cip-2023-05-11-10:42:22.zip'),
    (DEFAULT, '/Travaux/E23/GIF302/Rapport-postmortem/Equipe-5/', 'cip-2023-05-11-08:21:27.zip'),
    (DEFAULT, '/Travaux/E23/GIF302/Rapport-postmortem/Equipe-6/', 'cip-2023-05-15-03:56:23.zip'),
    (DEFAULT, '/Travaux/E23/GIF302/Rapport-postmortem/Equipe-7/', 'cip-2023-05-12-03:28:49.zip'),
    (DEFAULT, '/Travaux/E23/GIF302/Rapport-postmortem/Equipe-8/', 'cip-2023-05-14-04:33:44.zip'),
    (DEFAULT, '/Travaux/E23/GIF302/Rapport-postmortem/Equipe-9/', 'cip-2023-05-16-15:49:32.zip'),
    (DEFAULT, '/Travaux/E23/GIF302/Rapport-postmortem/Equipe-10/', 'cip-2023-05-14-05:05:27.zip'),
    (DEFAULT, '/Travaux/E23/GIF302/Rapport-postmortem/Equipe-11/', 'cip-2023-05-16-15:00:00.zip'),
    (DEFAULT, '/Travaux/E23/GIF302/Rapport-postmortem/Equipe-12/', 'cip-2023-05-13-23:29:43.zip'),
    (DEFAULT, '/Travaux/E23/GIF302/Rapport-postmortem/Equipe-13/', 'cip-2023-05-12-01:06:53.zip'),
    (DEFAULT, '/Travaux/E23/GIF302/Rapport-postmortem/Equipe-14/', 'cip-2023-05-15-03:22:09.zip'),
    (DEFAULT, '/Travaux/E23/GIF302/Presentation-finale/Equipe-1/', 'cip-2023-06-27-05:17:38.zip'),
    (DEFAULT, '/Travaux/E23/GIF302/Presentation-finale/Equipe-2/', 'cip-2023-06-30-17:11:07.zip'),
    (DEFAULT, '/Travaux/E23/GIF302/Presentation-finale/Equipe-3/', 'cip-2023-07-03-01:22:26.zip'),
    (DEFAULT, '/Travaux/E23/GIF302/Presentation-finale/Equipe-4/', 'cip-2023-06-29-08:23:55.zip'),
    (DEFAULT, '/Travaux/E23/GIF302/Presentation-finale/Equipe-5/', 'cip-2023-07-01-07:26:28.zip'),
    (DEFAULT, '/Travaux/E23/GIF302/Presentation-finale/Equipe-6/', 'cip-2023-06-30-18:43:47.zip'),
    (DEFAULT, '/Travaux/E23/GIF302/Presentation-finale/Equipe-7/', 'cip-2023-07-03-10:35:08.zip'),
    (DEFAULT, '/Travaux/E23/GIF302/Presentation-finale/Equipe-8/', 'cip-2023-07-02-13:10:26.zip'),
    (DEFAULT, '/Travaux/E23/GIF302/Presentation-finale/Equipe-9/', 'cip-2023-07-02-00:02:03.zip'),
    (DEFAULT, '/Travaux/E23/GIF302/Presentation-finale/Equipe-10/', 'cip-2023-06-28-17:26:17.zip'),
    (DEFAULT, '/Travaux/E23/GIF302/Presentation-finale/Equipe-11/', 'cip-2023-06-30-08:30:04.zip'),
    (DEFAULT, '/Travaux/E23/GIF302/Presentation-finale/Equipe-12/', 'cip-2023-07-03-21:21:41.zip'),
    (DEFAULT, '/Travaux/E23/GIF302/Presentation-finale/Equipe-13/', 'cip-2023-07-03-20:17:55.zip'),
    (DEFAULT, '/Travaux/E23/GIF302/Presentation-finale/Equipe-14/', 'cip-2023-06-30-14:28:56.zip'),
    (DEFAULT, '/Travaux/E23/GIF332/Rapport-S3-APP4/Equipe-1/', 'cip-2023-07-12-21:14:05.zip'),
    (DEFAULT, '/Travaux/E23/GIF332/Rapport-S3-APP4/Equipe-2/', 'cip-2023-07-13-21:13:26.zip'),
    (DEFAULT, '/Travaux/E23/GIF332/Rapport-S3-APP4/Equipe-3/', 'cip-2023-07-13-14:26:39.zip'),
    (DEFAULT, '/Travaux/E23/GIF332/Rapport-S3-APP4/Equipe-4/', 'cip-2023-07-18-16:33:20.zip'),
    (DEFAULT, '/Travaux/E23/GIF332/Rapport-S3-APP4/Equipe-5/', 'cip-2023-07-18-17:56:11.zip'),
    (DEFAULT, '/Travaux/E23/GIF332/Rapport-S3-APP4/Equipe-6/', 'cip-2023-07-18-03:43:52.zip'),
    (DEFAULT, '/Travaux/E23/GIF332/Rapport-S3-APP4/Equipe-7/', 'cip-2023-07-15-05:17:17.zip'),
    (DEFAULT, '/Travaux/E23/GIF332/Rapport-S3-APP4/Equipe-8/', 'cip-2023-07-15-06:44:11.zip'),
    (DEFAULT, '/Travaux/E23/GIF332/Rapport-S3-APP4/Equipe-9/', 'cip-2023-07-14-15:12:20.zip'),
    (DEFAULT, '/Travaux/E23/GIF332/Rapport-S3-APP4/Equipe-10/', 'cip-2023-07-13-13:26:02.zip'),
    (DEFAULT, '/Travaux/E23/GIF332/Rapport-S3-APP4/Equipe-11/', 'cip-2023-07-12-15:41:53.zip'),
    (DEFAULT, '/Travaux/E23/GIF332/Rapport-S3-APP4/Equipe-12/', 'cip-2023-07-14-03:44:04.zip'),
    (DEFAULT, '/Travaux/E23/GIF332/Rapport-S3-APP4/Equipe-13/', 'cip-2023-07-13-21:16:29.zip'),
    (DEFAULT, '/Travaux/E23/GIF332/Rapport-S3-APP4/Equipe-14/', 'cip-2023-07-14-15:39:42.zip'),
    (DEFAULT, '/Travaux/E23/GIF332/Rapport-S3-APP1/Equipe-1/', 'cip-2023-05-18-22:14:28.zip'),
    (DEFAULT, '/Travaux/E23/GIF332/Rapport-S3-APP1/Equipe-2/', 'cip-2023-05-20-09:41:32.zip'),
    (DEFAULT, '/Travaux/E23/GIF332/Rapport-S3-APP1/Equipe-3/', 'cip-2023-05-21-19:19:14.zip'),
    (DEFAULT, '/Travaux/E23/GIF332/Rapport-S3-APP1/Equipe-4/', 'cip-2023-05-21-21:30:08.zip'),
    (DEFAULT, '/Travaux/E23/GIF332/Rapport-S3-APP1/Equipe-5/', 'cip-2023-05-23-15:41:05.zip'),
    (DEFAULT, '/Travaux/E23/GIF332/Rapport-S3-APP1/Equipe-6/', 'cip-2023-05-21-19:27:27.zip'),
    (DEFAULT, '/Travaux/E23/GIF332/Rapport-S3-APP1/Equipe-7/', 'cip-2023-05-22-05:09:01.zip'),
    (DEFAULT, '/Travaux/E23/GIF332/Rapport-S3-APP1/Equipe-8/', 'cip-2023-05-22-18:08:32.zip'),
    (DEFAULT, '/Travaux/E23/GIF332/Rapport-S3-APP1/Equipe-9/', 'cip-2023-05-18-21:26:03.zip'),
    (DEFAULT, '/Travaux/E23/GIF332/Rapport-S3-APP1/Equipe-10/', 'cip-2023-05-22-00:10:33.zip'),
    (DEFAULT, '/Travaux/E23/GIF332/Rapport-S3-APP1/Equipe-11/', 'cip-2023-05-20-23:30:01.zip'),
    (DEFAULT, '/Travaux/E23/GIF332/Rapport-S3-APP1/Equipe-12/', 'cip-2023-05-22-18:42:48.zip'),
    (DEFAULT, '/Travaux/E23/GIF332/Rapport-S3-APP1/Equipe-13/', 'cip-2023-05-21-21:20:25.zip'),
    (DEFAULT, '/Travaux/E23/GIF332/Rapport-S3-APP1/Equipe-14/', 'cip-2023-05-24-08:54:17.zip'),
    (DEFAULT, '/Travaux/E23/GIF332/Rapport-S3-APP5/Equipe-1/', 'cip-2023-05-08-03:42:26.zip'),
    (DEFAULT, '/Travaux/E23/GIF332/Rapport-S3-APP5/Equipe-2/', 'cip-2023-05-06-11:51:00.zip'),
    (DEFAULT, '/Travaux/E23/GIF332/Rapport-S3-APP5/Equipe-3/', 'cip-2023-05-08-23:51:57.zip'),
    (DEFAULT, '/Travaux/E23/GIF332/Rapport-S3-APP5/Equipe-4/', 'cip-2023-05-07-11:49:02.zip'),
    (DEFAULT, '/Travaux/E23/GIF332/Rapport-S3-APP5/Equipe-5/', 'cip-2023-05-08-11:51:21.zip'),
    (DEFAULT, '/Travaux/E23/GIF332/Rapport-S3-APP5/Equipe-6/', 'cip-2023-05-06-20:29:04.zip'),
    (DEFAULT, '/Travaux/E23/GIF332/Rapport-S3-APP5/Equipe-7/', 'cip-2023-05-07-17:33:21.zip'),
    (DEFAULT, '/Travaux/E23/GIF332/Rapport-S3-APP5/Equipe-8/', 'cip-2023-05-04-22:54:15.zip'),
    (DEFAULT, '/Travaux/E23/GIF332/Rapport-S3-APP5/Equipe-9/', 'cip-2023-05-09-18:55:22.zip'),
    (DEFAULT, '/Travaux/E23/GIF332/Rapport-S3-APP5/Equipe-10/', 'cip-2023-05-05-13:25:23.zip'),
    (DEFAULT, '/Travaux/E23/GIF332/Rapport-S3-APP5/Equipe-11/', 'cip-2023-05-07-16:22:47.zip'),
    (DEFAULT, '/Travaux/E23/GIF332/Rapport-S3-APP5/Equipe-12/', 'cip-2023-05-05-22:25:48.zip'),
    (DEFAULT, '/Travaux/E23/GIF332/Rapport-S3-APP5/Equipe-13/', 'cip-2023-05-03-10:05:20.zip'),
    (DEFAULT, '/Travaux/E23/GIF332/Rapport-S3-APP5/Equipe-14/', 'cip-2023-05-09-23:34:58.zip'),
    (DEFAULT, '/Travaux/E23/GIF332/Rapport-S3-APP6/Equipe-1/', 'cip-2023-06-10-05:08:48.zip'),
    (DEFAULT, '/Travaux/E23/GIF332/Rapport-S3-APP6/Equipe-2/', 'cip-2023-06-13-08:58:34.zip'),
    (DEFAULT, '/Travaux/E23/GIF332/Rapport-S3-APP6/Equipe-3/', 'cip-2023-06-09-14:17:33.zip'),
    (DEFAULT, '/Travaux/E23/GIF332/Rapport-S3-APP6/Equipe-4/', 'cip-2023-06-10-01:41:38.zip'),
    (DEFAULT, '/Travaux/E23/GIF332/Rapport-S3-APP6/Equipe-5/', 'cip-2023-06-11-07:40:30.zip'),
    (DEFAULT, '/Travaux/E23/GIF332/Rapport-S3-APP6/Equipe-6/', 'cip-2023-06-11-06:55:53.zip'),
    (DEFAULT, '/Travaux/E23/GIF332/Rapport-S3-APP6/Equipe-7/', 'cip-2023-06-15-05:37:01.zip'),
    (DEFAULT, '/Travaux/E23/GIF332/Rapport-S3-APP6/Equipe-8/', 'cip-2023-06-13-14:00:38.zip'),
    (DEFAULT, '/Travaux/E23/GIF332/Rapport-S3-APP6/Equipe-9/', 'cip-2023-06-09-22:42:14.zip'),
    (DEFAULT, '/Travaux/E23/GIF332/Rapport-S3-APP6/Equipe-10/', 'cip-2023-06-10-19:54:41.zip'),
    (DEFAULT, '/Travaux/E23/GIF332/Rapport-S3-APP6/Equipe-11/', 'cip-2023-06-11-23:10:37.zip'),
    (DEFAULT, '/Travaux/E23/GIF332/Rapport-S3-APP6/Equipe-12/', 'cip-2023-06-14-06:53:55.zip'),
    (DEFAULT, '/Travaux/E23/GIF332/Rapport-S3-APP6/Equipe-13/', 'cip-2023-06-13-23:09:31.zip'),
    (DEFAULT, '/Travaux/E23/GIF332/Rapport-S3-APP6/Equipe-14/', 'cip-2023-06-13-09:27:52.zip'),
    (DEFAULT, '/Travaux/E23/GIF332/Rapport-S3-APP3/Equipe-1/', 'cip-2023-07-15-23:27:01.zip'),
    (DEFAULT, '/Travaux/E23/GIF332/Rapport-S3-APP3/Equipe-2/', 'cip-2023-07-13-07:19:33.zip'),
    (DEFAULT, '/Travaux/E23/GIF332/Rapport-S3-APP3/Equipe-3/', 'cip-2023-07-14-16:14:28.zip'),
    (DEFAULT, '/Travaux/E23/GIF332/Rapport-S3-APP3/Equipe-4/', 'cip-2023-07-13-18:05:19.zip'),
    (DEFAULT, '/Travaux/E23/GIF332/Rapport-S3-APP3/Equipe-5/', 'cip-2023-07-13-02:38:58.zip'),
    (DEFAULT, '/Travaux/E23/GIF332/Rapport-S3-APP3/Equipe-6/', 'cip-2023-07-12-16:19:57.zip'),
    (DEFAULT, '/Travaux/E23/GIF332/Rapport-S3-APP3/Equipe-7/', 'cip-2023-07-11-22:02:14.zip'),
    (DEFAULT, '/Travaux/E23/GIF332/Rapport-S3-APP3/Equipe-8/', 'cip-2023-07-15-01:07:16.zip'),
    (DEFAULT, '/Travaux/E23/GIF332/Rapport-S3-APP3/Equipe-9/', 'cip-2023-07-15-13:58:31.zip'),
    (DEFAULT, '/Travaux/E23/GIF332/Rapport-S3-APP3/Equipe-10/', 'cip-2023-07-11-20:41:08.zip'),
    (DEFAULT, '/Travaux/E23/GIF332/Rapport-S3-APP3/Equipe-11/', 'cip-2023-07-11-02:48:16.zip'),
    (DEFAULT, '/Travaux/E23/GIF332/Rapport-S3-APP3/Equipe-12/', 'cip-2023-07-14-12:38:07.zip'),
    (DEFAULT, '/Travaux/E23/GIF332/Rapport-S3-APP3/Equipe-13/', 'cip-2023-07-11-08:31:54.zip'),
    (DEFAULT, '/Travaux/E23/GIF332/Rapport-S3-APP3/Equipe-14/', 'cip-2023-07-14-02:34:08.zip'),
    (DEFAULT, '/Travaux/E23/GIF332/Rapport-S3-APP2/Equipe-1/', 'cip-2023-07-26-09:22:21.zip'),
    (DEFAULT, '/Travaux/E23/GIF332/Rapport-S3-APP2/Equipe-2/', 'cip-2023-07-24-04:16:09.zip'),
    (DEFAULT, '/Travaux/E23/GIF332/Rapport-S3-APP2/Equipe-3/', 'cip-2023-07-23-18:34:30.zip'),
    (DEFAULT, '/Travaux/E23/GIF332/Rapport-S3-APP2/Equipe-4/', 'cip-2023-07-26-21:52:51.zip'),
    (DEFAULT, '/Travaux/E23/GIF332/Rapport-S3-APP2/Equipe-5/', 'cip-2023-07-26-19:40:17.zip'),
    (DEFAULT, '/Travaux/E23/GIF332/Rapport-S3-APP2/Equipe-6/', 'cip-2023-07-24-07:18:40.zip'),
    (DEFAULT, '/Travaux/E23/GIF332/Rapport-S3-APP2/Equipe-7/', 'cip-2023-07-27-19:11:00.zip'),
    (DEFAULT, '/Travaux/E23/GIF332/Rapport-S3-APP2/Equipe-8/', 'cip-2023-07-26-02:43:48.zip'),
    (DEFAULT, '/Travaux/E23/GIF332/Rapport-S3-APP2/Equipe-9/', 'cip-2023-07-26-01:29:07.zip'),
    (DEFAULT, '/Travaux/E23/GIF332/Rapport-S3-APP2/Equipe-10/', 'cip-2023-07-23-08:44:11.zip'),
    (DEFAULT, '/Travaux/E23/GIF332/Rapport-S3-APP2/Equipe-11/', 'cip-2023-07-28-09:13:32.zip'),
    (DEFAULT, '/Travaux/E23/GIF332/Rapport-S3-APP2/Equipe-12/', 'cip-2023-07-24-06:07:54.zip'),
    (DEFAULT, '/Travaux/E23/GIF332/Rapport-S3-APP2/Equipe-13/', 'cip-2023-07-23-08:23:34.zip'),
    (DEFAULT, '/Travaux/E23/GIF332/Rapport-S3-APP2/Equipe-14/', 'cip-2023-07-26-01:30:21.zip');


-- Donnees de la table AssignmentFile
INSERT INTO AssignmentFile
VALUES
    (63, 1),
    (64, 2),
    (65, 3),
    (66, 4),
    (67, 5),
    (68, 6),
    (69, 7),
    (70, 8),
    (71, 9),
    (72, 10),
    (73, 11);


-- Donnees de la table TypeRemise
INSERT INTO TypeRemise
VALUES
    (DEFAULT, 'Etudiant'),
    (DEFAULT, 'Enseignant');


-- Donnees de la table HandedAssignment
INSERT INTO HandedAssignment
VALUES
    (DEFAULT, 832, 12, '2023-08-05 06:57:16', 1),
    (DEFAULT, 833, 13, '2023-08-06 16:26:11', 1),
    (DEFAULT, 834, 14, '2023-08-09 19:48:24', 1),
    (DEFAULT, 835, 15, '2023-08-03 20:48:54', 1),
    (DEFAULT, 836, 16, '2023-08-06 06:42:12', 1),
    (DEFAULT, 837, 17, '2023-08-04 00:56:30', 1),
    (DEFAULT, 838, 18, '2023-08-07 00:17:55', 1),
    (DEFAULT, 839, 19, '2023-08-07 02:17:24', 1),
    (DEFAULT, 840, 20, '2023-08-06 03:35:43', 1),
    (DEFAULT, 841, 21, '2023-08-08 18:57:57', 1),
    (DEFAULT, 842, 22, '2023-08-03 07:52:08', 1),
    (DEFAULT, 843, 23, '2023-08-09 18:55:27', 1),
    (DEFAULT, 844, 24, '2023-08-06 14:07:23', 1),
    (DEFAULT, 845, 25, '2023-08-08 03:32:18', 1),
    (DEFAULT, 846, 26, '2023-07-30 20:15:23', 1),
    (DEFAULT, 847, 27, '2023-07-26 09:05:59', 1),
    (DEFAULT, 848, 28, '2023-07-27 10:50:31', 1),
    (DEFAULT, 849, 29, '2023-07-28 03:25:49', 1),
    (DEFAULT, 850, 30, '2023-07-29 15:30:55', 1),
    (DEFAULT, 851, 31, '2023-07-27 17:42:05', 1),
    (DEFAULT, 852, 32, '2023-07-25 19:00:21', 1),
    (DEFAULT, 853, 33, '2023-07-25 14:25:08', 1),
    (DEFAULT, 854, 34, '2023-07-29 23:07:15', 1),
    (DEFAULT, 855, 35, '2023-07-25 16:19:07', 1),
    (DEFAULT, 856, 36, '2023-07-29 23:35:07', 1),
    (DEFAULT, 857, 37, '2023-07-26 03:58:51', 1),
    (DEFAULT, 858, 38, '2023-07-26 10:59:35', 1),
    (DEFAULT, 859, 39, '2023-07-28 04:27:46', 1),
    (DEFAULT, 860, 40, '2023-05-17 21:52:43', 1),
    (DEFAULT, 861, 41, '2023-05-13 08:58:04', 1),
    (DEFAULT, 862, 42, '2023-05-12 13:05:46', 1),
    (DEFAULT, 863, 43, '2023-05-14 15:37:10', 1),
    (DEFAULT, 864, 44, '2023-05-17 00:38:29', 1),
    (DEFAULT, 865, 45, '2023-05-13 19:28:52', 1),
    (DEFAULT, 866, 46, '2023-05-13 17:09:06', 1),
    (DEFAULT, 867, 47, '2023-05-16 12:26:09', 1),
    (DEFAULT, 868, 48, '2023-05-15 12:29:48', 1),
    (DEFAULT, 869, 49, '2023-05-16 05:39:59', 1),
    (DEFAULT, 870, 50, '2023-05-14 21:54:34', 1),
    (DEFAULT, 871, 51, '2023-05-17 20:00:08', 1),
    (DEFAULT, 872, 52, '2023-05-18 10:14:09', 1),
    (DEFAULT, 873, 53, '2023-05-18 00:57:46', 1),
    (DEFAULT, 874, 54, '2023-05-11 09:51:34', 1),
    (DEFAULT, 875, 55, '2023-05-14 02:13:06', 1),
    (DEFAULT, 876, 56, '2023-05-14 00:16:59', 1),
    (DEFAULT, 877, 57, '2023-05-14 11:19:04', 1),
    (DEFAULT, 878, 58, '2023-05-14 19:17:05', 1),
    (DEFAULT, 879, 59, '2023-05-16 13:09:55', 1),
    (DEFAULT, 880, 60, '2023-05-12 14:26:41', 1),
    (DEFAULT, 881, 61, '2023-05-10 05:18:41', 1),
    (DEFAULT, 882, 62, '2023-05-11 19:22:02', 1),
    (DEFAULT, 883, 63, '2023-05-11 00:00:11', 1),
    (DEFAULT, 884, 64, '2023-05-13 12:20:51', 1),
    (DEFAULT, 885, 65, '2023-05-14 06:55:48', 1),
    (DEFAULT, 886, 66, '2023-05-16 12:43:02', 1),
    (DEFAULT, 887, 67, '2023-05-11 21:49:50', 1),
    (DEFAULT, 888, 68, '2023-06-17 10:05:46', 1),
    (DEFAULT, 889, 69, '2023-06-14 01:43:46', 1),
    (DEFAULT, 890, 70, '2023-06-13 23:33:05', 1),
    (DEFAULT, 891, 71, '2023-06-17 09:14:24', 1),
    (DEFAULT, 892, 72, '2023-06-16 23:46:13', 1),
    (DEFAULT, 893, 73, '2023-06-16 10:15:42', 1),
    (DEFAULT, 894, 74, '2023-06-18 18:36:32', 1),
    (DEFAULT, 895, 75, '2023-06-16 16:04:01', 1),
    (DEFAULT, 896, 76, '2023-06-14 07:18:38', 1),
    (DEFAULT, 897, 77, '2023-06-17 12:03:29', 1),
    (DEFAULT, 898, 78, '2023-06-15 05:14:31', 1),
    (DEFAULT, 899, 79, '2023-06-16 05:24:29', 1),
    (DEFAULT, 900, 80, '2023-06-17 05:43:38', 1),
    (DEFAULT, 901, 81, '2023-06-15 04:45:18', 1),
    (DEFAULT, 902, 82, '2023-07-19 10:48:32', 1),
    (DEFAULT, 903, 83, '2023-07-20 03:41:30', 1),
    (DEFAULT, 904, 84, '2023-07-23 11:41:23', 1),
    (DEFAULT, 905, 85, '2023-07-24 12:47:01', 1),
    (DEFAULT, 906, 86, '2023-07-22 12:47:07', 1),
    (DEFAULT, 907, 87, '2023-07-20 20:14:28', 1),
    (DEFAULT, 908, 88, '2023-07-24 13:51:57', 1),
    (DEFAULT, 909, 89, '2023-07-19 04:31:35', 1),
    (DEFAULT, 910, 90, '2023-07-23 09:26:38', 1),
    (DEFAULT, 911, 91, '2023-07-20 02:18:46', 1),
    (DEFAULT, 912, 92, '2023-07-24 19:28:35', 1),
    (DEFAULT, 913, 93, '2023-07-20 09:11:30', 1),
    (DEFAULT, 914, 94, '2023-07-20 08:43:08', 1),
    (DEFAULT, 915, 95, '2023-07-22 11:13:00', 1),
    (DEFAULT, 916, 96, '2023-05-15 18:20:24', 1),
    (DEFAULT, 917, 97, '2023-05-10 15:28:21', 1),
    (DEFAULT, 918, 98, '2023-05-14 04:36:54', 1),
    (DEFAULT, 919, 99, '2023-05-14 07:05:53', 1),
    (DEFAULT, 920, 100, '2023-05-13 21:02:07', 1),
    (DEFAULT, 921, 101, '2023-05-15 11:01:10', 1),
    (DEFAULT, 922, 102, '2023-05-11 10:17:15', 1),
    (DEFAULT, 923, 103, '2023-05-11 09:27:53', 1),
    (DEFAULT, 924, 104, '2023-05-12 01:14:46', 1),
    (DEFAULT, 925, 105, '2023-05-12 14:23:04', 1),
    (DEFAULT, 926, 106, '2023-05-11 10:39:33', 1),
    (DEFAULT, 927, 107, '2023-05-11 10:40:52', 1),
    (DEFAULT, 928, 108, '2023-05-12 16:33:28', 1),
    (DEFAULT, 929, 109, '2023-05-13 19:19:04', 1),
    (DEFAULT, 930, 110, '2023-05-26 02:00:19', 1),
    (DEFAULT, 931, 111, '2023-05-27 11:17:02', 1),
    (DEFAULT, 932, 112, '2023-05-31 07:19:57', 1),
    (DEFAULT, 933, 113, '2023-05-28 01:13:23', 1),
    (DEFAULT, 934, 114, '2023-05-28 08:25:51', 1),
    (DEFAULT, 935, 115, '2023-05-25 04:40:19', 1),
    (DEFAULT, 936, 116, '2023-05-26 22:42:41', 1),
    (DEFAULT, 937, 117, '2023-05-30 19:12:18', 1),
    (DEFAULT, 938, 118, '2023-05-31 09:06:38', 1),
    (DEFAULT, 939, 119, '2023-05-30 01:13:57', 1),
    (DEFAULT, 940, 120, '2023-05-29 03:04:45', 1),
    (DEFAULT, 941, 121, '2023-05-29 17:51:45', 1),
    (DEFAULT, 942, 122, '2023-05-26 22:48:22', 1),
    (DEFAULT, 943, 123, '2023-05-27 00:15:55', 1),
    (DEFAULT, 944, 124, '2023-05-20 11:22:32', 1),
    (DEFAULT, 945, 125, '2023-05-20 18:35:12', 1),
    (DEFAULT, 946, 126, '2023-05-15 10:37:27', 1),
    (DEFAULT, 947, 127, '2023-05-20 11:54:57', 1),
    (DEFAULT, 948, 128, '2023-05-14 21:04:55', 1),
    (DEFAULT, 949, 129, '2023-05-15 17:38:34', 1),
    (DEFAULT, 950, 130, '2023-05-15 09:21:43', 1),
    (DEFAULT, 951, 131, '2023-05-16 18:52:18', 1),
    (DEFAULT, 952, 132, '2023-05-20 12:20:58', 1),
    (DEFAULT, 953, 133, '2023-05-15 00:17:23', 1),
    (DEFAULT, 954, 134, '2023-05-14 02:42:47', 1),
    (DEFAULT, 955, 135, '2023-05-14 13:14:03', 1),
    (DEFAULT, 956, 136, '2023-05-19 18:41:11', 1),
    (DEFAULT, 957, 137, '2023-05-20 08:47:54', 1),
    (DEFAULT, 958, 138, '2023-06-28 19:06:47', 1),
    (DEFAULT, 959, 139, '2023-07-03 15:22:04', 1),
    (DEFAULT, 960, 140, '2023-06-30 05:55:48', 1),
    (DEFAULT, 961, 141, '2023-07-03 17:39:23', 1),
    (DEFAULT, 962, 142, '2023-06-29 09:49:29', 1),
    (DEFAULT, 963, 143, '2023-06-28 05:40:16', 1),
    (DEFAULT, 964, 144, '2023-07-03 08:02:54', 1),
    (DEFAULT, 965, 145, '2023-07-04 15:40:43', 1),
    (DEFAULT, 966, 146, '2023-07-04 07:50:36', 1),
    (DEFAULT, 967, 147, '2023-07-02 17:58:40', 1),
    (DEFAULT, 968, 148, '2023-06-28 19:08:43', 1),
    (DEFAULT, 969, 149, '2023-06-30 01:47:03', 1),
    (DEFAULT, 970, 150, '2023-07-01 22:06:27', 1),
    (DEFAULT, 971, 151, '2023-06-30 23:51:14', 1),
    (DEFAULT, 972, 152, '2023-07-19 22:52:17', 1),
    (DEFAULT, 973, 153, '2023-07-21 17:22:10', 1),
    (DEFAULT, 974, 154, '2023-07-23 07:17:34', 1),
    (DEFAULT, 975, 155, '2023-07-22 18:02:22', 1),
    (DEFAULT, 976, 156, '2023-07-24 22:24:43', 1),
    (DEFAULT, 977, 157, '2023-07-22 07:33:59', 1),
    (DEFAULT, 978, 158, '2023-07-19 02:41:28', 1),
    (DEFAULT, 979, 159, '2023-07-20 06:49:48', 1),
    (DEFAULT, 980, 160, '2023-07-23 06:30:00', 1),
    (DEFAULT, 981, 161, '2023-07-23 22:50:59', 1),
    (DEFAULT, 982, 162, '2023-07-21 17:13:57', 1),
    (DEFAULT, 983, 163, '2023-07-25 08:46:05', 1),
    (DEFAULT, 984, 164, '2023-07-24 16:12:19', 1),
    (DEFAULT, 985, 165, '2023-07-24 13:05:35', 1);