-- INSERTION DE FAUSSES DONNEES DANS LA BASE DE DONNEES DE DEPOT DE TRAVAUX

-- Donnees de la table Session
INSERT INTO Session
VALUES
    (DEFAULT, 'Automne 2022', '2022-08-29 00:00:00', '2022-12-23 23:59:59.999999'),
    (DEFAULT, 'Hiver 2023', '2023-01-05 00:00:00', '2023-04-28 23:59:59.999999'),
    (DEFAULT, 'Ete 2023', '2023-05-01 00:00:00', '2023-08-16 23:59:59.999999');


-- Donnees de la table Class
INSERT INTO Class
VALUES
    (DEFAULT, 'GEN101', 'Résolution de problème et conception en génie'),
    (DEFAULT, 'GEN111', 'La communication et le travail en équipe'),
    (DEFAULT, 'GEN122', 'Équations différentielles linéaires'),
    (DEFAULT, 'GEN135', 'Circuits électriques I'),
    (DEFAULT, 'GEN136', 'Circuits électriques II'),
    (DEFAULT, 'GEN181', 'Modélisation 3D'),
    (DEFAULT, 'GEN145', 'Atelier de programmation'),
    (DEFAULT, 'GEN146', 'Introduction à la programmation et aux algorithmes'),
    (DEFAULT, 'GEN170', 'Réalisation et mesure de circuits électriques'),
    (DEFAULT, 'GEN182', 'Modélisation 2D'),
    (DEFAULT, 'GEN124', 'Mathématiques de base pour l''ingénieur'),
    (DEFAULT, 'GEN134', 'Électricité et magnétisme'),
    (DEFAULT, 'GEN137', 'Électricité et circuits électriques'),
    (DEFAULT, 'GEN200', 'Conception d''un système électronique et informatique'),
    (DEFAULT, 'GEN211', 'Mathématiques des signaux à temps continu'),
    (DEFAULT, 'GEN230', 'Électronique analogique I'),
    (DEFAULT, 'GEN241', 'Modélisation et programmation orientées objet'),
    (DEFAULT, 'GEN272', 'Ingénierie durable et évaluation des impacts environnementaux'),
    (DEFAULT, 'GIF242', 'Concepts avancés en programmation orientée objet'),
    (DEFAULT, 'GIF250', 'Interfaces utilisateurs graphiques'),
    (DEFAULT, 'GIF270', 'Structures de données et complexité'),
    (DEFAULT, 'GIN120', 'Santé et sécurité du travail'),
    (DEFAULT, 'GIF302', 'Conception d''un système informatique distribué'),
    (DEFAULT, 'GIF332', 'Réseaux et protocoles de communication'),
    (DEFAULT, 'GIF333', 'Théorie des groupes et algèbre abstraite en ingénierie'),
    (DEFAULT, 'GIF350', 'Modèles de conception'),
    (DEFAULT, 'GIF371', 'Ondes guidées'),
    (DEFAULT, 'GIF380', 'Sécurité informatique et cryptographie'),
    (DEFAULT, 'GIF391', 'Systèmes distribués et informatique en nuage'),
    (DEFAULT, 'GIF620', 'Bases de données'),
    (DEFAULT, 'GEN420', 'Mathématiques des circuits logiques'),
    (DEFAULT, 'GEN430', 'Circuits logiques'),
    (DEFAULT, 'GEN490', 'Innovation et création de produits'),
    (DEFAULT, 'GIF310', 'Architecture et organisation des ordinateurs'),
    (DEFAULT, 'GIF340', 'Éléments de compilation'),
    (DEFAULT, 'GIF402', 'Conception d''un système ordiné'),
    (DEFAULT, 'GIF470', 'Physique des portes logiques'),
    (DEFAULT, 'GEN441', 'Mécanique pour ingénieurs'),
    (DEFAULT, 'GEN550', 'Impacts éthiques du développement technologique en ingénierie'),
    (DEFAULT, 'GIF501', 'Conception d''un système de simulation'),
    (DEFAULT, 'GIF570', 'Traitement numérique des signaux'),
    (DEFAULT, 'GIF590', 'Méthodes numériques'),
    (DEFAULT, 'GIF591', 'Probabilités et statistiques'),
    (DEFAULT, 'GIF592', 'Espaces vectoriels'),
    (DEFAULT, 'GIF642', 'Système d''exploitation'),
    (DEFAULT, 'GIF643', 'Programmation concurrente'),
    (DEFAULT, 'GIF644', 'Systèmes temps réel'),
    (DEFAULT, 'GIF672', 'Interfaces entrées sorties'),
    (DEFAULT, 'GIF673', 'Réseaux sans fil'),
    (DEFAULT, 'GIF675', 'Objets connectés'),
    (DEFAULT, 'GIF680', 'Physique des matériaux et capteurs'),
    (DEFAULT, 'GIF685', 'Chimie de l''alimentation électrique'),
    (DEFAULT, 'GIF692', 'Physique des ondes'),
    (DEFAULT, 'PMC660', 'Projet majeur de conception I'),
    (DEFAULT, 'GEN700', 'Analyse économique en ingénierie'),
    (DEFAULT, 'PMC760', 'Projet majeur de conception II'),
    (DEFAULT, 'GEN800', 'Formation professionnelle en génie'),
    (DEFAULT, 'GIN521', 'Droit et ingénierie'),
    (DEFAULT, 'PMC860', 'Projet majeur de conception III'),
    (DEFAULT, 'GEI788', 'Conception de circuits imprimés multicouches'),
    (DEFAULT, 'GEI789', 'Conception de circuits électroniques complexes'),
    (DEFAULT, 'GRO720', 'Réseaux de neurones artificiels à apprentissage supervisé'),
    (DEFAULT, 'GRO721', 'Réseaux de neurones convolutifs en traitement d''images'),
    (DEFAULT, 'GRO722', 'Réseaux de neurones récurrents'),
    (DEFAULT, 'BGE721', 'Modélisation en conception d''instruments médicaux'),
    (DEFAULT, 'BGM722', 'Conception interdisciplinaire en bio-ingénierie'),
    (DEFAULT, 'GEI780', 'Modélisation des signaux numériques'),
    (DEFAULT, 'GEI781', 'Quantification des signaux'),
    (DEFAULT, 'GEI890', 'Préparation de données pour systèmes intelligents'),
    (DEFAULT, 'GEI895', 'Conception de systèmes intelligents'),
    (DEFAULT, 'GEI794', 'Principes avancés de conception par objets'),
    (DEFAULT, 'GEI797', 'Développement lean en génie informatique'),
    (DEFAULT, 'GEI798', 'Développement de programmes concurrents'),
    (DEFAULT, 'GEI744', 'Commande de robots redondants'),
    (DEFAULT, 'GEI745', 'Modélisation de robots manipulateurs'),
    (DEFAULT, 'GEI760', 'Techniques avancées de cryptographie'),
    (DEFAULT, 'GEI761', 'Télématique et protocoles sécurisés'),
    (DEFAULT, 'GEI762', 'Sécurité des systèmes informatiques'),
    (DEFAULT, 'GEI771', 'Programmation sécurisée'),
    (DEFAULT, 'GEI772', 'Sécurité web'),
    (DEFAULT, 'GEI773', 'Introduction à l''investigation numérique'),
    (DEFAULT, 'GIN502', 'Sécurité dans les groupes techniques I'),
    (DEFAULT, 'GIN503', 'Sécurité dans les groupes techniques II'),
    (DEFAULT, 'GIN504', 'Introduction à l''analyse des risques');


-- Donnees de la table SessionClass
INSERT INTO SessionClass
VALUES
    (1, 1),
    (1, 2),
    (1, 3),
    (1, 4),
    (1, 5),
    (1, 6),
    (1, 7),
    (1, 8),
    (1, 9),
    (1, 10),
    (1, 11),
    (1, 12),
    (1, 13),
    (2, 14),
    (2, 15),
    (2, 16),
    (2, 17),
    (2, 18),
    (2, 19),
    (2, 20),
    (2, 21),
    (2, 22),
    (3, 23),
    (3, 24),
    (3, 25),
    (3, 26),
    (3, 27),
    (3, 28),
    (3, 29),
    (3, 30);


-- Donnees de la table NoGroup
INSERT INTO NoGroup
VALUES
    (DEFAULT, '01', 'Groupe 01'),
    (DEFAULT, '02', 'Groupe 02'),
    (DEFAULT, '03', 'Groupe 03'),
    (DEFAULT, '04', 'Groupe 04'),
    (DEFAULT, '05', 'Groupe 05');


-- Donnees de la table Groupe
INSERT INTO Groupe
VALUES
    (DEFAULT, 1, 1, 1),
    (DEFAULT, 1, 1, 2),
    (DEFAULT, 2, 1, 1),
    (DEFAULT, 2, 1, 2),
    (DEFAULT, 3, 1, 1),
    (DEFAULT, 3, 1, 2),
    (DEFAULT, 4, 1, 1),
    (DEFAULT, 4, 1, 2),
    (DEFAULT, 5, 1, 1),
    (DEFAULT, 5, 1, 2),
    (DEFAULT, 6, 1, 1),
    (DEFAULT, 6, 1, 2),
    (DEFAULT, 7, 1, 1),
    (DEFAULT, 7, 1, 2),
    (DEFAULT, 8, 1, 1),
    (DEFAULT, 8, 1, 2),
    (DEFAULT, 9, 1, 1),
    (DEFAULT, 9, 1, 2),
    (DEFAULT, 10, 1, 1),
    (DEFAULT, 10, 1, 2),
    (DEFAULT, 11, 1, 1),
    (DEFAULT, 11, 1, 2),
    (DEFAULT, 12, 1, 1),
    (DEFAULT, 12, 1, 2),
    (DEFAULT, 13, 1, 1),
    (DEFAULT, 13, 1, 2),
    (DEFAULT, 14, 2, 1),
    (DEFAULT, 15, 2, 1),
    (DEFAULT, 16, 2, 1),
    (DEFAULT, 17, 2, 1),
    (DEFAULT, 18, 2, 1),
    (DEFAULT, 19, 2, 1),
    (DEFAULT, 20, 2, 1),
    (DEFAULT, 21, 2, 1),
    (DEFAULT, 22, 2, 1),
    (DEFAULT, 23, 3, 1),
    (DEFAULT, 24, 3, 1),
    (DEFAULT, 25, 3, 1),
    (DEFAULT, 26, 3, 1),
    (DEFAULT, 27, 3, 1),
    (DEFAULT, 28, 3, 1),
    (DEFAULT, 29, 3, 1),
    (DEFAULT, 30, 3, 1);


-- Donnees de la table Member
--Etudiants
INSERT INTO Member
VALUES
    ('aubj1202'),
    ('aubo1502'),
    ('barr1306'),
    ('bele0801'),
    ('bele1103'),
    ('bild2707'),
    ('bils2704'),
    ('boie0601'),
    ('bour0703'),
    ('brel0901'),
    ('cake0801'),
    ('canb1801'),
    ('cany2101'),
    ('carv0701'),
    ('caua1101'),
    ('chab1704'),
    ('clof1603'),
    ('cotr3901'),
    ('dufj2908'),
    ('durp2003'),
    ('gell3101'),
    ('gerz0501'),
    ('guea0902'),
    ('houy2303'),
    ('jace1402'),
    ('jans2001'),
    ('keib3201'),
    ('keif1201'),
    ('kilv1201'),
    ('labc0301'),
    ('labg0902'),
    ('laby1302'),
    ('laft1301'),
    ('lals1003'),
    ('lamg0502'),
    ('lanj2131'),
    ('lant1401'),
    ('lavd2311'),
    ('lavm1927'),
    ('lavm2134'),
    ('pagm1302'),
    ('rerm1001'),
    ('robw1901'),
    ('ronk2602'),
    ('roua0701'),
    ('sehk2201'),
    ('sevm1802'),
    ('sinn1901'),
    ('sowa0801'),
    ('stao0901'),
    ('stds2101'),
    ('thip0901'),
    ('trew1501'),
    ('tria1001'),
    ('trus1706'),
    ('turv5324'),
    ('alap1201'),
    ('audm1201'),
    ('berx1201'),
    ('bisz1301');




-- Enseignants
-- INSERT INTO Member
-- VALUES
--     ('brub2146'),
--     ('turs2482'),
--     ('logm2640'),
--     ('mcmm2572'),
--     ('wanl2493'),
--     ('navl2406'),
--     ('blac2719'),
--     ('hodg2298'),
--     ('yats2820'),
--     ('shem2796'),




-- Donnee de la table Role
INSERT INTO Role
VALUES
    (DEFAULT, 'Etudiant'),
    (DEFAULT, 'Enseignant'),
    (DEFAULT, 'Auxilliaire');


-- Donnees de la table GroupMember
INSERT INTO GroupMember
values
    ('trus1706', 1, 2),
    ('aubj1202', 1, 1),
    ('aubo1502', 1, 1),
    ('barr1306', 1, 1),
    ('bele0801', 1, 1),
    ('bele1103', 1, 1),
    ('bild2707', 1, 1),
    ('bils2704', 1, 1),
    ('boie0601', 1, 1),
    ('bour0703', 1, 1),
    ('brel0901', 1, 1),
    ('cake0801', 1, 1),
    ('canb1801', 1, 1),
    ('cany2101', 1, 1),
    ('carv0701', 1, 1),
    ('caua1101', 1, 1),
    ('chab1704', 1, 1),
    ('clof1603', 1, 1),
    ('cotr3901', 1, 1),
    ('dufj2908', 1, 1),
    ('durp2003', 1, 1),
    ('gell3101', 1, 1),
    ('gerz0501', 1, 1),
    ('guea0902', 1, 1),
    ('houy2303', 1, 1),
    ('jace1402', 1, 1),
    ('jans2001', 1, 1),
    ('keib3201', 1, 1),
    ('keif1201', 1, 1),
    ('bild2707', 2, 2),
    ('kilv1201', 2, 1),
    ('labc0301', 2, 1),
    ('labg0902', 2, 1),
    ('laby1302', 2, 1),
    ('laft1301', 2, 1),
    ('lals1003', 2, 1),
    ('lamg0502', 2, 1),
    ('lanj2131', 2, 1),
    ('lant1401', 2, 1),
    ('lavd2311', 2, 1),
    ('lavm1927', 2, 1),
    ('lavm2134', 2, 1),
    ('pagm1302', 2, 1),
    ('rerm1001', 2, 1),
    ('robw1901', 2, 1),
    ('ronk2602', 2, 1),
    ('roua0701', 2, 1),
    ('sehk2201', 2, 1),
    ('sevm1802', 2, 1),
    ('sinn1901', 2, 1),
    ('sowa0801', 2, 1),
    ('stao0901', 2, 1),
    ('stds2101', 2, 1),
    ('thip0901', 2, 1),
    ('trew1501', 2, 1),
    ('tria1001', 2, 1),
    ('trus1706', 2, 1),
    ('turv5324', 2, 1),
    ('alap1201', 2, 1),
    ('audm1201', 2, 1),
    ('berx1201', 2, 1),
    ('bisz1301', 2, 1),
    ('bild2707', 3, 2),
    ('aubj1202', 3, 1),
    ('aubo1502', 3, 1),
    ('barr1306', 3, 1),
    ('bele0801', 3, 1),
    ('bele1103', 3, 1),
    ('bild2707', 3, 1),
    ('bils2704', 3, 1),
    ('boie0601', 3, 1),
    ('bour0703', 3, 1),
    ('brel0901', 3, 1),
    ('cake0801', 3, 1),
    ('canb1801', 3, 1),
    ('cany2101', 3, 1),
    ('carv0701', 3, 1),
    ('caua1101', 3, 1),
    ('chab1704', 3, 1),
    ('clof1603', 3, 1),
    ('cotr3901', 3, 1),
    ('dufj2908', 3, 1),
    ('durp2003', 3, 1),
    ('gell3101', 3, 1),
    ('gerz0501', 3, 1),
    ('guea0902', 3, 1),
    ('houy2303', 3, 1),
    ('jace1402', 3, 1),
    ('jans2001', 3, 1),
    ('keib3201', 3, 1),
    ('keif1201', 3, 1),
    ('bild2707', 4, 2),
    ('kilv1201', 4, 1),
    ('labc0301', 4, 1),
    ('labg0902', 4, 1),
    ('laby1302', 4, 1),
    ('laft1301', 4, 1),
    ('lals1003', 4, 1),
    ('lamg0502', 4, 1),
    ('lanj2131', 4, 1),
    ('lant1401', 4, 1),
    ('lavd2311', 4, 1),
    ('lavm1927', 4, 1),
    ('lavm2134', 4, 1),
    ('pagm1302', 4, 1),
    ('rerm1001', 4, 1),
    ('robw1901', 4, 1),
    ('ronk2602', 4, 1),
    ('roua0701', 4, 1),
    ('sehk2201', 4, 1),
    ('sevm1802', 4, 1),
    ('sinn1901', 4, 1),
    ('sowa0801', 4, 1),
    ('stao0901', 4, 1),
    ('stds2101', 4, 1),
    ('thip0901', 4, 1),
    ('trew1501', 4, 1),
    ('tria1001', 4, 1),
    ('trus1706', 4, 1),
    ('turv5324', 4, 1),
    ('alap1201', 4, 1),
    ('audm1201', 4, 1),
    ('berx1201', 4, 1),
    ('bisz1301', 4, 1),
    ('bild2707', 5, 2),
    ('aubj1202', 5, 1),
    ('aubo1502', 5, 1),
    ('barr1306', 5, 1),
    ('bele0801', 5, 1),
    ('bele1103', 5, 1),
    ('bild2707', 5, 1),
    ('bils2704', 5, 1),
    ('boie0601', 5, 1),
    ('bour0703', 5, 1),
    ('brel0901', 5, 1),
    ('cake0801', 5, 1),
    ('canb1801', 5, 1),
    ('cany2101', 5, 1),
    ('carv0701', 5, 1),
    ('caua1101', 5, 1),
    ('chab1704', 5, 1),
    ('clof1603', 5, 1),
    ('cotr3901', 5, 1),
    ('dufj2908', 5, 1),
    ('durp2003', 5, 1),
    ('gell3101', 5, 1),
    ('gerz0501', 5, 1),
    ('guea0902', 5, 1),
    ('houy2303', 5, 1),
    ('jace1402', 5, 1),
    ('jans2001', 5, 1),
    ('keib3201', 5, 1),
    ('keif1201', 5, 1),
    ('trus1706', 6, 2),
    ('kilv1201', 6, 1),
    ('labc0301', 6, 1),
    ('labg0902', 6, 1),
    ('laby1302', 6, 1),
    ('laft1301', 6, 1),
    ('lals1003', 6, 1),
    ('lamg0502', 6, 1),
    ('lanj2131', 6, 1),
    ('lant1401', 6, 1),
    ('lavd2311', 6, 1),
    ('lavm1927', 6, 1),
    ('lavm2134', 6, 1),
    ('pagm1302', 6, 1),
    ('rerm1001', 6, 1),
    ('robw1901', 6, 1),
    ('ronk2602', 6, 1),
    ('roua0701', 6, 1),
    ('sehk2201', 6, 1),
    ('sevm1802', 6, 1),
    ('sinn1901', 6, 1),
    ('sowa0801', 6, 1),
    ('stao0901', 6, 1),
    ('stds2101', 6, 1),
    ('thip0901', 6, 1),
    ('trew1501', 6, 1),
    ('tria1001', 6, 1),
    ('trus1706', 6, 1),
    ('turv5324', 6, 1),
    ('alap1201', 6, 1),
    ('audm1201', 6, 1),
    ('berx1201', 6, 1),
    ('bisz1301', 6, 1),
    ('lavd2311', 7, 2),
    ('aubj1202', 7, 1),
    ('aubo1502', 7, 1),
    ('barr1306', 7, 1),
    ('bele0801', 7, 1),
    ('bele1103', 7, 1),
    ('bild2707', 7, 1),
    ('bils2704', 7, 1),
    ('boie0601', 7, 1),
    ('bour0703', 7, 1),
    ('brel0901', 7, 1),
    ('cake0801', 7, 1),
    ('canb1801', 7, 1),
    ('cany2101', 7, 1),
    ('carv0701', 7, 1),
    ('caua1101', 7, 1),
    ('chab1704', 7, 1),
    ('clof1603', 7, 1),
    ('cotr3901', 7, 1),
    ('dufj2908', 7, 1),
    ('durp2003', 7, 1),
    ('gell3101', 7, 1),
    ('gerz0501', 7, 1),
    ('guea0902', 7, 1),
    ('houy2303', 7, 1),
    ('jace1402', 7, 1),
    ('jans2001', 7, 1),
    ('keib3201', 7, 1),
    ('keif1201', 7, 1),
    ('bild2707', 8, 2),
    ('kilv1201', 8, 1),
    ('labc0301', 8, 1),
    ('labg0902', 8, 1),
    ('laby1302', 8, 1),
    ('laft1301', 8, 1),
    ('lals1003', 8, 1),
    ('lamg0502', 8, 1),
    ('lanj2131', 8, 1),
    ('lant1401', 8, 1),
    ('lavd2311', 8, 1),
    ('lavm1927', 8, 1),
    ('lavm2134', 8, 1),
    ('pagm1302', 8, 1),
    ('rerm1001', 8, 1),
    ('robw1901', 8, 1),
    ('ronk2602', 8, 1),
    ('roua0701', 8, 1),
    ('sehk2201', 8, 1),
    ('sevm1802', 8, 1),
    ('sinn1901', 8, 1),
    ('sowa0801', 8, 1),
    ('stao0901', 8, 1),
    ('stds2101', 8, 1),
    ('thip0901', 8, 1),
    ('trew1501', 8, 1),
    ('tria1001', 8, 1),
    ('trus1706', 8, 1),
    ('turv5324', 8, 1),
    ('alap1201', 8, 1),
    ('audm1201', 8, 1),
    ('berx1201', 8, 1),
    ('bisz1301', 8, 1),
    ('bild2707', 9, 2),
    ('aubj1202', 9, 1),
    ('aubo1502', 9, 1),
    ('barr1306', 9, 1),
    ('bele0801', 9, 1),
    ('bele1103', 9, 1),
    ('bild2707', 9, 1),
    ('bils2704', 9, 1),
    ('boie0601', 9, 1),
    ('bour0703', 9, 1),
    ('brel0901', 9, 1),
    ('cake0801', 9, 1),
    ('canb1801', 9, 1),
    ('cany2101', 9, 1),
    ('carv0701', 9, 1),
    ('caua1101', 9, 1),
    ('chab1704', 9, 1),
    ('clof1603', 9, 1),
    ('cotr3901', 9, 1),
    ('dufj2908', 9, 1),
    ('durp2003', 9, 1),
    ('gell3101', 9, 1),
    ('gerz0501', 9, 1),
    ('guea0902', 9, 1),
    ('houy2303', 9, 1),
    ('jace1402', 9, 1),
    ('jans2001', 9, 1),
    ('keib3201', 9, 1),
    ('keif1201', 9, 1),
    ('lavm2134', 10, 2),
    ('kilv1201', 10, 1),
    ('labc0301', 10, 1),
    ('labg0902', 10, 1),
    ('laby1302', 10, 1),
    ('laft1301', 10, 1),
    ('lals1003', 10, 1),
    ('lamg0502', 10, 1),
    ('lanj2131', 10, 1),
    ('lant1401', 10, 1),
    ('lavd2311', 10, 1),
    ('lavm1927', 10, 1),
    ('lavm2134', 10, 1),
    ('pagm1302', 10, 1),
    ('rerm1001', 10, 1),
    ('robw1901', 10, 1),
    ('ronk2602', 10, 1),
    ('roua0701', 10, 1),
    ('sehk2201', 10, 1),
    ('sevm1802', 10, 1),
    ('sinn1901', 10, 1),
    ('sowa0801', 10, 1),
    ('stao0901', 10, 1),
    ('stds2101', 10, 1),
    ('thip0901', 10, 1),
    ('trew1501', 10, 1),
    ('tria1001', 10, 1),
    ('trus1706', 10, 1),
    ('turv5324', 10, 1),
    ('alap1201', 10, 1),
    ('audm1201', 10, 1),
    ('berx1201', 10, 1),
    ('bisz1301', 10, 1),
    ('bild2707', 11, 2),
    ('aubj1202', 11, 1),
    ('aubo1502', 11, 1),
    ('barr1306', 11, 1),
    ('bele0801', 11, 1),
    ('bele1103', 11, 1),
    ('bild2707', 11, 1),
    ('bils2704', 11, 1),
    ('boie0601', 11, 1),
    ('bour0703', 11, 1),
    ('brel0901', 11, 1),
    ('cake0801', 11, 1),
    ('canb1801', 11, 1),
    ('cany2101', 11, 1),
    ('carv0701', 11, 1),
    ('caua1101', 11, 1),
    ('chab1704', 11, 1),
    ('clof1603', 11, 1),
    ('cotr3901', 11, 1),
    ('dufj2908', 11, 1),
    ('durp2003', 11, 1),
    ('gell3101', 11, 1),
    ('gerz0501', 11, 1),
    ('guea0902', 11, 1),
    ('houy2303', 11, 1),
    ('jace1402', 11, 1),
    ('jans2001', 11, 1),
    ('keib3201', 11, 1),
    ('keif1201', 11, 1),
    ('lavm2134', 12, 2),
    ('kilv1201', 12, 1),
    ('labc0301', 12, 1),
    ('labg0902', 12, 1),
    ('laby1302', 12, 1),
    ('laft1301', 12, 1),
    ('lals1003', 12, 1),
    ('lamg0502', 12, 1),
    ('lanj2131', 12, 1),
    ('lant1401', 12, 1),
    ('lavd2311', 12, 1),
    ('lavm1927', 12, 1),
    ('lavm2134', 12, 1),
    ('pagm1302', 12, 1),
    ('rerm1001', 12, 1),
    ('robw1901', 12, 1),
    ('ronk2602', 12, 1),
    ('roua0701', 12, 1),
    ('sehk2201', 12, 1),
    ('sevm1802', 12, 1),
    ('sinn1901', 12, 1),
    ('sowa0801', 12, 1),
    ('stao0901', 12, 1),
    ('stds2101', 12, 1),
    ('thip0901', 12, 1),
    ('trew1501', 12, 1),
    ('tria1001', 12, 1),
    ('trus1706', 12, 1),
    ('turv5324', 12, 1),
    ('alap1201', 12, 1),
    ('audm1201', 12, 1),
    ('berx1201', 12, 1),
    ('bisz1301', 12, 1),
    ('trus1706', 13, 2),
    ('aubj1202', 13, 1),
    ('aubo1502', 13, 1),
    ('barr1306', 13, 1),
    ('bele0801', 13, 1),
    ('bele1103', 13, 1),
    ('bild2707', 13, 1),
    ('bils2704', 13, 1),
    ('boie0601', 13, 1),
    ('bour0703', 13, 1),
    ('brel0901', 13, 1),
    ('cake0801', 13, 1),
    ('canb1801', 13, 1),
    ('cany2101', 13, 1),
    ('carv0701', 13, 1),
    ('caua1101', 13, 1),
    ('chab1704', 13, 1),
    ('clof1603', 13, 1),
    ('cotr3901', 13, 1),
    ('dufj2908', 13, 1),
    ('durp2003', 13, 1),
    ('gell3101', 13, 1),
    ('gerz0501', 13, 1),
    ('guea0902', 13, 1),
    ('houy2303', 13, 1),
    ('jace1402', 13, 1),
    ('jans2001', 13, 1),
    ('keib3201', 13, 1),
    ('keif1201', 13, 1),
    ('lavd2311', 14, 2),
    ('kilv1201', 14, 1),
    ('labc0301', 14, 1),
    ('labg0902', 14, 1),
    ('laby1302', 14, 1),
    ('laft1301', 14, 1),
    ('lals1003', 14, 1),
    ('lamg0502', 14, 1),
    ('lanj2131', 14, 1),
    ('lant1401', 14, 1),
    ('lavd2311', 14, 1),
    ('lavm1927', 14, 1),
    ('lavm2134', 14, 1),
    ('pagm1302', 14, 1),
    ('rerm1001', 14, 1),
    ('robw1901', 14, 1),
    ('ronk2602', 14, 1),
    ('roua0701', 14, 1),
    ('lavd2311', 15, 2),
    ('aubj1202', 15, 1),
    ('aubo1502', 15, 1),
    ('barr1306', 15, 1),
    ('bele0801', 15, 1),
    ('bele1103', 15, 1),
    ('bild2707', 15, 1),
    ('bils2704', 15, 1),
    ('boie0601', 15, 1),
    ('bour0703', 15, 1),
    ('brel0901', 15, 1),
    ('cake0801', 15, 1),
    ('canb1801', 15, 1),
    ('cany2101', 15, 1),
    ('carv0701', 15, 1),
    ('caua1101', 15, 1),
    ('chab1704', 15, 1),
    ('clof1603', 15, 1),
    ('cotr3901', 15, 1),
    ('dufj2908', 15, 1),
    ('durp2003', 15, 1),
    ('gell3101', 15, 1),
    ('gerz0501', 15, 1),
    ('guea0902', 15, 1),
    ('houy2303', 15, 1),
    ('jace1402', 15, 1),
    ('jans2001', 15, 1),
    ('keib3201', 15, 1),
    ('keif1201', 15, 1),
    ('bild2707', 16, 2),
    ('kilv1201', 16, 1),
    ('labc0301', 16, 1),
    ('labg0902', 16, 1),
    ('laby1302', 16, 1),
    ('laft1301', 16, 1),
    ('lals1003', 16, 1),
    ('lamg0502', 16, 1),
    ('lanj2131', 16, 1),
    ('lant1401', 16, 1),
    ('lavd2311', 16, 1),
    ('lavm1927', 16, 1),
    ('lavm2134', 16, 1),
    ('pagm1302', 16, 1),
    ('rerm1001', 16, 1),
    ('robw1901', 16, 1),
    ('ronk2602', 16, 1),
    ('roua0701', 16, 1),
    ('bild2707', 17, 2),
    ('aubj1202', 17, 1),
    ('aubo1502', 17, 1),
    ('barr1306', 17, 1),
    ('bele0801', 17, 1),
    ('bele1103', 17, 1),
    ('bild2707', 17, 1),
    ('bils2704', 17, 1),
    ('boie0601', 17, 1),
    ('bour0703', 17, 1),
    ('brel0901', 17, 1),
    ('cake0801', 17, 1),
    ('canb1801', 17, 1),
    ('cany2101', 17, 1),
    ('carv0701', 17, 1),
    ('lavd2311', 18, 2),
    ('caua1101', 18, 1),
    ('chab1704', 18, 1),
    ('clof1603', 18, 1),
    ('cotr3901', 18, 1),
    ('dufj2908', 18, 1),
    ('durp2003', 18, 1),
    ('gell3101', 18, 1),
    ('gerz0501', 18, 1),
    ('guea0902', 18, 1),
    ('houy2303', 18, 1),
    ('jace1402', 18, 1),
    ('jans2001', 18, 1),
    ('keib3201', 18, 1),
    ('keif1201', 18, 1),
    ('bild2707', 19, 2),
    ('aubj1202', 19, 1),
    ('aubo1502', 19, 1),
    ('barr1306', 19, 1),
    ('bele0801', 19, 1),
    ('bele1103', 19, 1),
    ('bild2707', 19, 1),
    ('bils2704', 19, 1),
    ('boie0601', 19, 1),
    ('bour0703', 19, 1),
    ('brel0901', 19, 1),
    ('cake0801', 19, 1),
    ('canb1801', 19, 1),
    ('cany2101', 19, 1),
    ('carv0701', 19, 1),
    ('caua1101', 19, 1),
    ('chab1704', 19, 1),
    ('clof1603', 19, 1),
    ('cotr3901', 19, 1),
    ('dufj2908', 19, 1),
    ('durp2003', 19, 1),
    ('gell3101', 19, 1),
    ('gerz0501', 19, 1),
    ('guea0902', 19, 1),
    ('houy2303', 19, 1),
    ('jace1402', 19, 1),
    ('jans2001', 19, 1),
    ('keib3201', 19, 1),
    ('keif1201', 19, 1),
    ('lavd2311', 20, 2),
    ('sehk2201', 20, 1),
    ('sevm1802', 20, 1),
    ('sinn1901', 20, 1),
    ('sowa0801', 20, 1),
    ('stao0901', 20, 1),
    ('stds2101', 20, 1),
    ('thip0901', 20, 1),
    ('trew1501', 20, 1),
    ('tria1001', 20, 1),
    ('trus1706', 20, 1),
    ('turv5324', 20, 1),
    ('alap1201', 20, 1),
    ('audm1201', 20, 1),
    ('berx1201', 20, 1),
    ('bisz1301', 20, 1),
    ('lavm2134', 21, 2),
    ('kilv1201', 21, 1),
    ('labc0301', 21, 1),
    ('labg0902', 21, 1),
    ('laby1302', 21, 1),
    ('laft1301', 21, 1),
    ('lals1003', 21, 1),
    ('lamg0502', 21, 1),
    ('lanj2131', 21, 1),
    ('lant1401', 21, 1),
    ('lavd2311', 21, 1),
    ('lavm1927', 21, 1),
    ('lavm2134', 21, 1),
    ('pagm1302', 21, 1),
    ('rerm1001', 21, 1),
    ('robw1901', 21, 1),
    ('ronk2602', 21, 1),
    ('roua0701', 21, 1),
    ('bild2707', 22, 2),
    ('sehk2201', 22, 1),
    ('sevm1802', 22, 1),
    ('sinn1901', 22, 1),
    ('sowa0801', 22, 1),
    ('stao0901', 22, 1),
    ('stds2101', 22, 1),
    ('thip0901', 22, 1),
    ('trew1501', 22, 1),
    ('tria1001', 22, 1),
    ('trus1706', 22, 1),
    ('turv5324', 22, 1),
    ('alap1201', 22, 1),
    ('audm1201', 22, 1),
    ('berx1201', 22, 1),
    ('bisz1301', 22, 1),
    ('bild2707', 23, 2),
    ('kilv1201', 23, 1),
    ('labc0301', 23, 1),
    ('labg0902', 23, 1),
    ('laby1302', 23, 1),
    ('laft1301', 23, 1),
    ('lals1003', 23, 1),
    ('lamg0502', 23, 1),
    ('lanj2131', 23, 1),
    ('lant1401', 23, 1),
    ('lavd2311', 23, 1),
    ('lavm1927', 23, 1),
    ('lavm2134', 23, 1),
    ('pagm1302', 23, 1),
    ('rerm1001', 23, 1),
    ('robw1901', 23, 1),
    ('ronk2602', 23, 1),
    ('roua0701', 23, 1),
    ('bild2707', 24, 2),
    ('sehk2201', 24, 1),
    ('sevm1802', 24, 1),
    ('sinn1901', 24, 1),
    ('sowa0801', 24, 1),
    ('stao0901', 24, 1),
    ('stds2101', 24, 1),
    ('thip0901', 24, 1),
    ('trew1501', 24, 1),
    ('tria1001', 24, 1),
    ('trus1706', 24, 1),
    ('turv5324', 24, 1),
    ('alap1201', 24, 1),
    ('audm1201', 24, 1),
    ('berx1201', 24, 1),
    ('bisz1301', 24, 1),
    ('bild2707', 25, 2),
    ('sehk2201', 25, 1),
    ('sevm1802', 25, 1),
    ('sinn1901', 25, 1),
    ('sowa0801', 25, 1),
    ('stao0901', 25, 1),
    ('stds2101', 25, 1),
    ('lavm2134', 26, 2),
    ('stds2101', 26, 1),
    ('thip0901', 26, 1),
    ('trew1501', 26, 1),
    ('tria1001', 26, 1),
    ('trus1706', 26, 1),
    ('turv5324', 26, 1),
    ('alap1201', 26, 1),
    ('audm1201', 26, 1),
    ('berx1201', 26, 1),
    ('trus1706', 27, 2),
    ('aubj1202', 27, 1),
    ('aubo1502', 27, 1),
    ('barr1306', 27, 1),
    ('bele0801', 27, 1),
    ('bele1103', 27, 1),
    ('bild2707', 27, 1),
    ('bils2704', 27, 1),
    ('boie0601', 27, 1),
    ('bour0703', 27, 1),
    ('brel0901', 27, 1),
    ('cake0801', 27, 1),
    ('canb1801', 27, 1),
    ('cany2101', 27, 1),
    ('carv0701', 27, 1),
    ('caua1101', 27, 1),
    ('chab1704', 27, 1),
    ('clof1603', 27, 1),
    ('cotr3901', 27, 1),
    ('dufj2908', 27, 1),
    ('durp2003', 27, 1),
    ('gell3101', 27, 1),
    ('gerz0501', 27, 1),
    ('guea0902', 27, 1),
    ('houy2303', 27, 1),
    ('jace1402', 27, 1),
    ('jans2001', 27, 1),
    ('keib3201', 27, 1),
    ('keif1201', 27, 1),
    ('lavd2311', 28, 2),
    ('aubj1202', 28, 1),
    ('aubo1502', 28, 1),
    ('barr1306', 28, 1),
    ('bele0801', 28, 1),
    ('bele1103', 28, 1),
    ('bild2707', 28, 1),
    ('bils2704', 28, 1),
    ('boie0601', 28, 1),
    ('bour0703', 28, 1),
    ('brel0901', 28, 1),
    ('cake0801', 28, 1),
    ('canb1801', 28, 1),
    ('cany2101', 28, 1),
    ('carv0701', 28, 1),
    ('caua1101', 28, 1),
    ('chab1704', 28, 1),
    ('clof1603', 28, 1),
    ('cotr3901', 28, 1),
    ('dufj2908', 28, 1),
    ('durp2003', 28, 1),
    ('gell3101', 28, 1),
    ('gerz0501', 28, 1),
    ('guea0902', 28, 1),
    ('houy2303', 28, 1),
    ('jace1402', 28, 1),
    ('jans2001', 28, 1),
    ('keib3201', 28, 1),
    ('keif1201', 28, 1),
    ('lavd2311', 29, 2),
    ('aubj1202', 29, 1),
    ('aubo1502', 29, 1),
    ('barr1306', 29, 1),
    ('bele0801', 29, 1),
    ('bele1103', 29, 1),
    ('bild2707', 29, 1),
    ('bils2704', 29, 1),
    ('boie0601', 29, 1),
    ('bour0703', 29, 1),
    ('brel0901', 29, 1),
    ('cake0801', 29, 1),
    ('canb1801', 29, 1),
    ('cany2101', 29, 1),
    ('carv0701', 29, 1),
    ('caua1101', 29, 1),
    ('chab1704', 29, 1),
    ('clof1603', 29, 1),
    ('cotr3901', 29, 1),
    ('dufj2908', 29, 1),
    ('durp2003', 29, 1),
    ('gell3101', 29, 1),
    ('gerz0501', 29, 1),
    ('guea0902', 29, 1),
    ('houy2303', 29, 1),
    ('jace1402', 29, 1),
    ('jans2001', 29, 1),
    ('keib3201', 29, 1),
    ('keif1201', 29, 1),
    ('lavd2311', 30, 2),
    ('aubj1202', 30, 1),
    ('aubo1502', 30, 1),
    ('barr1306', 30, 1),
    ('bele0801', 30, 1),
    ('bele1103', 30, 1),
    ('bild2707', 30, 1),
    ('bils2704', 30, 1),
    ('boie0601', 30, 1),
    ('bour0703', 30, 1),
    ('brel0901', 30, 1),
    ('cake0801', 30, 1),
    ('canb1801', 30, 1),
    ('cany2101', 30, 1),
    ('carv0701', 30, 1),
    ('caua1101', 30, 1),
    ('chab1704', 30, 1),
    ('clof1603', 30, 1),
    ('cotr3901', 30, 1),
    ('dufj2908', 30, 1),
    ('durp2003', 30, 1),
    ('gell3101', 30, 1),
    ('gerz0501', 30, 1),
    ('guea0902', 30, 1),
    ('houy2303', 30, 1),
    ('jace1402', 30, 1),
    ('jans2001', 30, 1),
    ('keib3201', 30, 1),
    ('keif1201', 30, 1),
    ('lavd2311', 31, 2),
    ('aubj1202', 31, 1),
    ('aubo1502', 31, 1),
    ('barr1306', 31, 1),
    ('bele0801', 31, 1),
    ('bele1103', 31, 1),
    ('bild2707', 31, 1),
    ('bils2704', 31, 1),
    ('boie0601', 31, 1),
    ('bour0703', 31, 1),
    ('brel0901', 31, 1),
    ('cake0801', 31, 1),
    ('canb1801', 31, 1),
    ('cany2101', 31, 1),
    ('carv0701', 31, 1),
    ('caua1101', 31, 1),
    ('chab1704', 31, 1),
    ('clof1603', 31, 1),
    ('cotr3901', 31, 1),
    ('dufj2908', 31, 1),
    ('durp2003', 31, 1),
    ('gell3101', 31, 1),
    ('gerz0501', 31, 1),
    ('guea0902', 31, 1),
    ('houy2303', 31, 1),
    ('jace1402', 31, 1),
    ('jans2001', 31, 1),
    ('keib3201', 31, 1),
    ('keif1201', 31, 1),
    ('lavd2311', 32, 2),
    ('aubj1202', 32, 1),
    ('aubo1502', 32, 1),
    ('barr1306', 32, 1),
    ('bele0801', 32, 1),
    ('bele1103', 32, 1),
    ('bild2707', 32, 1),
    ('bils2704', 32, 1),
    ('boie0601', 32, 1),
    ('bour0703', 32, 1),
    ('brel0901', 32, 1),
    ('cake0801', 32, 1),
    ('canb1801', 32, 1),
    ('cany2101', 32, 1),
    ('carv0701', 32, 1),
    ('caua1101', 32, 1),
    ('chab1704', 32, 1),
    ('clof1603', 32, 1),
    ('cotr3901', 32, 1),
    ('dufj2908', 32, 1),
    ('durp2003', 32, 1),
    ('gell3101', 32, 1),
    ('gerz0501', 32, 1),
    ('guea0902', 32, 1),
    ('houy2303', 32, 1),
    ('jace1402', 32, 1),
    ('jans2001', 32, 1),
    ('keib3201', 32, 1),
    ('keif1201', 32, 1),
    ('bild2707', 33, 2),
    ('aubj1202', 33, 1),
    ('aubo1502', 33, 1),
    ('barr1306', 33, 1),
    ('bele0801', 33, 1),
    ('bele1103', 33, 1),
    ('bild2707', 33, 1),
    ('bils2704', 33, 1),
    ('boie0601', 33, 1),
    ('bour0703', 33, 1),
    ('brel0901', 33, 1),
    ('cake0801', 33, 1),
    ('canb1801', 33, 1),
    ('cany2101', 33, 1),
    ('carv0701', 33, 1),
    ('caua1101', 33, 1),
    ('chab1704', 33, 1),
    ('clof1603', 33, 1),
    ('cotr3901', 33, 1),
    ('dufj2908', 33, 1),
    ('durp2003', 33, 1),
    ('gell3101', 33, 1),
    ('gerz0501', 33, 1),
    ('guea0902', 33, 1),
    ('houy2303', 33, 1),
    ('jace1402', 33, 1),
    ('jans2001', 33, 1),
    ('keib3201', 33, 1),
    ('keif1201', 33, 1),
    ('bild2707', 34, 2),
    ('aubj1202', 34, 1),
    ('aubo1502', 34, 1),
    ('barr1306', 34, 1),
    ('bele0801', 34, 1),
    ('bele1103', 34, 1),
    ('bild2707', 34, 1),
    ('bils2704', 34, 1),
    ('boie0601', 34, 1),
    ('bour0703', 34, 1),
    ('brel0901', 34, 1),
    ('cake0801', 34, 1),
    ('canb1801', 34, 1),
    ('cany2101', 34, 1),
    ('carv0701', 34, 1),
    ('caua1101', 34, 1),
    ('chab1704', 34, 1),
    ('clof1603', 34, 1),
    ('cotr3901', 34, 1),
    ('dufj2908', 34, 1),
    ('durp2003', 34, 1),
    ('gell3101', 34, 1),
    ('gerz0501', 34, 1),
    ('guea0902', 34, 1),
    ('houy2303', 34, 1),
    ('jace1402', 34, 1),
    ('jans2001', 34, 1),
    ('keib3201', 34, 1),
    ('keif1201', 34, 1),
    ('trus1706', 35, 2),
    ('aubj1202', 35, 1),
    ('aubo1502', 35, 1),
    ('barr1306', 35, 1),
    ('bele0801', 35, 1),
    ('bele1103', 35, 1),
    ('bild2707', 35, 1),
    ('bils2704', 35, 1),
    ('boie0601', 35, 1),
    ('bour0703', 35, 1),
    ('brel0901', 35, 1),
    ('cake0801', 35, 1),
    ('canb1801', 35, 1),
    ('cany2101', 35, 1),
    ('carv0701', 35, 1),
    ('caua1101', 35, 1),
    ('chab1704', 35, 1),
    ('clof1603', 35, 1),
    ('cotr3901', 35, 1),
    ('dufj2908', 35, 1),
    ('durp2003', 35, 1),
    ('gell3101', 35, 1),
    ('gerz0501', 35, 1),
    ('guea0902', 35, 1),
    ('houy2303', 35, 1),
    ('jace1402', 35, 1),
    ('jans2001', 35, 1),
    ('keib3201', 35, 1),
    ('keif1201', 35, 1),
    ('lavd2311', 36, 2),
    ('aubj1202', 36, 1),
    ('aubo1502', 36, 1),
    ('barr1306', 36, 1),
    ('bele0801', 36, 1),
    ('bele1103', 36, 1),
    ('bild2707', 36, 1),
    ('bils2704', 36, 1),
    ('boie0601', 36, 1),
    ('bour0703', 36, 1),
    ('brel0901', 36, 1),
    ('cake0801', 36, 1),
    ('canb1801', 36, 1),
    ('cany2101', 36, 1),
    ('carv0701', 36, 1),
    ('caua1101', 36, 1),
    ('chab1704', 36, 1),
    ('clof1603', 36, 1),
    ('cotr3901', 36, 1),
    ('dufj2908', 36, 1),
    ('durp2003', 36, 1),
    ('gell3101', 36, 1),
    ('gerz0501', 36, 1),
    ('guea0902', 36, 1),
    ('houy2303', 36, 1),
    ('jace1402', 36, 1),
    ('jans2001', 36, 1),
    ('keib3201', 36, 1),
    ('keif1201', 36, 1),
    ('lavd2311', 37, 2),
    ('aubj1202', 37, 1),
    ('aubo1502', 37, 1),
    ('barr1306', 37, 1),
    ('bele0801', 37, 1),
    ('bele1103', 37, 1),
    ('bild2707', 37, 1),
    ('bils2704', 37, 1),
    ('boie0601', 37, 1),
    ('bour0703', 37, 1),
    ('brel0901', 37, 1),
    ('cake0801', 37, 1),
    ('canb1801', 37, 1),
    ('cany2101', 37, 1),
    ('carv0701', 37, 1),
    ('caua1101', 37, 1),
    ('chab1704', 37, 1),
    ('clof1603', 37, 1),
    ('cotr3901', 37, 1),
    ('dufj2908', 37, 1),
    ('durp2003', 37, 1),
    ('gell3101', 37, 1),
    ('gerz0501', 37, 1),
    ('guea0902', 37, 1),
    ('houy2303', 37, 1),
    ('jace1402', 37, 1),
    ('jans2001', 37, 1),
    ('keib3201', 37, 1),
    ('keif1201', 37, 1),
    ('trus1706', 38, 2),
    ('aubj1202', 38, 1),
    ('aubo1502', 38, 1),
    ('barr1306', 38, 1),
    ('bele0801', 38, 1),
    ('bele1103', 38, 1),
    ('bild2707', 38, 1),
    ('bils2704', 38, 1),
    ('boie0601', 38, 1),
    ('bour0703', 38, 1),
    ('brel0901', 38, 1),
    ('cake0801', 38, 1),
    ('canb1801', 38, 1),
    ('cany2101', 38, 1),
    ('carv0701', 38, 1),
    ('caua1101', 38, 1),
    ('chab1704', 38, 1),
    ('clof1603', 38, 1),
    ('cotr3901', 38, 1),
    ('dufj2908', 38, 1),
    ('durp2003', 38, 1),
    ('gell3101', 38, 1),
    ('gerz0501', 38, 1),
    ('guea0902', 38, 1),
    ('houy2303', 38, 1),
    ('jace1402', 38, 1),
    ('jans2001', 38, 1),
    ('keib3201', 38, 1),
    ('keif1201', 38, 1),
    ('lavm2134', 39, 2),
    ('aubj1202', 39, 1),
    ('aubo1502', 39, 1),
    ('barr1306', 39, 1),
    ('bele0801', 39, 1),
    ('bele1103', 39, 1),
    ('bild2707', 39, 1),
    ('bils2704', 39, 1),
    ('boie0601', 39, 1),
    ('bour0703', 39, 1),
    ('brel0901', 39, 1),
    ('cake0801', 39, 1),
    ('canb1801', 39, 1),
    ('cany2101', 39, 1),
    ('carv0701', 39, 1),
    ('caua1101', 39, 1),
    ('chab1704', 39, 1),
    ('clof1603', 39, 1),
    ('cotr3901', 39, 1),
    ('dufj2908', 39, 1),
    ('durp2003', 39, 1),
    ('gell3101', 39, 1),
    ('gerz0501', 39, 1),
    ('guea0902', 39, 1),
    ('houy2303', 39, 1),
    ('jace1402', 39, 1),
    ('jans2001', 39, 1),
    ('keib3201', 39, 1),
    ('keif1201', 39, 1),
    ('lavd2311', 40, 2),
    ('aubj1202', 40, 1),
    ('aubo1502', 40, 1),
    ('barr1306', 40, 1),
    ('bele0801', 40, 1),
    ('bele1103', 40, 1),
    ('bild2707', 40, 1),
    ('bils2704', 40, 1),
    ('boie0601', 40, 1),
    ('bour0703', 40, 1),
    ('brel0901', 40, 1),
    ('cake0801', 40, 1),
    ('canb1801', 40, 1),
    ('cany2101', 40, 1),
    ('carv0701', 40, 1),
    ('caua1101', 40, 1),
    ('chab1704', 40, 1),
    ('clof1603', 40, 1),
    ('cotr3901', 40, 1),
    ('dufj2908', 40, 1),
    ('durp2003', 40, 1),
    ('gell3101', 40, 1),
    ('gerz0501', 40, 1),
    ('guea0902', 40, 1),
    ('houy2303', 40, 1),
    ('jace1402', 40, 1),
    ('jans2001', 40, 1),
    ('keib3201', 40, 1),
    ('keif1201', 40, 1),
    ('lavm2134', 41, 2),
    ('aubj1202', 41, 1),
    ('aubo1502', 41, 1),
    ('barr1306', 41, 1),
    ('bele0801', 41, 1),
    ('bele1103', 41, 1),
    ('bild2707', 41, 1),
    ('bils2704', 41, 1),
    ('boie0601', 41, 1),
    ('bour0703', 41, 1),
    ('brel0901', 41, 1),
    ('cake0801', 41, 1),
    ('canb1801', 41, 1),
    ('cany2101', 41, 1),
    ('carv0701', 41, 1),
    ('caua1101', 41, 1),
    ('chab1704', 41, 1),
    ('clof1603', 41, 1),
    ('cotr3901', 41, 1),
    ('dufj2908', 41, 1),
    ('durp2003', 41, 1),
    ('gell3101', 41, 1),
    ('gerz0501', 41, 1),
    ('guea0902', 41, 1),
    ('houy2303', 41, 1),
    ('jace1402', 41, 1),
    ('jans2001', 41, 1),
    ('keib3201', 41, 1),
    ('keif1201', 41, 1),
    ('lavm2134', 42, 2),
    ('aubj1202', 42, 1),
    ('aubo1502', 42, 1),
    ('barr1306', 42, 1),
    ('bele0801', 42, 1),
    ('bele1103', 42, 1),
    ('bild2707', 42, 1),
    ('bils2704', 42, 1),
    ('boie0601', 42, 1),
    ('bour0703', 42, 1),
    ('brel0901', 42, 1),
    ('cake0801', 42, 1),
    ('canb1801', 42, 1),
    ('cany2101', 42, 1),
    ('carv0701', 42, 1),
    ('caua1101', 42, 1),
    ('chab1704', 42, 1),
    ('clof1603', 42, 1),
    ('cotr3901', 42, 1),
    ('dufj2908', 42, 1),
    ('durp2003', 42, 1),
    ('gell3101', 42, 1),
    ('gerz0501', 42, 1),
    ('guea0902', 42, 1),
    ('houy2303', 42, 1),
    ('jace1402', 42, 1),
    ('jans2001', 42, 1),
    ('keib3201', 42, 1),
    ('keif1201', 42, 1),
    ('lavd2311', 43, 2),
    ('aubj1202', 43, 1),
    ('aubo1502', 43, 1),
    ('barr1306', 43, 1),
    ('bele0801', 43, 1),
    ('bele1103', 43, 1),
    ('bild2707', 43, 1),
    ('bils2704', 43, 1),
    ('boie0601', 43, 1),
    ('bour0703', 43, 1),
    ('brel0901', 43, 1),
    ('cake0801', 43, 1),
    ('canb1801', 43, 1),
    ('cany2101', 43, 1),
    ('carv0701', 43, 1),
    ('caua1101', 43, 1),
    ('chab1704', 43, 1),
    ('clof1603', 43, 1),
    ('cotr3901', 43, 1),
    ('dufj2908', 43, 1),
    ('durp2003', 43, 1),
    ('gell3101', 43, 1),
    ('gerz0501', 43, 1),
    ('guea0902', 43, 1),
    ('houy2303', 43, 1),
    ('jace1402', 43, 1),
    ('jans2001', 43, 1),
    ('keib3201', 43, 1),
    ('keif1201', 43, 1);





-- Donnees de la table Assignment
INSERT INTO Assignment
VALUES
    (DEFAULT, 1, 'Contrat d''equipe', 'Description de Contrat d''equipe', '2020-12-04 00:00:00', '2020-12-04 00:00:00', '2020-11-27 00:00:00', 2),
    (DEFAULT, 1, 'Rapport d''analyse et de planification', 'Description de Rapport d''analyse et de planification', '2020-10-28 00:00:00', '2020-10-28 00:00:00', '2020-10-21 00:00:00', 2),
    (DEFAULT, 1, 'Bilan de planification', 'Description de Bilan de planification', '2020-11-04 00:00:00', '2020-11-04 00:00:00', '2020-10-28 00:00:00', 2),
    (DEFAULT, 1, 'Presentation orale', 'Description de Presentation orale', '2020-11-06 00:00:00', '2020-11-06 00:00:00', '2020-10-30 00:00:00', 2),
    (DEFAULT, 1, 'Rapport de conception de projet', 'Description de Rapport de conception de projet', '2020-11-14 00:00:00', '2020-11-14 00:00:00', '2020-11-07 00:00:00', 2),
    (DEFAULT, 2, 'Contrat d''equipe', 'Description de Contrat d''equipe', '2020-12-19 00:00:00', '2020-12-19 00:00:00', '2020-12-12 00:00:00', 2),
    (DEFAULT, 2, 'Rapport d''analyse et de planification', 'Description de Rapport d''analyse et de planification', '2020-10-06 00:00:00', '2020-10-06 00:00:00', '2020-09-29 00:00:00', 2),
    (DEFAULT, 2, 'Bilan de planification', 'Description de Bilan de planification', '2020-12-01 00:00:00', '2020-12-01 00:00:00', '2020-11-24 00:00:00', 2),
    (DEFAULT, 2, 'Presentation orale', 'Description de Presentation orale', '2020-10-08 00:00:00', '2020-10-08 00:00:00', '2020-10-01 00:00:00', 2),
    (DEFAULT, 2, 'Rapport de conception de projet', 'Description de Rapport de conception de projet', '2020-09-30 00:00:00', '2020-09-30 00:00:00', '2020-09-23 00:00:00', 2),
    (DEFAULT, 3, 'Rapport S1_APP3', 'Description de Rapport S1_APP3', '2020-11-04 00:00:00', '2020-11-04 00:00:00', '2020-10-28 00:00:00', 2),
    (DEFAULT, 3, 'Rapport S1_APP5a', 'Description de Rapport S1_APP5a', '2020-12-07 00:00:00', '2020-12-07 00:00:00', '2020-11-30 00:00:00', 2),
    (DEFAULT, 3, 'Rapport Moodle', 'Description de Rapport Moodle', '2020-11-11 00:00:00', '2020-11-11 00:00:00', '2020-11-04 00:00:00', 2),
    (DEFAULT, 3, 'Essai strategique d''apprentissage', 'Description de Essai strategique d''apprentissage', '2020-12-17 00:00:00', '2020-12-17 00:00:00', '2020-12-10 00:00:00', 2),
    (DEFAULT, 3, 'Contrat d''equipe', 'Description de Contrat d''equipe', '2020-11-05 00:00:00', '2020-11-05 00:00:00', '2020-10-29 00:00:00', 2),
    (DEFAULT, 3, 'Rapport d''analyse et de planification', 'Description de Rapport d''analyse et de planification', '2020-10-29 00:00:00', '2020-10-29 00:00:00', '2020-10-22 00:00:00', 2),
    (DEFAULT, 3, 'Presentation orale', 'Description de Presentation orale', '2020-09-13 00:00:00', '2020-09-13 00:00:00', '2020-09-06 00:00:00', 2),
    (DEFAULT, 3, 'Rapport de conception de projet', 'Description de Rapport de conception de projet', '2020-10-21 00:00:00', '2020-10-21 00:00:00', '2020-10-14 00:00:00', 2),
    (DEFAULT, 4, 'Rapport S1_APP3', 'Description de Rapport S1_APP3', '2020-12-16 00:00:00', '2020-12-16 00:00:00', '2020-12-09 00:00:00', 2),
    (DEFAULT, 4, 'Rapport S1_APP5a', 'Description de Rapport S1_APP5a', '2020-11-28 00:00:00', '2020-11-28 00:00:00', '2020-11-21 00:00:00', 2),
    (DEFAULT, 4, 'Rapport Moodle', 'Description de Rapport Moodle', '2020-12-13 00:00:00', '2020-12-13 00:00:00', '2020-12-06 00:00:00', 2),
    (DEFAULT, 4, 'Essai strategique d''apprentissage', 'Description de Essai strategique d''apprentissage', '2020-12-04 00:00:00', '2020-12-04 00:00:00', '2020-11-27 00:00:00', 2),
    (DEFAULT, 4, 'Contrat d’equipe', 'Description de Contrat d’equipe', '2020-10-15 00:00:00', '2020-10-15 00:00:00', '2020-10-08 00:00:00', 2),
    (DEFAULT, 4, 'Rapport d’analyse et de planification', 'Description de Rapport d’analyse et de planification', '2020-11-21 00:00:00', '2020-11-21 00:00:00', '2020-11-14 00:00:00', 2),
    (DEFAULT, 4, 'Presentation orale', 'Description de Presentation orale', '2020-12-07 00:00:00', '2020-12-07 00:00:00', '2020-11-30 00:00:00', 2),
    (DEFAULT, 4, 'Rapport de conception de projet', 'Description de Rapport de conception de projet', '2020-12-08 00:00:00', '2020-12-08 00:00:00', '2020-12-01 00:00:00', 2),
    (DEFAULT, 5, 'Presentation orale', 'Description de Presentation orale', '2020-12-02 00:00:00', '2020-12-02 00:00:00', '2020-11-25 00:00:00', 2),
    (DEFAULT, 6, 'Presentation orale', 'Description de Presentation orale', '2020-11-13 00:00:00', '2020-11-13 00:00:00', '2020-11-06 00:00:00', 2),
    (DEFAULT, 7, 'Rapport S1_APP3', 'Description de Rapport S1_APP3', '2020-11-17 00:00:00', '2020-11-17 00:00:00', '2020-11-10 00:00:00', 2),
    (DEFAULT, 8, 'Rapport S1_APP3', 'Description de Rapport S1_APP3', '2020-10-15 00:00:00', '2020-10-15 00:00:00', '2020-10-08 00:00:00', 2),
    (DEFAULT, 9, 'Rapport S1_APP3', 'Description de Rapport S1_APP3', '2020-12-15 00:00:00', '2020-12-15 00:00:00', '2020-12-08 00:00:00', 2),
    (DEFAULT, 9, 'Rapport S1_APP5a', 'Description de Rapport S1_APP5a', '2020-10-06 00:00:00', '2020-10-06 00:00:00', '2020-09-29 00:00:00', 2),
    (DEFAULT, 10, 'Rapport S1_APP3', 'Description de Rapport S1_APP3', '2020-11-19 00:00:00', '2020-11-19 00:00:00', '2020-11-12 00:00:00', 2),
    (DEFAULT, 10, 'Rapport S1_APP5a', 'Description de Rapport S1_APP5a', '2020-09-13 00:00:00', '2020-09-13 00:00:00', '2020-09-06 00:00:00', 2),
    (DEFAULT, 11, 'Rapport S1_APP5b', 'Description de Rapport S1_APP5b', '2020-09-16 00:00:00', '2020-09-16 00:00:00', '2020-09-09 00:00:00', 2),
    (DEFAULT, 12, 'Rapport S1_APP5b', 'Description de Rapport S1_APP5b', '2020-11-16 00:00:00', '2020-11-16 00:00:00', '2020-11-09 00:00:00', 2),
    (DEFAULT, 13, 'Rapport S1_APP4', 'Description de Rapport S1_APP4', '2020-09-27 00:00:00', '2020-09-27 00:00:00', '2020-09-20 00:00:00', 2),
    (DEFAULT, 14, 'Rapport S1_APP4', 'Description de Rapport S1_APP4', '2020-10-07 00:00:00', '2020-10-07 00:00:00', '2020-09-30 00:00:00', 2),
    (DEFAULT, 15, 'Rapport S1_APP2', 'Description de Rapport S1_APP2', '2020-12-10 00:00:00', '2020-12-10 00:00:00', '2020-12-03 00:00:00', 2),
    (DEFAULT, 16, 'Rapport S1_APP2', 'Description de Rapport S1_APP2', '2020-10-15 00:00:00', '2020-10-15 00:00:00', '2020-10-08 00:00:00', 2),
    (DEFAULT, 17, 'Rapport S1_APP1sn', 'Description de Rapport S1_APP1sn', '2020-12-19 00:00:00', '2020-12-19 00:00:00', '2020-12-12 00:00:00', 2),
    (DEFAULT, 18, 'Rapport S1_APP1sn', 'Description de Rapport S1_APP1sn', '2020-11-21 00:00:00', '2020-11-21 00:00:00', '2020-11-14 00:00:00', 2),
    (DEFAULT, 19, 'Rapport S1_APP5a', 'Description de Rapport S1_APP5a', '2020-12-15 00:00:00', '2020-12-15 00:00:00', '2020-12-08 00:00:00', 2),
    (DEFAULT, 20, 'Rapport S1_APP5a', 'Description de Rapport S1_APP5a', '2020-12-14 00:00:00', '2020-12-14 00:00:00', '2020-12-07 00:00:00', 2),
    (DEFAULT, 21, 'Rapport S1_APP1ti', 'Description de Rapport S1_APP1ti', '2020-10-29 00:00:00', '2020-10-29 00:00:00', '2020-10-22 00:00:00', 2),
    (DEFAULT, 22, 'Rapport S1_APP1ti', 'Description de Rapport S1_APP1ti', '2020-09-23 00:00:00', '2020-09-23 00:00:00', '2020-09-16 00:00:00', 2),
    (DEFAULT, 23, 'Rapport S1_APP5bti', 'Description de Rapport S1_APP5bti', '2020-10-29 00:00:00', '2020-10-29 00:00:00', '2020-10-22 00:00:00', 2),
    (DEFAULT, 24, 'Rapport S1_APP5bti', 'Description de Rapport S1_APP5bti', '2020-12-02 00:00:00', '2020-12-02 00:00:00', '2020-11-25 00:00:00', 2),
    (DEFAULT, 25, 'Rapport S1_APP1to', 'Description de Rapport S1_APP1to', '2020-11-26 00:00:00', '2020-11-26 00:00:00', '2020-11-19 00:00:00', 2),
    (DEFAULT, 26, 'Rapport S1_APP1to', 'Description de Rapport S1_APP1to', '2020-12-12 00:00:00', '2020-12-12 00:00:00', '2020-12-05 00:00:00', 2),
    (DEFAULT, 27, 'Rapport de mi-session', 'Description de Rapport de mi-session', '2021-11-26 00:00:00', '2021-11-26 00:00:00', '2021-11-19 00:00:00', 2),
    (DEFAULT, 27, 'Rapport final', 'Description de Rapport final', '2021-09-17 00:00:00', '2021-09-17 00:00:00', '2021-09-10 00:00:00', 2),
    (DEFAULT, 28, 'Rapport S2_APP2', 'Description de Rapport S2_APP2', '2021-10-12 00:00:00', '2021-10-12 00:00:00', '2021-10-05 00:00:00', 2),
    (DEFAULT, 28, 'Rapport S2_APP6', 'Description de Rapport S2_APP6', '2021-10-18 00:00:00', '2021-10-18 00:00:00', '2021-10-11 00:00:00', 2),
    (DEFAULT, 29, 'Rapport S2_APP2', 'Description de Rapport S2_APP2', '2021-09-10 00:00:00', '2021-09-10 00:00:00', '2021-09-03 00:00:00', 2),
    (DEFAULT, 29, 'Rapport S2_APP6', 'Description de Rapport S2_APP6', '2021-10-19 00:00:00', '2021-10-19 00:00:00', '2021-10-12 00:00:00', 2),
    (DEFAULT, 30, 'Rapport S2_APP1', 'Description de Rapport S2_APP1', '2021-10-15 00:00:00', '2021-10-15 00:00:00', '2021-10-08 00:00:00', 2),
    (DEFAULT, 31, 'Rapport S2_APP4', 'Description de Rapport S2_APP4', '2021-10-20 00:00:00', '2021-10-20 00:00:00', '2021-10-13 00:00:00', 2),
    (DEFAULT, 32, 'Rapport S2_APP3gi', 'Description de Rapport S2_APP3gi', '2021-09-15 00:00:00', '2021-09-15 00:00:00', '2021-09-08 00:00:00', 2),
    (DEFAULT, 33, 'Rapport S2_APP7gi', 'Description de Rapport S2_APP7gi', '2021-11-28 00:00:00', '2021-11-28 00:00:00', '2021-11-21 00:00:00', 2),
    (DEFAULT, 34, 'Rapport S2_APP5gi', 'Description de Rapport S2_APP5gi', '2021-11-19 00:00:00', '2021-11-19 00:00:00', '2021-11-12 00:00:00', 2),
    (DEFAULT, 35, 'Reflexion', 'Description de Reflexion', '2021-11-25 00:00:00', '2021-11-25 00:00:00', '2021-11-18 00:00:00', 2),
    (DEFAULT, 36, 'Memoire d''approbation de projet', 'Description de Memoire d''approbation de projet', '2021-12-09 00:00:00', '2021-12-09 00:00:00', '2021-12-02 00:00:00', 2),
    (DEFAULT, 36, 'Rapport de sprint 1', 'Description de Rapport de sprint 1', '2021-10-21 00:00:00', '2021-10-21 00:00:00', '2021-10-14 00:00:00', 2),
    (DEFAULT, 36, 'Rapport de sprint 2', 'Description de Rapport de sprint 2', '2021-11-02 00:00:00', '2021-11-02 00:00:00', '2021-10-26 00:00:00', 2),
    (DEFAULT, 36, 'Rapport post-mortem', 'Description de Rapport post-mortem', '2021-12-20 00:00:00', '2021-12-20 00:00:00', '2021-12-13 00:00:00', 2),
    (DEFAULT, 36, 'Presentation finale', 'Description de Presentation finale', '2021-10-16 00:00:00', '2021-10-16 00:00:00', '2021-10-09 00:00:00', 2),
    (DEFAULT, 37, 'Rapport S3_APP4', 'Description de Rapport S3_APP4', '2021-12-20 00:00:00', '2021-12-20 00:00:00', '2021-12-13 00:00:00', 2),
    (DEFAULT, 39, 'Rapport S3_APP1', 'Description de Rapport S3_APP1', '2021-11-25 00:00:00', '2021-11-25 00:00:00', '2021-11-18 00:00:00', 2),
    (DEFAULT, 40, 'Rapport S3_APP5', 'Description de Rapport S3_APP5', '2021-09-29 00:00:00', '2021-09-29 00:00:00', '2021-09-22 00:00:00', 2),
    (DEFAULT, 41, 'Rapport S3_APP6', 'Description de Rapport S3_APP6', '2021-12-12 00:00:00', '2021-12-12 00:00:00', '2021-12-05 00:00:00', 2),
    (DEFAULT, 42, 'Rapport S3_APP3', 'Description de Rapport S3_APP3', '2021-10-09 00:00:00', '2021-10-09 00:00:00', '2021-10-02 00:00:00', 2),
    (DEFAULT, 43, 'Rapport S3_APP2', 'Description de Rapport S3_APP2', '2021-11-01 00:00:00', '2021-11-01 00:00:00', '2021-10-25 00:00:00', 2);


-- Donnees de la table NomEquipe
INSERT INTO NomEquipe
VALUES
    (DEFAULT, 'Equipe 1'),
    (DEFAULT, 'Equipe 2'),
    (DEFAULT, 'Equipe 3'),
    (DEFAULT, 'Equipe 4'),
    (DEFAULT, 'Equipe 5'),
    (DEFAULT, 'Equipe 6'),
    (DEFAULT, 'Equipe 7'),
    (DEFAULT, 'Equipe 8'),
    (DEFAULT, 'Equipe 9'),
    (DEFAULT, 'Equipe 10'),
    (DEFAULT, 'Equipe 11'),
    (DEFAULT, 'Equipe 12'),
    (DEFAULT, 'Equipe 13'),
    (DEFAULT, 'Equipe 14'),
    (DEFAULT, 'Equipe 15'),
    (DEFAULT, 'Equipe 16'),
    (DEFAULT, 'Equipe 17'),
    (DEFAULT, 'Equipe 18'),
    (DEFAULT, 'Equipe 19'),
    (DEFAULT, 'Equipe 20'),
    (DEFAULT, 'Equipe 21'),
    (DEFAULT, 'Equipe 22'),
    (DEFAULT, 'Equipe 23'),
    (DEFAULT, 'Equipe 24'),
    (DEFAULT, 'Equipe 25');


-- Donnees de la table Team
INSERT INTO Team
VALUES
    (DEFAULT, 1, 1),
    (DEFAULT, 1, 2),
    (DEFAULT, 1, 3),
    (DEFAULT, 1, 4),
    (DEFAULT, 1, 5),
    (DEFAULT, 1, 6),
    (DEFAULT, 1, 7),
    (DEFAULT, 1, 8),
    (DEFAULT, 1, 9),
    (DEFAULT, 1, 10),
    (DEFAULT, 1, 11),
    (DEFAULT, 1, 12),
    (DEFAULT, 1, 13),
    (DEFAULT, 1, 14),
    (DEFAULT, 2, 1),
    (DEFAULT, 2, 2),
    (DEFAULT, 2, 3),
    (DEFAULT, 2, 4),
    (DEFAULT, 2, 5),
    (DEFAULT, 2, 6),
    (DEFAULT, 2, 7),
    (DEFAULT, 2, 8),
    (DEFAULT, 2, 9),
    (DEFAULT, 2, 10),
    (DEFAULT, 2, 11),
    (DEFAULT, 2, 12),
    (DEFAULT, 2, 13),
    (DEFAULT, 2, 14),
    (DEFAULT, 3, 1),
    (DEFAULT, 3, 2),
    (DEFAULT, 3, 3),
    (DEFAULT, 3, 4),
    (DEFAULT, 3, 5),
    (DEFAULT, 3, 6),
    (DEFAULT, 3, 7),
    (DEFAULT, 3, 8),
    (DEFAULT, 3, 9),
    (DEFAULT, 3, 10),
    (DEFAULT, 3, 11),
    (DEFAULT, 3, 12),
    (DEFAULT, 3, 13),
    (DEFAULT, 3, 14),
    (DEFAULT, 4, 1),
    (DEFAULT, 4, 2),
    (DEFAULT, 4, 3),
    (DEFAULT, 4, 4),
    (DEFAULT, 4, 5),
    (DEFAULT, 4, 6),
    (DEFAULT, 4, 7),
    (DEFAULT, 4, 8),
    (DEFAULT, 4, 9),
    (DEFAULT, 4, 10),
    (DEFAULT, 4, 11),
    (DEFAULT, 4, 12),
    (DEFAULT, 4, 13),
    (DEFAULT, 4, 14),
    (DEFAULT, 5, 1),
    (DEFAULT, 5, 2),
    (DEFAULT, 5, 3),
    (DEFAULT, 5, 4),
    (DEFAULT, 5, 5),
    (DEFAULT, 5, 6),
    (DEFAULT, 5, 7),
    (DEFAULT, 5, 8),
    (DEFAULT, 5, 9),
    (DEFAULT, 5, 10),
    (DEFAULT, 5, 11),
    (DEFAULT, 5, 12),
    (DEFAULT, 5, 13),
    (DEFAULT, 5, 14),
    (DEFAULT, 6, 1),
    (DEFAULT, 6, 2),
    (DEFAULT, 6, 3),
    (DEFAULT, 6, 4),
    (DEFAULT, 6, 5),
    (DEFAULT, 6, 6),
    (DEFAULT, 6, 7),
    (DEFAULT, 6, 8),
    (DEFAULT, 6, 9),
    (DEFAULT, 6, 10),
    (DEFAULT, 6, 11),
    (DEFAULT, 6, 12),
    (DEFAULT, 6, 13),
    (DEFAULT, 6, 14),
    (DEFAULT, 6, 15),
    (DEFAULT, 6, 16),
    (DEFAULT, 7, 1),
    (DEFAULT, 7, 2),
    (DEFAULT, 7, 3),
    (DEFAULT, 7, 4),
    (DEFAULT, 7, 5),
    (DEFAULT, 7, 6),
    (DEFAULT, 7, 7),
    (DEFAULT, 7, 8),
    (DEFAULT, 7, 9),
    (DEFAULT, 7, 10),
    (DEFAULT, 7, 11),
    (DEFAULT, 7, 12),
    (DEFAULT, 7, 13),
    (DEFAULT, 7, 14),
    (DEFAULT, 7, 15),
    (DEFAULT, 7, 16),
    (DEFAULT, 8, 1),
    (DEFAULT, 8, 2),
    (DEFAULT, 8, 3),
    (DEFAULT, 8, 4),
    (DEFAULT, 8, 5),
    (DEFAULT, 8, 6),
    (DEFAULT, 8, 7),
    (DEFAULT, 8, 8),
    (DEFAULT, 8, 9),
    (DEFAULT, 8, 10),
    (DEFAULT, 8, 11),
    (DEFAULT, 8, 12),
    (DEFAULT, 8, 13),
    (DEFAULT, 8, 14),
    (DEFAULT, 8, 15),
    (DEFAULT, 8, 16),
    (DEFAULT, 9, 1),
    (DEFAULT, 9, 2),
    (DEFAULT, 9, 3),
    (DEFAULT, 9, 4),
    (DEFAULT, 9, 5),
    (DEFAULT, 9, 6),
    (DEFAULT, 9, 7),
    (DEFAULT, 9, 8),
    (DEFAULT, 9, 9),
    (DEFAULT, 9, 10),
    (DEFAULT, 9, 11),
    (DEFAULT, 9, 12),
    (DEFAULT, 9, 13),
    (DEFAULT, 9, 14),
    (DEFAULT, 9, 15),
    (DEFAULT, 9, 16),
    (DEFAULT, 10, 1),
    (DEFAULT, 10, 2),
    (DEFAULT, 10, 3),
    (DEFAULT, 10, 4),
    (DEFAULT, 10, 5),
    (DEFAULT, 10, 6),
    (DEFAULT, 10, 7),
    (DEFAULT, 10, 8),
    (DEFAULT, 10, 9),
    (DEFAULT, 10, 10),
    (DEFAULT, 10, 11),
    (DEFAULT, 10, 12),
    (DEFAULT, 10, 13),
    (DEFAULT, 10, 14),
    (DEFAULT, 10, 15),
    (DEFAULT, 10, 16),
    (DEFAULT, 11, 1),
    (DEFAULT, 11, 2),
    (DEFAULT, 11, 3),
    (DEFAULT, 11, 4),
    (DEFAULT, 11, 5),
    (DEFAULT, 11, 6),
    (DEFAULT, 11, 7),
    (DEFAULT, 11, 8),
    (DEFAULT, 11, 9),
    (DEFAULT, 11, 10),
    (DEFAULT, 11, 11),
    (DEFAULT, 11, 12),
    (DEFAULT, 11, 13),
    (DEFAULT, 11, 14),
    (DEFAULT, 12, 1),
    (DEFAULT, 12, 2),
    (DEFAULT, 12, 3),
    (DEFAULT, 12, 4),
    (DEFAULT, 12, 5),
    (DEFAULT, 12, 6),
    (DEFAULT, 12, 7),
    (DEFAULT, 12, 8),
    (DEFAULT, 12, 9),
    (DEFAULT, 12, 10),
    (DEFAULT, 12, 11),
    (DEFAULT, 12, 12),
    (DEFAULT, 12, 13),
    (DEFAULT, 12, 14),
    (DEFAULT, 13, 1),
    (DEFAULT, 13, 2),
    (DEFAULT, 13, 3),
    (DEFAULT, 13, 4),
    (DEFAULT, 13, 5),
    (DEFAULT, 13, 6),
    (DEFAULT, 13, 7),
    (DEFAULT, 13, 8),
    (DEFAULT, 13, 9),
    (DEFAULT, 13, 10),
    (DEFAULT, 13, 11),
    (DEFAULT, 13, 12),
    (DEFAULT, 13, 13),
    (DEFAULT, 13, 14),
    (DEFAULT, 14, 1),
    (DEFAULT, 14, 2),
    (DEFAULT, 14, 3),
    (DEFAULT, 14, 4),
    (DEFAULT, 14, 5),
    (DEFAULT, 14, 6),
    (DEFAULT, 14, 7),
    (DEFAULT, 14, 8),
    (DEFAULT, 14, 9),
    (DEFAULT, 14, 10),
    (DEFAULT, 14, 11),
    (DEFAULT, 14, 12),
    (DEFAULT, 14, 13),
    (DEFAULT, 14, 14),
    (DEFAULT, 15, 1),
    (DEFAULT, 15, 2),
    (DEFAULT, 15, 3),
    (DEFAULT, 15, 4),
    (DEFAULT, 15, 5),
    (DEFAULT, 15, 6),
    (DEFAULT, 15, 7),
    (DEFAULT, 15, 8),
    (DEFAULT, 15, 9),
    (DEFAULT, 15, 10),
    (DEFAULT, 15, 11),
    (DEFAULT, 15, 12),
    (DEFAULT, 15, 13),
    (DEFAULT, 15, 14),
    (DEFAULT, 16, 1),
    (DEFAULT, 16, 2),
    (DEFAULT, 16, 3),
    (DEFAULT, 16, 4),
    (DEFAULT, 16, 5),
    (DEFAULT, 16, 6),
    (DEFAULT, 16, 7),
    (DEFAULT, 16, 8),
    (DEFAULT, 16, 9),
    (DEFAULT, 16, 10),
    (DEFAULT, 16, 11),
    (DEFAULT, 16, 12),
    (DEFAULT, 16, 13),
    (DEFAULT, 16, 14),
    (DEFAULT, 17, 1),
    (DEFAULT, 17, 2),
    (DEFAULT, 17, 3),
    (DEFAULT, 17, 4),
    (DEFAULT, 17, 5),
    (DEFAULT, 17, 6),
    (DEFAULT, 17, 7),
    (DEFAULT, 17, 8),
    (DEFAULT, 17, 9),
    (DEFAULT, 17, 10),
    (DEFAULT, 17, 11),
    (DEFAULT, 17, 12),
    (DEFAULT, 17, 13),
    (DEFAULT, 17, 14),
    (DEFAULT, 18, 1),
    (DEFAULT, 18, 2),
    (DEFAULT, 18, 3),
    (DEFAULT, 18, 4),
    (DEFAULT, 18, 5),
    (DEFAULT, 18, 6),
    (DEFAULT, 18, 7),
    (DEFAULT, 18, 8),
    (DEFAULT, 18, 9),
    (DEFAULT, 18, 10),
    (DEFAULT, 18, 11),
    (DEFAULT, 18, 12),
    (DEFAULT, 18, 13),
    (DEFAULT, 18, 14),
    (DEFAULT, 19, 1),
    (DEFAULT, 19, 2),
    (DEFAULT, 19, 3),
    (DEFAULT, 19, 4),
    (DEFAULT, 19, 5),
    (DEFAULT, 19, 6),
    (DEFAULT, 19, 7),
    (DEFAULT, 19, 8),
    (DEFAULT, 19, 9),
    (DEFAULT, 19, 10),
    (DEFAULT, 19, 11),
    (DEFAULT, 19, 12),
    (DEFAULT, 19, 13),
    (DEFAULT, 19, 14),
    (DEFAULT, 19, 15),
    (DEFAULT, 19, 16),
    (DEFAULT, 20, 1),
    (DEFAULT, 20, 2),
    (DEFAULT, 20, 3),
    (DEFAULT, 20, 4),
    (DEFAULT, 20, 5),
    (DEFAULT, 20, 6),
    (DEFAULT, 20, 7),
    (DEFAULT, 20, 8),
    (DEFAULT, 20, 9),
    (DEFAULT, 20, 10),
    (DEFAULT, 20, 11),
    (DEFAULT, 20, 12),
    (DEFAULT, 20, 13),
    (DEFAULT, 20, 14),
    (DEFAULT, 20, 15),
    (DEFAULT, 20, 16),
    (DEFAULT, 21, 1),
    (DEFAULT, 21, 2),
    (DEFAULT, 21, 3),
    (DEFAULT, 21, 4),
    (DEFAULT, 21, 5),
    (DEFAULT, 21, 6),
    (DEFAULT, 21, 7),
    (DEFAULT, 21, 8),
    (DEFAULT, 21, 9),
    (DEFAULT, 21, 10),
    (DEFAULT, 21, 11),
    (DEFAULT, 21, 12),
    (DEFAULT, 21, 13),
    (DEFAULT, 21, 14),
    (DEFAULT, 21, 15),
    (DEFAULT, 21, 16),
    (DEFAULT, 22, 1),
    (DEFAULT, 22, 2),
    (DEFAULT, 22, 3),
    (DEFAULT, 22, 4),
    (DEFAULT, 22, 5),
    (DEFAULT, 22, 6),
    (DEFAULT, 22, 7),
    (DEFAULT, 22, 8),
    (DEFAULT, 22, 9),
    (DEFAULT, 22, 10),
    (DEFAULT, 22, 11),
    (DEFAULT, 22, 12),
    (DEFAULT, 22, 13),
    (DEFAULT, 22, 14),
    (DEFAULT, 22, 15),
    (DEFAULT, 22, 16),
    (DEFAULT, 23, 1),
    (DEFAULT, 23, 2),
    (DEFAULT, 23, 3),
    (DEFAULT, 23, 4),
    (DEFAULT, 23, 5),
    (DEFAULT, 23, 6),
    (DEFAULT, 23, 7),
    (DEFAULT, 23, 8),
    (DEFAULT, 23, 9),
    (DEFAULT, 23, 10),
    (DEFAULT, 23, 11),
    (DEFAULT, 23, 12),
    (DEFAULT, 23, 13),
    (DEFAULT, 23, 14),
    (DEFAULT, 23, 15),
    (DEFAULT, 23, 16),
    (DEFAULT, 24, 1),
    (DEFAULT, 24, 2),
    (DEFAULT, 24, 3),
    (DEFAULT, 24, 4),
    (DEFAULT, 24, 5),
    (DEFAULT, 24, 6),
    (DEFAULT, 24, 7),
    (DEFAULT, 24, 8),
    (DEFAULT, 24, 9),
    (DEFAULT, 24, 10),
    (DEFAULT, 24, 11),
    (DEFAULT, 24, 12),
    (DEFAULT, 24, 13),
    (DEFAULT, 24, 14),
    (DEFAULT, 24, 15),
    (DEFAULT, 24, 16),
    (DEFAULT, 25, 1),
    (DEFAULT, 25, 2),
    (DEFAULT, 25, 3),
    (DEFAULT, 25, 4),
    (DEFAULT, 25, 5),
    (DEFAULT, 25, 6),
    (DEFAULT, 25, 7),
    (DEFAULT, 25, 8),
    (DEFAULT, 25, 9),
    (DEFAULT, 25, 10),
    (DEFAULT, 25, 11),
    (DEFAULT, 25, 12),
    (DEFAULT, 25, 13),
    (DEFAULT, 25, 14),
    (DEFAULT, 25, 15),
    (DEFAULT, 25, 16),
    (DEFAULT, 26, 1),
    (DEFAULT, 26, 2),
    (DEFAULT, 26, 3),
    (DEFAULT, 26, 4),
    (DEFAULT, 26, 5),
    (DEFAULT, 26, 6),
    (DEFAULT, 26, 7),
    (DEFAULT, 26, 8),
    (DEFAULT, 26, 9),
    (DEFAULT, 26, 10),
    (DEFAULT, 26, 11),
    (DEFAULT, 26, 12),
    (DEFAULT, 26, 13),
    (DEFAULT, 26, 14),
    (DEFAULT, 26, 15),
    (DEFAULT, 26, 16),
    (DEFAULT, 27, 1),
    (DEFAULT, 27, 2),
    (DEFAULT, 27, 3),
    (DEFAULT, 27, 4),
    (DEFAULT, 27, 5),
    (DEFAULT, 27, 6),
    (DEFAULT, 27, 7),
    (DEFAULT, 27, 8),
    (DEFAULT, 27, 9),
    (DEFAULT, 27, 10),
    (DEFAULT, 27, 11),
    (DEFAULT, 27, 12),
    (DEFAULT, 27, 13),
    (DEFAULT, 27, 14),
    (DEFAULT, 28, 1),
    (DEFAULT, 28, 2),
    (DEFAULT, 28, 3),
    (DEFAULT, 28, 4),
    (DEFAULT, 28, 5),
    (DEFAULT, 28, 6),
    (DEFAULT, 28, 7),
    (DEFAULT, 28, 8),
    (DEFAULT, 28, 9),
    (DEFAULT, 28, 10),
    (DEFAULT, 28, 11),
    (DEFAULT, 28, 12),
    (DEFAULT, 28, 13),
    (DEFAULT, 28, 14),
    (DEFAULT, 28, 15),
    (DEFAULT, 28, 16),
    (DEFAULT, 29, 1),
    (DEFAULT, 29, 2),
    (DEFAULT, 29, 3),
    (DEFAULT, 29, 4),
    (DEFAULT, 29, 5),
    (DEFAULT, 29, 6),
    (DEFAULT, 29, 7),
    (DEFAULT, 29, 8),
    (DEFAULT, 29, 9),
    (DEFAULT, 29, 10),
    (DEFAULT, 29, 11),
    (DEFAULT, 29, 12),
    (DEFAULT, 29, 13),
    (DEFAULT, 29, 14),
    (DEFAULT, 30, 1),
    (DEFAULT, 30, 2),
    (DEFAULT, 30, 3),
    (DEFAULT, 30, 4),
    (DEFAULT, 30, 5),
    (DEFAULT, 30, 6),
    (DEFAULT, 30, 7),
    (DEFAULT, 30, 8),
    (DEFAULT, 30, 9),
    (DEFAULT, 30, 10),
    (DEFAULT, 30, 11),
    (DEFAULT, 30, 12),
    (DEFAULT, 30, 13),
    (DEFAULT, 30, 14),
    (DEFAULT, 30, 15),
    (DEFAULT, 30, 16),
    (DEFAULT, 31, 1),
    (DEFAULT, 31, 2),
    (DEFAULT, 31, 3),
    (DEFAULT, 31, 4),
    (DEFAULT, 31, 5),
    (DEFAULT, 31, 6),
    (DEFAULT, 31, 7),
    (DEFAULT, 31, 8),
    (DEFAULT, 31, 9),
    (DEFAULT, 31, 10),
    (DEFAULT, 31, 11),
    (DEFAULT, 31, 12),
    (DEFAULT, 31, 13),
    (DEFAULT, 31, 14),
    (DEFAULT, 32, 1),
    (DEFAULT, 32, 2),
    (DEFAULT, 32, 3),
    (DEFAULT, 32, 4),
    (DEFAULT, 32, 5),
    (DEFAULT, 32, 6),
    (DEFAULT, 32, 7),
    (DEFAULT, 32, 8),
    (DEFAULT, 32, 9),
    (DEFAULT, 32, 10),
    (DEFAULT, 32, 11),
    (DEFAULT, 32, 12),
    (DEFAULT, 32, 13),
    (DEFAULT, 32, 14),
    (DEFAULT, 33, 1),
    (DEFAULT, 33, 2),
    (DEFAULT, 33, 3),
    (DEFAULT, 33, 4),
    (DEFAULT, 33, 5),
    (DEFAULT, 33, 6),
    (DEFAULT, 33, 7),
    (DEFAULT, 33, 8),
    (DEFAULT, 33, 9),
    (DEFAULT, 33, 10),
    (DEFAULT, 33, 11),
    (DEFAULT, 33, 12),
    (DEFAULT, 33, 13),
    (DEFAULT, 33, 14),
    (DEFAULT, 33, 15),
    (DEFAULT, 33, 16),
    (DEFAULT, 34, 1),
    (DEFAULT, 34, 2),
    (DEFAULT, 34, 3),
    (DEFAULT, 34, 4),
    (DEFAULT, 34, 5),
    (DEFAULT, 34, 6),
    (DEFAULT, 34, 7),
    (DEFAULT, 34, 8),
    (DEFAULT, 34, 9),
    (DEFAULT, 34, 10),
    (DEFAULT, 34, 11),
    (DEFAULT, 34, 12),
    (DEFAULT, 34, 13),
    (DEFAULT, 34, 14),
    (DEFAULT, 34, 15),
    (DEFAULT, 34, 16),
    (DEFAULT, 35, 1),
    (DEFAULT, 35, 2),
    (DEFAULT, 35, 3),
    (DEFAULT, 35, 4),
    (DEFAULT, 35, 5),
    (DEFAULT, 35, 6),
    (DEFAULT, 35, 7),
    (DEFAULT, 35, 8),
    (DEFAULT, 35, 9),
    (DEFAULT, 35, 10),
    (DEFAULT, 35, 11),
    (DEFAULT, 35, 12),
    (DEFAULT, 35, 13),
    (DEFAULT, 35, 14),
    (DEFAULT, 36, 1),
    (DEFAULT, 36, 2),
    (DEFAULT, 36, 3),
    (DEFAULT, 36, 4),
    (DEFAULT, 36, 5),
    (DEFAULT, 36, 6),
    (DEFAULT, 36, 7),
    (DEFAULT, 36, 8),
    (DEFAULT, 36, 9),
    (DEFAULT, 36, 10),
    (DEFAULT, 36, 11),
    (DEFAULT, 36, 12),
    (DEFAULT, 36, 13),
    (DEFAULT, 36, 14),
    (DEFAULT, 36, 15),
    (DEFAULT, 36, 16),
    (DEFAULT, 37, 1),
    (DEFAULT, 37, 2),
    (DEFAULT, 37, 3),
    (DEFAULT, 37, 4),
    (DEFAULT, 37, 5),
    (DEFAULT, 37, 6),
    (DEFAULT, 37, 7),
    (DEFAULT, 37, 8),
    (DEFAULT, 37, 9),
    (DEFAULT, 37, 10),
    (DEFAULT, 37, 11),
    (DEFAULT, 37, 12),
    (DEFAULT, 37, 13),
    (DEFAULT, 37, 14),
    (DEFAULT, 38, 1),
    (DEFAULT, 38, 2),
    (DEFAULT, 38, 3),
    (DEFAULT, 38, 4),
    (DEFAULT, 38, 5),
    (DEFAULT, 38, 6),
    (DEFAULT, 38, 7),
    (DEFAULT, 38, 8),
    (DEFAULT, 38, 9),
    (DEFAULT, 39, 1),
    (DEFAULT, 39, 2),
    (DEFAULT, 39, 3),
    (DEFAULT, 39, 4),
    (DEFAULT, 39, 5),
    (DEFAULT, 39, 6),
    (DEFAULT, 39, 7),
    (DEFAULT, 39, 8),
    (DEFAULT, 39, 9),
    (DEFAULT, 39, 10),
    (DEFAULT, 39, 11),
    (DEFAULT, 39, 12),
    (DEFAULT, 39, 13),
    (DEFAULT, 39, 14),
    (DEFAULT, 40, 1),
    (DEFAULT, 40, 2),
    (DEFAULT, 40, 3),
    (DEFAULT, 40, 4),
    (DEFAULT, 40, 5),
    (DEFAULT, 40, 6),
    (DEFAULT, 40, 7),
    (DEFAULT, 40, 8),
    (DEFAULT, 40, 9),
    (DEFAULT, 41, 1),
    (DEFAULT, 41, 2),
    (DEFAULT, 41, 3),
    (DEFAULT, 41, 4),
    (DEFAULT, 41, 5),
    (DEFAULT, 41, 6),
    (DEFAULT, 41, 7),
    (DEFAULT, 42, 1),
    (DEFAULT, 42, 2),
    (DEFAULT, 42, 3),
    (DEFAULT, 42, 4),
    (DEFAULT, 42, 5),
    (DEFAULT, 42, 6),
    (DEFAULT, 42, 7),
    (DEFAULT, 43, 1),
    (DEFAULT, 43, 2),
    (DEFAULT, 43, 3),
    (DEFAULT, 43, 4),
    (DEFAULT, 43, 5),
    (DEFAULT, 43, 6),
    (DEFAULT, 43, 7),
    (DEFAULT, 43, 8),
    (DEFAULT, 43, 9),
    (DEFAULT, 43, 10),
    (DEFAULT, 43, 11),
    (DEFAULT, 43, 12),
    (DEFAULT, 43, 13),
    (DEFAULT, 43, 14),
    (DEFAULT, 44, 1),
    (DEFAULT, 44, 2),
    (DEFAULT, 44, 3),
    (DEFAULT, 44, 4),
    (DEFAULT, 44, 5),
    (DEFAULT, 44, 6),
    (DEFAULT, 44, 7),
    (DEFAULT, 44, 8),
    (DEFAULT, 45, 1),
    (DEFAULT, 45, 2),
    (DEFAULT, 45, 3),
    (DEFAULT, 45, 4),
    (DEFAULT, 45, 5),
    (DEFAULT, 45, 6),
    (DEFAULT, 45, 7),
    (DEFAULT, 45, 8),
    (DEFAULT, 45, 9),
    (DEFAULT, 46, 1),
    (DEFAULT, 46, 2),
    (DEFAULT, 46, 3),
    (DEFAULT, 46, 4),
    (DEFAULT, 46, 5),
    (DEFAULT, 46, 6),
    (DEFAULT, 46, 7),
    (DEFAULT, 46, 8),
    (DEFAULT, 47, 1),
    (DEFAULT, 47, 2),
    (DEFAULT, 47, 3),
    (DEFAULT, 47, 4),
    (DEFAULT, 47, 5),
    (DEFAULT, 47, 6),
    (DEFAULT, 47, 7),
    (DEFAULT, 47, 8),
    (DEFAULT, 48, 1),
    (DEFAULT, 48, 2),
    (DEFAULT, 48, 3),
    (DEFAULT, 48, 4),
    (DEFAULT, 48, 5),
    (DEFAULT, 48, 6),
    (DEFAULT, 48, 7),
    (DEFAULT, 48, 8),
    (DEFAULT, 49, 1),
    (DEFAULT, 49, 2),
    (DEFAULT, 49, 3),
    (DEFAULT, 50, 1),
    (DEFAULT, 50, 2),
    (DEFAULT, 50, 3),
    (DEFAULT, 50, 4),
    (DEFAULT, 50, 5),
    (DEFAULT, 51, 1),
    (DEFAULT, 51, 2),
    (DEFAULT, 51, 3),
    (DEFAULT, 51, 4),
    (DEFAULT, 51, 5),
    (DEFAULT, 51, 6),
    (DEFAULT, 51, 7),
    (DEFAULT, 51, 8),
    (DEFAULT, 51, 9),
    (DEFAULT, 51, 10),
    (DEFAULT, 51, 11),
    (DEFAULT, 51, 12),
    (DEFAULT, 51, 13),
    (DEFAULT, 51, 14),
    (DEFAULT, 52, 1),
    (DEFAULT, 52, 2),
    (DEFAULT, 52, 3),
    (DEFAULT, 52, 4),
    (DEFAULT, 52, 5),
    (DEFAULT, 52, 6),
    (DEFAULT, 52, 7),
    (DEFAULT, 52, 8),
    (DEFAULT, 52, 9),
    (DEFAULT, 52, 10),
    (DEFAULT, 52, 11),
    (DEFAULT, 52, 12),
    (DEFAULT, 52, 13),
    (DEFAULT, 52, 14),
    (DEFAULT, 53, 1),
    (DEFAULT, 53, 2),
    (DEFAULT, 53, 3),
    (DEFAULT, 53, 4),
    (DEFAULT, 53, 5),
    (DEFAULT, 53, 6),
    (DEFAULT, 53, 7),
    (DEFAULT, 53, 8),
    (DEFAULT, 53, 9),
    (DEFAULT, 53, 10),
    (DEFAULT, 53, 11),
    (DEFAULT, 53, 12),
    (DEFAULT, 53, 13),
    (DEFAULT, 53, 14),
    (DEFAULT, 54, 1),
    (DEFAULT, 54, 2),
    (DEFAULT, 54, 3),
    (DEFAULT, 54, 4),
    (DEFAULT, 54, 5),
    (DEFAULT, 54, 6),
    (DEFAULT, 54, 7),
    (DEFAULT, 54, 8),
    (DEFAULT, 54, 9),
    (DEFAULT, 54, 10),
    (DEFAULT, 54, 11),
    (DEFAULT, 54, 12),
    (DEFAULT, 54, 13),
    (DEFAULT, 54, 14),
    (DEFAULT, 55, 1),
    (DEFAULT, 55, 2),
    (DEFAULT, 55, 3),
    (DEFAULT, 55, 4),
    (DEFAULT, 55, 5),
    (DEFAULT, 55, 6),
    (DEFAULT, 55, 7),
    (DEFAULT, 55, 8),
    (DEFAULT, 55, 9),
    (DEFAULT, 55, 10),
    (DEFAULT, 55, 11),
    (DEFAULT, 55, 12),
    (DEFAULT, 55, 13),
    (DEFAULT, 55, 14),
    (DEFAULT, 56, 1),
    (DEFAULT, 56, 2),
    (DEFAULT, 56, 3),
    (DEFAULT, 56, 4),
    (DEFAULT, 56, 5),
    (DEFAULT, 56, 6),
    (DEFAULT, 56, 7),
    (DEFAULT, 56, 8),
    (DEFAULT, 56, 9),
    (DEFAULT, 56, 10),
    (DEFAULT, 56, 11),
    (DEFAULT, 56, 12),
    (DEFAULT, 56, 13),
    (DEFAULT, 56, 14),
    (DEFAULT, 57, 1),
    (DEFAULT, 57, 2),
    (DEFAULT, 57, 3),
    (DEFAULT, 57, 4),
    (DEFAULT, 57, 5),
    (DEFAULT, 57, 6),
    (DEFAULT, 57, 7),
    (DEFAULT, 57, 8),
    (DEFAULT, 57, 9),
    (DEFAULT, 57, 10),
    (DEFAULT, 57, 11),
    (DEFAULT, 57, 12),
    (DEFAULT, 57, 13),
    (DEFAULT, 57, 14),
    (DEFAULT, 58, 1),
    (DEFAULT, 58, 2),
    (DEFAULT, 58, 3),
    (DEFAULT, 58, 4),
    (DEFAULT, 58, 5),
    (DEFAULT, 58, 6),
    (DEFAULT, 58, 7),
    (DEFAULT, 58, 8),
    (DEFAULT, 58, 9),
    (DEFAULT, 58, 10),
    (DEFAULT, 58, 11),
    (DEFAULT, 58, 12),
    (DEFAULT, 58, 13),
    (DEFAULT, 58, 14),
    (DEFAULT, 59, 1),
    (DEFAULT, 59, 2),
    (DEFAULT, 59, 3),
    (DEFAULT, 59, 4),
    (DEFAULT, 59, 5),
    (DEFAULT, 59, 6),
    (DEFAULT, 59, 7),
    (DEFAULT, 59, 8),
    (DEFAULT, 59, 9),
    (DEFAULT, 59, 10),
    (DEFAULT, 59, 11),
    (DEFAULT, 59, 12),
    (DEFAULT, 59, 13),
    (DEFAULT, 59, 14),
    (DEFAULT, 60, 1),
    (DEFAULT, 60, 2),
    (DEFAULT, 60, 3),
    (DEFAULT, 60, 4),
    (DEFAULT, 60, 5),
    (DEFAULT, 60, 6),
    (DEFAULT, 60, 7),
    (DEFAULT, 60, 8),
    (DEFAULT, 60, 9),
    (DEFAULT, 60, 10),
    (DEFAULT, 60, 11),
    (DEFAULT, 60, 12),
    (DEFAULT, 60, 13),
    (DEFAULT, 60, 14),
    (DEFAULT, 61, 1),
    (DEFAULT, 61, 2),
    (DEFAULT, 61, 3),
    (DEFAULT, 61, 4),
    (DEFAULT, 61, 5),
    (DEFAULT, 61, 6),
    (DEFAULT, 61, 7),
    (DEFAULT, 61, 8),
    (DEFAULT, 61, 9),
    (DEFAULT, 61, 10),
    (DEFAULT, 61, 11),
    (DEFAULT, 61, 12),
    (DEFAULT, 61, 13),
    (DEFAULT, 61, 14),
    (DEFAULT, 62, 1),
    (DEFAULT, 62, 2),
    (DEFAULT, 62, 3),
    (DEFAULT, 62, 4),
    (DEFAULT, 62, 5),
    (DEFAULT, 62, 6),
    (DEFAULT, 62, 7),
    (DEFAULT, 62, 8),
    (DEFAULT, 62, 9),
    (DEFAULT, 62, 10),
    (DEFAULT, 62, 11),
    (DEFAULT, 62, 12),
    (DEFAULT, 62, 13),
    (DEFAULT, 62, 14),
    (DEFAULT, 63, 1),
    (DEFAULT, 63, 2),
    (DEFAULT, 63, 3),
    (DEFAULT, 63, 4),
    (DEFAULT, 63, 5),
    (DEFAULT, 63, 6),
    (DEFAULT, 63, 7),
    (DEFAULT, 63, 8),
    (DEFAULT, 63, 9),
    (DEFAULT, 63, 10),
    (DEFAULT, 63, 11),
    (DEFAULT, 63, 12),
    (DEFAULT, 63, 13),
    (DEFAULT, 63, 14),
    (DEFAULT, 64, 1),
    (DEFAULT, 64, 2),
    (DEFAULT, 64, 3),
    (DEFAULT, 64, 4),
    (DEFAULT, 64, 5),
    (DEFAULT, 64, 6),
    (DEFAULT, 64, 7),
    (DEFAULT, 64, 8),
    (DEFAULT, 64, 9),
    (DEFAULT, 64, 10),
    (DEFAULT, 64, 11),
    (DEFAULT, 64, 12),
    (DEFAULT, 64, 13),
    (DEFAULT, 64, 14),
    (DEFAULT, 65, 1),
    (DEFAULT, 65, 2),
    (DEFAULT, 65, 3),
    (DEFAULT, 65, 4),
    (DEFAULT, 65, 5),
    (DEFAULT, 65, 6),
    (DEFAULT, 65, 7),
    (DEFAULT, 65, 8),
    (DEFAULT, 65, 9),
    (DEFAULT, 65, 10),
    (DEFAULT, 65, 11),
    (DEFAULT, 65, 12),
    (DEFAULT, 65, 13),
    (DEFAULT, 65, 14),
    (DEFAULT, 66, 1),
    (DEFAULT, 66, 2),
    (DEFAULT, 66, 3),
    (DEFAULT, 66, 4),
    (DEFAULT, 66, 5),
    (DEFAULT, 66, 6),
    (DEFAULT, 66, 7),
    (DEFAULT, 66, 8),
    (DEFAULT, 66, 9),
    (DEFAULT, 66, 10),
    (DEFAULT, 66, 11),
    (DEFAULT, 66, 12),
    (DEFAULT, 66, 13),
    (DEFAULT, 66, 14),
    (DEFAULT, 67, 1),
    (DEFAULT, 67, 2),
    (DEFAULT, 67, 3),
    (DEFAULT, 67, 4),
    (DEFAULT, 67, 5),
    (DEFAULT, 67, 6),
    (DEFAULT, 67, 7),
    (DEFAULT, 67, 8),
    (DEFAULT, 67, 9),
    (DEFAULT, 67, 10),
    (DEFAULT, 67, 11),
    (DEFAULT, 67, 12),
    (DEFAULT, 67, 13),
    (DEFAULT, 67, 14),
    (DEFAULT, 68, 1),
    (DEFAULT, 68, 2),
    (DEFAULT, 68, 3),
    (DEFAULT, 68, 4),
    (DEFAULT, 68, 5),
    (DEFAULT, 68, 6),
    (DEFAULT, 68, 7),
    (DEFAULT, 68, 8),
    (DEFAULT, 68, 9),
    (DEFAULT, 68, 10),
    (DEFAULT, 68, 11),
    (DEFAULT, 68, 12),
    (DEFAULT, 68, 13),
    (DEFAULT, 68, 14),
    (DEFAULT, 69, 1),
    (DEFAULT, 69, 2),
    (DEFAULT, 69, 3),
    (DEFAULT, 69, 4),
    (DEFAULT, 69, 5),
    (DEFAULT, 69, 6),
    (DEFAULT, 69, 7),
    (DEFAULT, 69, 8),
    (DEFAULT, 69, 9),
    (DEFAULT, 69, 10),
    (DEFAULT, 69, 11),
    (DEFAULT, 69, 12),
    (DEFAULT, 69, 13),
    (DEFAULT, 69, 14),
    (DEFAULT, 70, 1),
    (DEFAULT, 70, 2),
    (DEFAULT, 70, 3),
    (DEFAULT, 70, 4),
    (DEFAULT, 70, 5),
    (DEFAULT, 70, 6),
    (DEFAULT, 70, 7),
    (DEFAULT, 70, 8),
    (DEFAULT, 70, 9),
    (DEFAULT, 70, 10),
    (DEFAULT, 70, 11),
    (DEFAULT, 70, 12),
    (DEFAULT, 70, 13),
    (DEFAULT, 70, 14),
    (DEFAULT, 71, 1),
    (DEFAULT, 71, 2),
    (DEFAULT, 71, 3),
    (DEFAULT, 71, 4),
    (DEFAULT, 71, 5),
    (DEFAULT, 71, 6),
    (DEFAULT, 71, 7),
    (DEFAULT, 71, 8),
    (DEFAULT, 71, 9),
    (DEFAULT, 71, 10),
    (DEFAULT, 71, 11),
    (DEFAULT, 71, 12),
    (DEFAULT, 71, 13),
    (DEFAULT, 71, 14),
    (DEFAULT, 72, 1),
    (DEFAULT, 72, 2),
    (DEFAULT, 72, 3),
    (DEFAULT, 72, 4),
    (DEFAULT, 72, 5),
    (DEFAULT, 72, 6),
    (DEFAULT, 72, 7),
    (DEFAULT, 72, 8),
    (DEFAULT, 72, 9),
    (DEFAULT, 72, 10),
    (DEFAULT, 72, 11),
    (DEFAULT, 72, 12),
    (DEFAULT, 72, 13),
    (DEFAULT, 72, 14),
    (DEFAULT, 73, 1),
    (DEFAULT, 73, 2),
    (DEFAULT, 73, 3),
    (DEFAULT, 73, 4),
    (DEFAULT, 73, 5),
    (DEFAULT, 73, 6),
    (DEFAULT, 73, 7),
    (DEFAULT, 73, 8),
    (DEFAULT, 73, 9),
    (DEFAULT, 73, 10),
    (DEFAULT, 73, 11),
    (DEFAULT, 73, 12),
    (DEFAULT, 73, 13),
    (DEFAULT, 73, 14);


-- Donnees de la table TeamMember
INSERT INTO TeamMember
VALUES
    ('aubj1202', 1),
    ('aubo1502', 1),
    ('barr1306', 2),
    ('bele0801', 2),
    ('bele1103', 3),
    ('bild2707', 3),
    ('bils2704', 4),
    ('boie0601', 4),
    ('bour0703', 5),
    ('brel0901', 5),
    ('cake0801', 6),
    ('canb1801', 6),
    ('cany2101', 7),
    ('carv0701', 7),
    ('caua1101', 8),
    ('chab1704', 8),
    ('clof1603', 9),
    ('cotr3901', 9),
    ('dufj2908', 10),
    ('durp2003', 10),
    ('gell3101', 11),
    ('gerz0501', 11),
    ('guea0902', 12),
    ('houy2303', 12),
    ('jace1402', 13),
    ('jans2001', 13),
    ('keib3201', 14),
    ('keif1201', 14),
    ('aubj1202', 15),
    ('aubo1502', 15),
    ('barr1306', 16),
    ('bele0801', 16),
    ('bele1103', 17),
    ('bild2707', 17),
    ('bils2704', 18),
    ('boie0601', 18),
    ('bour0703', 19),
    ('brel0901', 19),
    ('cake0801', 20),
    ('canb1801', 20),
    ('cany2101', 21),
    ('carv0701', 21),
    ('caua1101', 22),
    ('chab1704', 22),
    ('clof1603', 23),
    ('cotr3901', 23),
    ('dufj2908', 24),
    ('durp2003', 24),
    ('gell3101', 25),
    ('gerz0501', 25),
    ('guea0902', 26),
    ('houy2303', 26),
    ('jace1402', 27),
    ('jans2001', 27),
    ('keib3201', 28),
    ('keif1201', 28),
    ('aubj1202', 29),
    ('aubo1502', 29),
    ('barr1306', 30),
    ('bele0801', 30),
    ('bele1103', 31),
    ('bild2707', 31),
    ('bils2704', 32),
    ('boie0601', 32),
    ('bour0703', 33),
    ('brel0901', 33),
    ('cake0801', 34),
    ('canb1801', 34),
    ('cany2101', 35),
    ('carv0701', 35),
    ('caua1101', 36),
    ('chab1704', 36),
    ('clof1603', 37),
    ('cotr3901', 37),
    ('dufj2908', 38),
    ('durp2003', 38),
    ('gell3101', 39),
    ('gerz0501', 39),
    ('guea0902', 40),
    ('houy2303', 40),
    ('jace1402', 41),
    ('jans2001', 41),
    ('keib3201', 42),
    ('keif1201', 42),
    ('aubj1202', 43),
    ('aubo1502', 43),
    ('barr1306', 44),
    ('bele0801', 44),
    ('bele1103', 45),
    ('bild2707', 45),
    ('bils2704', 46),
    ('boie0601', 46),
    ('bour0703', 47),
    ('brel0901', 47),
    ('cake0801', 48),
    ('canb1801', 48),
    ('cany2101', 49),
    ('carv0701', 49),
    ('caua1101', 50),
    ('chab1704', 50),
    ('clof1603', 51),
    ('cotr3901', 51),
    ('dufj2908', 52),
    ('durp2003', 52),
    ('gell3101', 53),
    ('gerz0501', 53),
    ('guea0902', 54),
    ('houy2303', 54),
    ('jace1402', 55),
    ('jans2001', 55),
    ('keib3201', 56),
    ('keif1201', 56),
    ('aubj1202', 57),
    ('aubo1502', 57),
    ('barr1306', 58),
    ('bele0801', 58),
    ('bele1103', 59),
    ('bild2707', 59),
    ('bils2704', 60),
    ('boie0601', 60),
    ('bour0703', 61),
    ('brel0901', 61),
    ('cake0801', 62),
    ('canb1801', 62),
    ('cany2101', 63),
    ('carv0701', 63),
    ('caua1101', 64),
    ('chab1704', 64),
    ('clof1603', 65),
    ('cotr3901', 65),
    ('dufj2908', 66),
    ('durp2003', 66),
    ('gell3101', 67),
    ('gerz0501', 67),
    ('guea0902', 68),
    ('houy2303', 68),
    ('jace1402', 69),
    ('jans2001', 69),
    ('keib3201', 70),
    ('keif1201', 70),
    ('kilv1201', 71),
    ('labc0301', 71),
    ('labg0902', 72),
    ('laby1302', 72),
    ('laft1301', 73),
    ('lals1003', 73),
    ('lamg0502', 74),
    ('lanj2131', 74),
    ('lant1401', 75),
    ('lavd2311', 75),
    ('lavm1927', 76),
    ('lavm2134', 76),
    ('pagm1302', 77),
    ('rerm1001', 77),
    ('robw1901', 78),
    ('ronk2602', 78),
    ('roua0701', 79),
    ('sehk2201', 79),
    ('sevm1802', 80),
    ('sinn1901', 80),
    ('sowa0801', 81),
    ('stao0901', 81),
    ('stds2101', 82),
    ('thip0901', 82),
    ('trew1501', 83),
    ('tria1001', 83),
    ('trus1706', 84),
    ('turv5324', 84),
    ('alap1201', 85),
    ('audm1201', 85),
    ('berx1201', 86),
    ('bisz1301', 86),
    ('kilv1201', 87),
    ('labc0301', 87),
    ('labg0902', 88),
    ('laby1302', 88),
    ('laft1301', 89),
    ('lals1003', 89),
    ('lamg0502', 90),
    ('lanj2131', 90),
    ('lant1401', 91),
    ('lavd2311', 91),
    ('lavm1927', 92),
    ('lavm2134', 92),
    ('pagm1302', 93),
    ('rerm1001', 93),
    ('robw1901', 94),
    ('ronk2602', 94),
    ('roua0701', 95),
    ('sehk2201', 95),
    ('sevm1802', 96),
    ('sinn1901', 96),
    ('sowa0801', 97),
    ('stao0901', 97),
    ('stds2101', 98),
    ('thip0901', 98),
    ('trew1501', 99),
    ('tria1001', 99),
    ('trus1706', 100),
    ('turv5324', 100),
    ('alap1201', 101),
    ('audm1201', 101),
    ('berx1201', 102),
    ('bisz1301', 102),
    ('kilv1201', 103),
    ('labc0301', 103),
    ('labg0902', 104),
    ('laby1302', 104),
    ('laft1301', 105),
    ('lals1003', 105),
    ('lamg0502', 106),
    ('lanj2131', 106),
    ('lant1401', 107),
    ('lavd2311', 107),
    ('lavm1927', 108),
    ('lavm2134', 108),
    ('pagm1302', 109),
    ('rerm1001', 109),
    ('robw1901', 110),
    ('ronk2602', 110),
    ('roua0701', 111),
    ('sehk2201', 111),
    ('sevm1802', 112),
    ('sinn1901', 112),
    ('sowa0801', 113),
    ('stao0901', 113),
    ('stds2101', 114),
    ('thip0901', 114),
    ('trew1501', 115),
    ('tria1001', 115),
    ('trus1706', 116),
    ('turv5324', 116),
    ('alap1201', 117),
    ('audm1201', 117),
    ('berx1201', 118),
    ('bisz1301', 118),
    ('kilv1201', 119),
    ('labc0301', 119),
    ('labg0902', 120),
    ('laby1302', 120),
    ('laft1301', 121),
    ('lals1003', 121),
    ('lamg0502', 122),
    ('lanj2131', 122),
    ('lant1401', 123),
    ('lavd2311', 123),
    ('lavm1927', 124),
    ('lavm2134', 124),
    ('pagm1302', 125),
    ('rerm1001', 125),
    ('robw1901', 126),
    ('ronk2602', 126),
    ('roua0701', 127),
    ('sehk2201', 127),
    ('sevm1802', 128),
    ('sinn1901', 128),
    ('sowa0801', 129),
    ('stao0901', 129),
    ('stds2101', 130),
    ('thip0901', 130),
    ('trew1501', 131),
    ('tria1001', 131),
    ('trus1706', 132),
    ('turv5324', 132),
    ('alap1201', 133),
    ('audm1201', 133),
    ('berx1201', 134),
    ('bisz1301', 134),
    ('kilv1201', 135),
    ('labc0301', 135),
    ('labg0902', 136),
    ('laby1302', 136),
    ('laft1301', 137),
    ('lals1003', 137),
    ('lamg0502', 138),
    ('lanj2131', 138),
    ('lant1401', 139),
    ('lavd2311', 139),
    ('lavm1927', 140),
    ('lavm2134', 140),
    ('pagm1302', 141),
    ('rerm1001', 141),
    ('robw1901', 142),
    ('ronk2602', 142),
    ('roua0701', 143),
    ('sehk2201', 143),
    ('sevm1802', 144),
    ('sinn1901', 144),
    ('sowa0801', 145),
    ('stao0901', 145),
    ('stds2101', 146),
    ('thip0901', 146),
    ('trew1501', 147),
    ('tria1001', 147),
    ('trus1706', 148),
    ('turv5324', 148),
    ('alap1201', 149),
    ('audm1201', 149),
    ('berx1201', 150),
    ('bisz1301', 150),
    ('aubj1202', 151),
    ('aubo1502', 151),
    ('barr1306', 152),
    ('bele0801', 152),
    ('bele1103', 153),
    ('bild2707', 153),
    ('bils2704', 154),
    ('boie0601', 154),
    ('bour0703', 155),
    ('brel0901', 155),
    ('cake0801', 156),
    ('canb1801', 156),
    ('cany2101', 157),
    ('carv0701', 157),
    ('caua1101', 158),
    ('chab1704', 158),
    ('clof1603', 159),
    ('cotr3901', 159),
    ('dufj2908', 160),
    ('durp2003', 160),
    ('gell3101', 161),
    ('gerz0501', 161),
    ('guea0902', 162),
    ('houy2303', 162),
    ('jace1402', 163),
    ('jans2001', 163),
    ('keib3201', 164),
    ('keif1201', 164),
    ('aubj1202', 165),
    ('aubo1502', 165),
    ('barr1306', 166),
    ('bele0801', 166),
    ('bele1103', 167),
    ('bild2707', 167),
    ('bils2704', 168),
    ('boie0601', 168),
    ('bour0703', 169),
    ('brel0901', 169),
    ('cake0801', 170),
    ('canb1801', 170),
    ('cany2101', 171),
    ('carv0701', 171),
    ('caua1101', 172),
    ('chab1704', 172),
    ('clof1603', 173),
    ('cotr3901', 173),
    ('dufj2908', 174),
    ('durp2003', 174),
    ('gell3101', 175),
    ('gerz0501', 175),
    ('guea0902', 176),
    ('houy2303', 176),
    ('jace1402', 177),
    ('jans2001', 177),
    ('keib3201', 178),
    ('keif1201', 178),
    ('aubj1202', 179),
    ('aubo1502', 179),
    ('barr1306', 180),
    ('bele0801', 180),
    ('bele1103', 181),
    ('bild2707', 181),
    ('bils2704', 182),
    ('boie0601', 182),
    ('bour0703', 183),
    ('brel0901', 183),
    ('cake0801', 184),
    ('canb1801', 184),
    ('cany2101', 185),
    ('carv0701', 185),
    ('caua1101', 186),
    ('chab1704', 186),
    ('clof1603', 187),
    ('cotr3901', 187),
    ('dufj2908', 188),
    ('durp2003', 188),
    ('gell3101', 189),
    ('gerz0501', 189),
    ('guea0902', 190),
    ('houy2303', 190),
    ('jace1402', 191),
    ('jans2001', 191),
    ('keib3201', 192),
    ('keif1201', 192),
    ('aubj1202', 193),
    ('aubo1502', 193),
    ('barr1306', 194),
    ('bele0801', 194),
    ('bele1103', 195),
    ('bild2707', 195),
    ('bils2704', 196),
    ('boie0601', 196),
    ('bour0703', 197),
    ('brel0901', 197),
    ('cake0801', 198),
    ('canb1801', 198),
    ('cany2101', 199),
    ('carv0701', 199),
    ('caua1101', 200),
    ('chab1704', 200),
    ('clof1603', 201),
    ('cotr3901', 201),
    ('dufj2908', 202),
    ('durp2003', 202),
    ('gell3101', 203),
    ('gerz0501', 203),
    ('guea0902', 204),
    ('houy2303', 204),
    ('jace1402', 205),
    ('jans2001', 205),
    ('keib3201', 206),
    ('keif1201', 206),
    ('aubj1202', 207),
    ('aubo1502', 207),
    ('barr1306', 208),
    ('bele0801', 208),
    ('bele1103', 209),
    ('bild2707', 209),
    ('bils2704', 210),
    ('boie0601', 210),
    ('bour0703', 211),
    ('brel0901', 211),
    ('cake0801', 212),
    ('canb1801', 212),
    ('cany2101', 213),
    ('carv0701', 213),
    ('caua1101', 214),
    ('chab1704', 214),
    ('clof1603', 215),
    ('cotr3901', 215),
    ('dufj2908', 216),
    ('durp2003', 216),
    ('gell3101', 217),
    ('gerz0501', 217),
    ('guea0902', 218),
    ('houy2303', 218),
    ('jace1402', 219),
    ('jans2001', 219),
    ('keib3201', 220),
    ('keif1201', 220),
    ('aubj1202', 221),
    ('aubo1502', 221),
    ('barr1306', 222),
    ('bele0801', 222),
    ('bele1103', 223),
    ('bild2707', 223),
    ('bils2704', 224),
    ('boie0601', 224),
    ('bour0703', 225),
    ('brel0901', 225),
    ('cake0801', 226),
    ('canb1801', 226),
    ('cany2101', 227),
    ('carv0701', 227),
    ('caua1101', 228),
    ('chab1704', 228),
    ('clof1603', 229),
    ('cotr3901', 229),
    ('dufj2908', 230),
    ('durp2003', 230),
    ('gell3101', 231),
    ('gerz0501', 231),
    ('guea0902', 232),
    ('houy2303', 232),
    ('jace1402', 233),
    ('jans2001', 233),
    ('keib3201', 234),
    ('keif1201', 234),
    ('aubj1202', 235),
    ('aubo1502', 235),
    ('barr1306', 236),
    ('bele0801', 236),
    ('bele1103', 237),
    ('bild2707', 237),
    ('bils2704', 238),
    ('boie0601', 238),
    ('bour0703', 239),
    ('brel0901', 239),
    ('cake0801', 240),
    ('canb1801', 240),
    ('cany2101', 241),
    ('carv0701', 241),
    ('caua1101', 242),
    ('chab1704', 242),
    ('clof1603', 243),
    ('cotr3901', 243),
    ('dufj2908', 244),
    ('durp2003', 244),
    ('gell3101', 245),
    ('gerz0501', 245),
    ('guea0902', 246),
    ('houy2303', 246),
    ('jace1402', 247),
    ('jans2001', 247),
    ('keib3201', 248),
    ('keif1201', 248),
    ('aubj1202', 249),
    ('aubo1502', 249),
    ('barr1306', 250),
    ('bele0801', 250),
    ('bele1103', 251),
    ('bild2707', 251),
    ('bils2704', 252),
    ('boie0601', 252),
    ('bour0703', 253),
    ('brel0901', 253),
    ('cake0801', 254),
    ('canb1801', 254),
    ('cany2101', 255),
    ('carv0701', 255),
    ('caua1101', 256),
    ('chab1704', 256),
    ('clof1603', 257),
    ('cotr3901', 257),
    ('dufj2908', 258),
    ('durp2003', 258),
    ('gell3101', 259),
    ('gerz0501', 259),
    ('guea0902', 260),
    ('houy2303', 260),
    ('jace1402', 261),
    ('jans2001', 261),
    ('keib3201', 262),
    ('keif1201', 262),
    ('kilv1201', 263),
    ('labc0301', 263),
    ('labg0902', 264),
    ('laby1302', 264),
    ('laft1301', 265),
    ('lals1003', 265),
    ('lamg0502', 266),
    ('lanj2131', 266),
    ('lant1401', 267),
    ('lavd2311', 267),
    ('lavm1927', 268),
    ('lavm2134', 268),
    ('pagm1302', 269),
    ('rerm1001', 269),
    ('robw1901', 270),
    ('ronk2602', 270),
    ('roua0701', 271),
    ('sehk2201', 271),
    ('sevm1802', 272),
    ('sinn1901', 272),
    ('sowa0801', 273),
    ('stao0901', 273),
    ('stds2101', 274),
    ('thip0901', 274),
    ('trew1501', 275),
    ('tria1001', 275),
    ('trus1706', 276),
    ('turv5324', 276),
    ('alap1201', 277),
    ('audm1201', 277),
    ('berx1201', 278),
    ('bisz1301', 278),
    ('kilv1201', 279),
    ('labc0301', 279),
    ('labg0902', 280),
    ('laby1302', 280),
    ('laft1301', 281),
    ('lals1003', 281),
    ('lamg0502', 282),
    ('lanj2131', 282),
    ('lant1401', 283),
    ('lavd2311', 283),
    ('lavm1927', 284),
    ('lavm2134', 284),
    ('pagm1302', 285),
    ('rerm1001', 285),
    ('robw1901', 286),
    ('ronk2602', 286),
    ('roua0701', 287),
    ('sehk2201', 287),
    ('sevm1802', 288),
    ('sinn1901', 288),
    ('sowa0801', 289),
    ('stao0901', 289),
    ('stds2101', 290),
    ('thip0901', 290),
    ('trew1501', 291),
    ('tria1001', 291),
    ('trus1706', 292),
    ('turv5324', 292),
    ('alap1201', 293),
    ('audm1201', 293),
    ('berx1201', 294),
    ('bisz1301', 294),
    ('kilv1201', 295),
    ('labc0301', 295),
    ('labg0902', 296),
    ('laby1302', 296),
    ('laft1301', 297),
    ('lals1003', 297),
    ('lamg0502', 298),
    ('lanj2131', 298),
    ('lant1401', 299),
    ('lavd2311', 299),
    ('lavm1927', 300),
    ('lavm2134', 300),
    ('pagm1302', 301),
    ('rerm1001', 301),
    ('robw1901', 302),
    ('ronk2602', 302),
    ('roua0701', 303),
    ('sehk2201', 303),
    ('sevm1802', 304),
    ('sinn1901', 304),
    ('sowa0801', 305),
    ('stao0901', 305),
    ('stds2101', 306),
    ('thip0901', 306),
    ('trew1501', 307),
    ('tria1001', 307),
    ('trus1706', 308),
    ('turv5324', 308),
    ('alap1201', 309),
    ('audm1201', 309),
    ('berx1201', 310),
    ('bisz1301', 310),
    ('kilv1201', 311),
    ('labc0301', 311),
    ('labg0902', 312),
    ('laby1302', 312),
    ('laft1301', 313),
    ('lals1003', 313),
    ('lamg0502', 314),
    ('lanj2131', 314),
    ('lant1401', 315),
    ('lavd2311', 315),
    ('lavm1927', 316),
    ('lavm2134', 316),
    ('pagm1302', 317),
    ('rerm1001', 317),
    ('robw1901', 318),
    ('ronk2602', 318),
    ('roua0701', 319),
    ('sehk2201', 319),
    ('sevm1802', 320),
    ('sinn1901', 320),
    ('sowa0801', 321),
    ('stao0901', 321),
    ('stds2101', 322),
    ('thip0901', 322),
    ('trew1501', 323),
    ('tria1001', 323),
    ('trus1706', 324),
    ('turv5324', 324),
    ('alap1201', 325),
    ('audm1201', 325),
    ('berx1201', 326),
    ('bisz1301', 326),
    ('kilv1201', 327),
    ('labc0301', 327),
    ('labg0902', 328),
    ('laby1302', 328),
    ('laft1301', 329),
    ('lals1003', 329),
    ('lamg0502', 330),
    ('lanj2131', 330),
    ('lant1401', 331),
    ('lavd2311', 331),
    ('lavm1927', 332),
    ('lavm2134', 332),
    ('pagm1302', 333),
    ('rerm1001', 333),
    ('robw1901', 334),
    ('ronk2602', 334),
    ('roua0701', 335),
    ('sehk2201', 335),
    ('sevm1802', 336),
    ('sinn1901', 336),
    ('sowa0801', 337),
    ('stao0901', 337),
    ('stds2101', 338),
    ('thip0901', 338),
    ('trew1501', 339),
    ('tria1001', 339),
    ('trus1706', 340),
    ('turv5324', 340),
    ('alap1201', 341),
    ('audm1201', 341),
    ('berx1201', 342),
    ('bisz1301', 342),
    ('kilv1201', 343),
    ('labc0301', 343),
    ('labg0902', 344),
    ('laby1302', 344),
    ('laft1301', 345),
    ('lals1003', 345),
    ('lamg0502', 346),
    ('lanj2131', 346),
    ('lant1401', 347),
    ('lavd2311', 347),
    ('lavm1927', 348),
    ('lavm2134', 348),
    ('pagm1302', 349),
    ('rerm1001', 349),
    ('robw1901', 350),
    ('ronk2602', 350),
    ('roua0701', 351),
    ('sehk2201', 351),
    ('sevm1802', 352),
    ('sinn1901', 352),
    ('sowa0801', 353),
    ('stao0901', 353),
    ('stds2101', 354),
    ('thip0901', 354),
    ('trew1501', 355),
    ('tria1001', 355),
    ('trus1706', 356),
    ('turv5324', 356),
    ('alap1201', 357),
    ('audm1201', 357),
    ('berx1201', 358),
    ('bisz1301', 358),
    ('kilv1201', 359),
    ('labc0301', 359),
    ('labg0902', 360),
    ('laby1302', 360),
    ('laft1301', 361),
    ('lals1003', 361),
    ('lamg0502', 362),
    ('lanj2131', 362),
    ('lant1401', 363),
    ('lavd2311', 363),
    ('lavm1927', 364),
    ('lavm2134', 364),
    ('pagm1302', 365),
    ('rerm1001', 365),
    ('robw1901', 366),
    ('ronk2602', 366),
    ('roua0701', 367),
    ('sehk2201', 367),
    ('sevm1802', 368),
    ('sinn1901', 368),
    ('sowa0801', 369),
    ('stao0901', 369),
    ('stds2101', 370),
    ('thip0901', 370),
    ('trew1501', 371),
    ('tria1001', 371),
    ('trus1706', 372),
    ('turv5324', 372),
    ('alap1201', 373),
    ('audm1201', 373),
    ('berx1201', 374),
    ('bisz1301', 374),
    ('kilv1201', 375),
    ('labc0301', 375),
    ('labg0902', 376),
    ('laby1302', 376),
    ('laft1301', 377),
    ('lals1003', 377),
    ('lamg0502', 378),
    ('lanj2131', 378),
    ('lant1401', 379),
    ('lavd2311', 379),
    ('lavm1927', 380),
    ('lavm2134', 380),
    ('pagm1302', 381),
    ('rerm1001', 381),
    ('robw1901', 382),
    ('ronk2602', 382),
    ('roua0701', 383),
    ('sehk2201', 383),
    ('sevm1802', 384),
    ('sinn1901', 384),
    ('sowa0801', 385),
    ('stao0901', 385),
    ('stds2101', 386),
    ('thip0901', 386),
    ('trew1501', 387),
    ('tria1001', 387),
    ('trus1706', 388),
    ('turv5324', 388),
    ('alap1201', 389),
    ('audm1201', 389),
    ('berx1201', 390),
    ('bisz1301', 390),
    ('aubj1202', 391),
    ('aubo1502', 391),
    ('barr1306', 392),
    ('bele0801', 392),
    ('bele1103', 393),
    ('bild2707', 393),
    ('bils2704', 394),
    ('boie0601', 394),
    ('bour0703', 395),
    ('brel0901', 395),
    ('cake0801', 396),
    ('canb1801', 396),
    ('cany2101', 397),
    ('carv0701', 397),
    ('caua1101', 398),
    ('chab1704', 398),
    ('clof1603', 399),
    ('cotr3901', 399),
    ('dufj2908', 400),
    ('durp2003', 400),
    ('gell3101', 401),
    ('gerz0501', 401),
    ('guea0902', 402),
    ('houy2303', 402),
    ('jace1402', 403),
    ('jans2001', 403),
    ('keib3201', 404),
    ('keif1201', 404),
    ('kilv1201', 405),
    ('labc0301', 405),
    ('labg0902', 406),
    ('laby1302', 406),
    ('laft1301', 407),
    ('lals1003', 407),
    ('lamg0502', 408),
    ('lanj2131', 408),
    ('lant1401', 409),
    ('lavd2311', 409),
    ('lavm1927', 410),
    ('lavm2134', 410),
    ('pagm1302', 411),
    ('rerm1001', 411),
    ('robw1901', 412),
    ('ronk2602', 412),
    ('roua0701', 413),
    ('sehk2201', 413),
    ('sevm1802', 414),
    ('sinn1901', 414),
    ('sowa0801', 415),
    ('stao0901', 415),
    ('stds2101', 416),
    ('thip0901', 416),
    ('trew1501', 417),
    ('tria1001', 417),
    ('trus1706', 418),
    ('turv5324', 418),
    ('alap1201', 419),
    ('audm1201', 419),
    ('berx1201', 420),
    ('bisz1301', 420),
    ('aubj1202', 421),
    ('aubo1502', 421),
    ('barr1306', 422),
    ('bele0801', 422),
    ('bele1103', 423),
    ('bild2707', 423),
    ('bils2704', 424),
    ('boie0601', 424),
    ('bour0703', 425),
    ('brel0901', 425),
    ('cake0801', 426),
    ('canb1801', 426),
    ('cany2101', 427),
    ('carv0701', 427),
    ('caua1101', 428),
    ('chab1704', 428),
    ('clof1603', 429),
    ('cotr3901', 429),
    ('dufj2908', 430),
    ('durp2003', 430),
    ('gell3101', 431),
    ('gerz0501', 431),
    ('guea0902', 432),
    ('houy2303', 432),
    ('jace1402', 433),
    ('jans2001', 433),
    ('keib3201', 434),
    ('keif1201', 434),
    ('kilv1201', 435),
    ('labc0301', 435),
    ('labg0902', 436),
    ('laby1302', 436),
    ('laft1301', 437),
    ('lals1003', 437),
    ('lamg0502', 438),
    ('lanj2131', 438),
    ('lant1401', 439),
    ('lavd2311', 439),
    ('lavm1927', 440),
    ('lavm2134', 440),
    ('pagm1302', 441),
    ('rerm1001', 441),
    ('robw1901', 442),
    ('ronk2602', 442),
    ('roua0701', 443),
    ('sehk2201', 443),
    ('sevm1802', 444),
    ('sinn1901', 444),
    ('sowa0801', 445),
    ('stao0901', 445),
    ('stds2101', 446),
    ('thip0901', 446),
    ('trew1501', 447),
    ('tria1001', 447),
    ('trus1706', 448),
    ('turv5324', 448),
    ('alap1201', 449),
    ('audm1201', 449),
    ('berx1201', 450),
    ('bisz1301', 450),
    ('aubj1202', 451),
    ('aubo1502', 451),
    ('barr1306', 452),
    ('bele0801', 452),
    ('bele1103', 453),
    ('bild2707', 453),
    ('bils2704', 454),
    ('boie0601', 454),
    ('bour0703', 455),
    ('brel0901', 455),
    ('cake0801', 456),
    ('canb1801', 456),
    ('cany2101', 457),
    ('carv0701', 457),
    ('caua1101', 458),
    ('chab1704', 458),
    ('clof1603', 459),
    ('cotr3901', 459),
    ('dufj2908', 460),
    ('durp2003', 460),
    ('gell3101', 461),
    ('gerz0501', 461),
    ('guea0902', 462),
    ('houy2303', 462),
    ('jace1402', 463),
    ('jans2001', 463),
    ('keib3201', 464),
    ('keif1201', 464),
    ('aubj1202', 465),
    ('aubo1502', 465),
    ('barr1306', 466),
    ('bele0801', 466),
    ('bele1103', 467),
    ('bild2707', 467),
    ('bils2704', 468),
    ('boie0601', 468),
    ('bour0703', 469),
    ('brel0901', 469),
    ('cake0801', 470),
    ('canb1801', 470),
    ('cany2101', 471),
    ('carv0701', 471),
    ('caua1101', 472),
    ('chab1704', 472),
    ('clof1603', 473),
    ('cotr3901', 473),
    ('dufj2908', 474),
    ('durp2003', 474),
    ('gell3101', 475),
    ('gerz0501', 475),
    ('guea0902', 476),
    ('houy2303', 476),
    ('jace1402', 477),
    ('jans2001', 477),
    ('keib3201', 478),
    ('keif1201', 478),
    ('kilv1201', 479),
    ('labc0301', 479),
    ('labg0902', 480),
    ('laby1302', 480),
    ('laft1301', 481),
    ('lals1003', 481),
    ('lamg0502', 482),
    ('lanj2131', 482),
    ('lant1401', 483),
    ('lavd2311', 483),
    ('lavm1927', 484),
    ('lavm2134', 484),
    ('pagm1302', 485),
    ('rerm1001', 485),
    ('robw1901', 486),
    ('ronk2602', 486),
    ('roua0701', 487),
    ('sehk2201', 487),
    ('sevm1802', 488),
    ('sinn1901', 488),
    ('sowa0801', 489),
    ('stao0901', 489),
    ('stds2101', 490),
    ('thip0901', 490),
    ('trew1501', 491),
    ('tria1001', 491),
    ('trus1706', 492),
    ('turv5324', 492),
    ('alap1201', 493),
    ('audm1201', 493),
    ('berx1201', 494),
    ('bisz1301', 494),
    ('kilv1201', 495),
    ('labc0301', 495),
    ('labg0902', 496),
    ('laby1302', 496),
    ('laft1301', 497),
    ('lals1003', 497),
    ('lamg0502', 498),
    ('lanj2131', 498),
    ('lant1401', 499),
    ('lavd2311', 499),
    ('lavm1927', 500),
    ('lavm2134', 500),
    ('pagm1302', 501),
    ('rerm1001', 501),
    ('robw1901', 502),
    ('ronk2602', 502),
    ('roua0701', 503),
    ('sehk2201', 503),
    ('sevm1802', 504),
    ('sinn1901', 504),
    ('sowa0801', 505),
    ('stao0901', 505),
    ('stds2101', 506),
    ('thip0901', 506),
    ('trew1501', 507),
    ('tria1001', 507),
    ('trus1706', 508),
    ('turv5324', 508),
    ('alap1201', 509),
    ('audm1201', 509),
    ('berx1201', 510),
    ('bisz1301', 510),
    ('aubj1202', 511),
    ('aubo1502', 511),
    ('barr1306', 512),
    ('bele0801', 512),
    ('bele1103', 513),
    ('bild2707', 513),
    ('bils2704', 514),
    ('boie0601', 514),
    ('bour0703', 515),
    ('brel0901', 515),
    ('cake0801', 516),
    ('canb1801', 516),
    ('cany2101', 517),
    ('carv0701', 517),
    ('caua1101', 518),
    ('chab1704', 518),
    ('clof1603', 519),
    ('cotr3901', 519),
    ('dufj2908', 520),
    ('durp2003', 520),
    ('gell3101', 521),
    ('gerz0501', 521),
    ('guea0902', 522),
    ('houy2303', 522),
    ('jace1402', 523),
    ('jans2001', 523),
    ('keib3201', 524),
    ('keif1201', 524),
    ('kilv1201', 525),
    ('labc0301', 525),
    ('labg0902', 526),
    ('laby1302', 526),
    ('laft1301', 527),
    ('lals1003', 527),
    ('lamg0502', 528),
    ('lanj2131', 528),
    ('lant1401', 529),
    ('lavd2311', 529),
    ('lavm1927', 530),
    ('lavm2134', 530),
    ('pagm1302', 531),
    ('rerm1001', 531),
    ('robw1901', 532),
    ('ronk2602', 532),
    ('roua0701', 533),
    ('sehk2201', 533),
    ('sevm1802', 534),
    ('sinn1901', 534),
    ('sowa0801', 535),
    ('stao0901', 535),
    ('stds2101', 536),
    ('thip0901', 536),
    ('trew1501', 537),
    ('tria1001', 537),
    ('trus1706', 538),
    ('turv5324', 538),
    ('alap1201', 539),
    ('audm1201', 539),
    ('berx1201', 540),
    ('bisz1301', 540),
    ('aubj1202', 541),
    ('aubo1502', 541),
    ('barr1306', 542),
    ('bele0801', 542),
    ('bele1103', 543),
    ('bild2707', 543),
    ('bils2704', 544),
    ('boie0601', 544),
    ('bour0703', 545),
    ('brel0901', 545),
    ('cake0801', 546),
    ('canb1801', 546),
    ('cany2101', 547),
    ('carv0701', 547),
    ('caua1101', 548),
    ('chab1704', 548),
    ('clof1603', 549),
    ('cotr3901', 549),
    ('dufj2908', 550),
    ('durp2003', 550),
    ('gell3101', 551),
    ('gerz0501', 551),
    ('guea0902', 552),
    ('houy2303', 552),
    ('jace1402', 553),
    ('jans2001', 553),
    ('keib3201', 554),
    ('keif1201', 554),
    ('kilv1201', 555),
    ('labc0301', 555),
    ('labg0902', 556),
    ('laby1302', 556),
    ('laft1301', 557),
    ('lals1003', 557),
    ('lamg0502', 558),
    ('lanj2131', 558),
    ('lant1401', 559),
    ('lavd2311', 559),
    ('lavm1927', 560),
    ('lavm2134', 560),
    ('pagm1302', 561),
    ('rerm1001', 561),
    ('robw1901', 562),
    ('ronk2602', 562),
    ('roua0701', 563),
    ('aubj1202', 564),
    ('aubo1502', 564),
    ('barr1306', 565),
    ('bele0801', 565),
    ('bele1103', 566),
    ('bild2707', 566),
    ('bils2704', 567),
    ('boie0601', 567),
    ('bour0703', 568),
    ('brel0901', 568),
    ('cake0801', 569),
    ('canb1801', 569),
    ('cany2101', 570),
    ('carv0701', 570),
    ('caua1101', 571),
    ('chab1704', 571),
    ('clof1603', 572),
    ('cotr3901', 572),
    ('dufj2908', 573),
    ('durp2003', 573),
    ('gell3101', 574),
    ('gerz0501', 574),
    ('guea0902', 575),
    ('houy2303', 575),
    ('jace1402', 576),
    ('jans2001', 576),
    ('keib3201', 577),
    ('keif1201', 577),
    ('kilv1201', 578),
    ('labc0301', 578),
    ('labg0902', 579),
    ('laby1302', 579),
    ('laft1301', 580),
    ('lals1003', 580),
    ('lamg0502', 581),
    ('lanj2131', 581),
    ('lant1401', 582),
    ('lavd2311', 582),
    ('lavm1927', 583),
    ('lavm2134', 583),
    ('pagm1302', 584),
    ('rerm1001', 584),
    ('robw1901', 585),
    ('ronk2602', 585),
    ('roua0701', 586),
    ('aubj1202', 587),
    ('aubo1502', 587),
    ('barr1306', 588),
    ('bele0801', 588),
    ('bele1103', 589),
    ('bild2707', 589),
    ('bils2704', 590),
    ('boie0601', 590),
    ('bour0703', 591),
    ('brel0901', 591),
    ('cake0801', 592),
    ('canb1801', 592),
    ('cany2101', 593),
    ('carv0701', 593),
    ('caua1101', 594),
    ('chab1704', 594),
    ('clof1603', 595),
    ('cotr3901', 595),
    ('dufj2908', 596),
    ('durp2003', 596),
    ('gell3101', 597),
    ('gerz0501', 597),
    ('guea0902', 598),
    ('houy2303', 598),
    ('jace1402', 599),
    ('jans2001', 599),
    ('keib3201', 600),
    ('keif1201', 600),
    ('aubj1202', 601),
    ('aubo1502', 601),
    ('barr1306', 602),
    ('bele0801', 602),
    ('bele1103', 603),
    ('bild2707', 603),
    ('bils2704', 604),
    ('boie0601', 604),
    ('bour0703', 605),
    ('brel0901', 605),
    ('cake0801', 606),
    ('canb1801', 606),
    ('cany2101', 607),
    ('carv0701', 607),
    ('caua1101', 608),
    ('chab1704', 608),
    ('clof1603', 609),
    ('cotr3901', 609),
    ('dufj2908', 610),
    ('durp2003', 610),
    ('gell3101', 611),
    ('gerz0501', 611),
    ('guea0902', 612),
    ('houy2303', 612),
    ('jace1402', 613),
    ('jans2001', 613),
    ('keib3201', 614),
    ('keif1201', 614),
    ('sehk2201', 615),
    ('sevm1802', 615),
    ('sinn1901', 616),
    ('sowa0801', 616),
    ('stao0901', 617),
    ('stds2101', 617),
    ('thip0901', 618),
    ('trew1501', 618),
    ('tria1001', 619),
    ('trus1706', 619),
    ('turv5324', 620),
    ('alap1201', 620),
    ('audm1201', 621),
    ('berx1201', 621),
    ('bisz1301', 622),
    ('kilv1201', 623),
    ('labc0301', 623),
    ('labg0902', 624),
    ('laby1302', 624),
    ('laft1301', 625),
    ('lals1003', 625),
    ('lamg0502', 626),
    ('lanj2131', 626),
    ('lant1401', 627),
    ('lavd2311', 627),
    ('lavm1927', 628),
    ('lavm2134', 628),
    ('pagm1302', 629),
    ('rerm1001', 629),
    ('robw1901', 630),
    ('ronk2602', 630),
    ('roua0701', 631),
    ('sehk2201', 632),
    ('sevm1802', 632),
    ('sinn1901', 633),
    ('sowa0801', 633),
    ('stao0901', 634),
    ('stds2101', 634),
    ('thip0901', 635),
    ('trew1501', 635),
    ('tria1001', 636),
    ('trus1706', 636),
    ('turv5324', 637),
    ('alap1201', 637),
    ('audm1201', 638),
    ('berx1201', 638),
    ('bisz1301', 639),
    ('kilv1201', 640),
    ('labc0301', 640),
    ('labg0902', 641),
    ('laby1302', 641),
    ('laft1301', 642),
    ('lals1003', 642),
    ('lamg0502', 643),
    ('lanj2131', 643),
    ('lant1401', 644),
    ('lavd2311', 644),
    ('lavm1927', 645),
    ('lavm2134', 645),
    ('pagm1302', 646),
    ('rerm1001', 646),
    ('robw1901', 647),
    ('ronk2602', 647),
    ('roua0701', 648),
    ('sehk2201', 648),
    ('sevm1802', 648),
    ('sinn1901', 649),
    ('sowa0801', 649),
    ('stao0901', 650),
    ('stds2101', 650),
    ('thip0901', 651),
    ('trew1501', 651),
    ('tria1001', 652),
    ('trus1706', 652),
    ('turv5324', 653),
    ('alap1201', 653),
    ('audm1201', 654),
    ('berx1201', 654),
    ('bisz1301', 655),
    ('sehk2201', 656),
    ('sevm1802', 656),
    ('sinn1901', 657),
    ('sowa0801', 657),
    ('stao0901', 658),
    ('stds2101', 658),
    ('thip0901', 659),
    ('trew1501', 659),
    ('tria1001', 660),
    ('trus1706', 660),
    ('turv5324', 661),
    ('alap1201', 661),
    ('audm1201', 662),
    ('berx1201', 662),
    ('bisz1301', 663),
    ('aubj1202', 664),
    ('aubo1502', 664),
    ('barr1306', 665),
    ('bele0801', 665),
    ('bele1103', 666),
    ('bild2707', 666),
    ('bils2704', 667),
    ('boie0601', 667),
    ('bour0703', 668),
    ('brel0901', 668),
    ('cake0801', 669),
    ('canb1801', 669),
    ('cany2101', 670),
    ('carv0701', 670),
    ('caua1101', 671),
    ('chab1704', 671),
    ('clof1603', 672),
    ('cotr3901', 672),
    ('dufj2908', 673),
    ('durp2003', 673),
    ('gell3101', 674),
    ('gerz0501', 674),
    ('guea0902', 675),
    ('houy2303', 675),
    ('jace1402', 676),
    ('jans2001', 676),
    ('keib3201', 677),
    ('keif1201', 677),
    ('aubj1202', 678),
    ('aubo1502', 678),
    ('barr1306', 679),
    ('bele0801', 679),
    ('bele1103', 680),
    ('bild2707', 680),
    ('bils2704', 681),
    ('boie0601', 681),
    ('bour0703', 682),
    ('brel0901', 682),
    ('cake0801', 683),
    ('canb1801', 683),
    ('cany2101', 684),
    ('carv0701', 684),
    ('caua1101', 685),
    ('chab1704', 685),
    ('clof1603', 686),
    ('cotr3901', 686),
    ('dufj2908', 687),
    ('durp2003', 687),
    ('gell3101', 688),
    ('gerz0501', 688),
    ('guea0902', 689),
    ('houy2303', 689),
    ('jace1402', 690),
    ('jans2001', 690),
    ('keib3201', 691),
    ('keif1201', 691),
    ('aubj1202', 692),
    ('aubo1502', 692),
    ('barr1306', 693),
    ('bele0801', 693),
    ('bele1103', 694),
    ('bild2707', 694),
    ('bils2704', 695),
    ('boie0601', 695),
    ('bour0703', 696),
    ('brel0901', 696),
    ('cake0801', 697),
    ('canb1801', 697),
    ('cany2101', 698),
    ('carv0701', 698),
    ('caua1101', 699),
    ('chab1704', 699),
    ('clof1603', 700),
    ('cotr3901', 700),
    ('dufj2908', 701),
    ('durp2003', 701),
    ('gell3101', 702),
    ('gerz0501', 702),
    ('guea0902', 703),
    ('houy2303', 703),
    ('jace1402', 704),
    ('jans2001', 704),
    ('keib3201', 705),
    ('keif1201', 705),
    ('aubj1202', 706),
    ('aubo1502', 706),
    ('barr1306', 707),
    ('bele0801', 707),
    ('bele1103', 708),
    ('bild2707', 708),
    ('bils2704', 709),
    ('boie0601', 709),
    ('bour0703', 710),
    ('brel0901', 710),
    ('cake0801', 711),
    ('canb1801', 711),
    ('cany2101', 712),
    ('carv0701', 712),
    ('caua1101', 713),
    ('chab1704', 713),
    ('clof1603', 714),
    ('cotr3901', 714),
    ('dufj2908', 715),
    ('durp2003', 715),
    ('gell3101', 716),
    ('gerz0501', 716),
    ('guea0902', 717),
    ('houy2303', 717),
    ('jace1402', 718),
    ('jans2001', 718),
    ('keib3201', 719),
    ('keif1201', 719),
    ('aubj1202', 720),
    ('aubo1502', 720),
    ('barr1306', 721),
    ('bele0801', 721),
    ('bele1103', 722),
    ('bild2707', 722),
    ('bils2704', 723),
    ('boie0601', 723),
    ('bour0703', 724),
    ('brel0901', 724),
    ('cake0801', 725),
    ('canb1801', 725),
    ('cany2101', 726),
    ('carv0701', 726),
    ('caua1101', 727),
    ('chab1704', 727),
    ('clof1603', 728),
    ('cotr3901', 728),
    ('dufj2908', 729),
    ('durp2003', 729),
    ('gell3101', 730),
    ('gerz0501', 730),
    ('guea0902', 731),
    ('houy2303', 731),
    ('jace1402', 732),
    ('jans2001', 732),
    ('keib3201', 733),
    ('keif1201', 733),
    ('aubj1202', 734),
    ('aubo1502', 734),
    ('barr1306', 735),
    ('bele0801', 735),
    ('bele1103', 736),
    ('bild2707', 736),
    ('bils2704', 737),
    ('boie0601', 737),
    ('bour0703', 738),
    ('brel0901', 738),
    ('cake0801', 739),
    ('canb1801', 739),
    ('cany2101', 740),
    ('carv0701', 740),
    ('caua1101', 741),
    ('chab1704', 741),
    ('clof1603', 742),
    ('cotr3901', 742),
    ('dufj2908', 743),
    ('durp2003', 743),
    ('gell3101', 744),
    ('gerz0501', 744),
    ('guea0902', 745),
    ('houy2303', 745),
    ('jace1402', 746),
    ('jans2001', 746),
    ('keib3201', 747),
    ('keif1201', 747),
    ('aubj1202', 748),
    ('aubo1502', 748),
    ('barr1306', 749),
    ('bele0801', 749),
    ('bele1103', 750),
    ('bild2707', 750),
    ('bils2704', 751),
    ('boie0601', 751),
    ('bour0703', 752),
    ('brel0901', 752),
    ('cake0801', 753),
    ('canb1801', 753),
    ('cany2101', 754),
    ('carv0701', 754),
    ('caua1101', 755),
    ('chab1704', 755),
    ('clof1603', 756),
    ('cotr3901', 756),
    ('dufj2908', 757),
    ('durp2003', 757),
    ('gell3101', 758),
    ('gerz0501', 758),
    ('guea0902', 759),
    ('houy2303', 759),
    ('jace1402', 760),
    ('jans2001', 760),
    ('keib3201', 761),
    ('keif1201', 761),
    ('aubj1202', 762),
    ('aubo1502', 762),
    ('barr1306', 763),
    ('bele0801', 763),
    ('bele1103', 764),
    ('bild2707', 764),
    ('bils2704', 765),
    ('boie0601', 765),
    ('bour0703', 766),
    ('brel0901', 766),
    ('cake0801', 767),
    ('canb1801', 767),
    ('cany2101', 768),
    ('carv0701', 768),
    ('caua1101', 769),
    ('chab1704', 769),
    ('clof1603', 770),
    ('cotr3901', 770),
    ('dufj2908', 771),
    ('durp2003', 771),
    ('gell3101', 772),
    ('gerz0501', 772),
    ('guea0902', 773),
    ('houy2303', 773),
    ('jace1402', 774),
    ('jans2001', 774),
    ('keib3201', 775),
    ('keif1201', 775),
    ('aubj1202', 776),
    ('aubo1502', 776),
    ('barr1306', 777),
    ('bele0801', 777),
    ('bele1103', 778),
    ('bild2707', 778),
    ('bils2704', 779),
    ('boie0601', 779),
    ('bour0703', 780),
    ('brel0901', 780),
    ('cake0801', 781),
    ('canb1801', 781),
    ('cany2101', 782),
    ('carv0701', 782),
    ('caua1101', 783),
    ('chab1704', 783),
    ('clof1603', 784),
    ('cotr3901', 784),
    ('dufj2908', 785),
    ('durp2003', 785),
    ('gell3101', 786),
    ('gerz0501', 786),
    ('guea0902', 787),
    ('houy2303', 787),
    ('jace1402', 788),
    ('jans2001', 788),
    ('keib3201', 789),
    ('keif1201', 789),
    ('aubj1202', 790),
    ('aubo1502', 790),
    ('barr1306', 791),
    ('bele0801', 791),
    ('bele1103', 792),
    ('bild2707', 792),
    ('bils2704', 793),
    ('boie0601', 793),
    ('bour0703', 794),
    ('brel0901', 794),
    ('cake0801', 795),
    ('canb1801', 795),
    ('cany2101', 796),
    ('carv0701', 796),
    ('caua1101', 797),
    ('chab1704', 797),
    ('clof1603', 798),
    ('cotr3901', 798),
    ('dufj2908', 799),
    ('durp2003', 799),
    ('gell3101', 800),
    ('gerz0501', 800),
    ('guea0902', 801),
    ('houy2303', 801),
    ('jace1402', 802),
    ('jans2001', 802),
    ('keib3201', 803),
    ('keif1201', 803),
    ('aubj1202', 804),
    ('aubo1502', 804),
    ('barr1306', 805),
    ('bele0801', 805),
    ('bele1103', 806),
    ('bild2707', 806),
    ('bils2704', 807),
    ('boie0601', 807),
    ('bour0703', 808),
    ('brel0901', 808),
    ('cake0801', 809),
    ('canb1801', 809),
    ('cany2101', 810),
    ('carv0701', 810),
    ('caua1101', 811),
    ('chab1704', 811),
    ('clof1603', 812),
    ('cotr3901', 812),
    ('dufj2908', 813),
    ('durp2003', 813),
    ('gell3101', 814),
    ('gerz0501', 814),
    ('guea0902', 815),
    ('houy2303', 815),
    ('jace1402', 816),
    ('jans2001', 816),
    ('keib3201', 817),
    ('keif1201', 817),
    ('aubj1202', 818),
    ('aubo1502', 818),
    ('barr1306', 819),
    ('bele0801', 819),
    ('bele1103', 820),
    ('bild2707', 820),
    ('bils2704', 821),
    ('boie0601', 821),
    ('bour0703', 822),
    ('brel0901', 822),
    ('cake0801', 823),
    ('canb1801', 823),
    ('cany2101', 824),
    ('carv0701', 824),
    ('caua1101', 825),
    ('chab1704', 825),
    ('clof1603', 826),
    ('cotr3901', 826),
    ('dufj2908', 827),
    ('durp2003', 827),
    ('gell3101', 828),
    ('gerz0501', 828),
    ('guea0902', 829),
    ('houy2303', 829),
    ('jace1402', 830),
    ('jans2001', 830),
    ('keib3201', 831),
    ('keif1201', 831),
    ('aubj1202', 832),
    ('aubo1502', 832),
    ('barr1306', 833),
    ('bele0801', 833),
    ('bele1103', 834),
    ('bild2707', 834),
    ('bils2704', 835),
    ('boie0601', 835),
    ('bour0703', 836),
    ('brel0901', 836),
    ('cake0801', 837),
    ('canb1801', 837),
    ('cany2101', 838),
    ('carv0701', 838),
    ('caua1101', 839),
    ('chab1704', 839),
    ('clof1603', 840),
    ('cotr3901', 840),
    ('dufj2908', 841),
    ('durp2003', 841),
    ('gell3101', 842),
    ('gerz0501', 842),
    ('guea0902', 843),
    ('houy2303', 843),
    ('jace1402', 844),
    ('jans2001', 844),
    ('keib3201', 845),
    ('keif1201', 845),
    ('aubj1202', 846),
    ('aubo1502', 846),
    ('barr1306', 847),
    ('bele0801', 847),
    ('bele1103', 848),
    ('bild2707', 848),
    ('bils2704', 849),
    ('boie0601', 849),
    ('bour0703', 850),
    ('brel0901', 850),
    ('cake0801', 851),
    ('canb1801', 851),
    ('cany2101', 852),
    ('carv0701', 852),
    ('caua1101', 853),
    ('chab1704', 853),
    ('clof1603', 854),
    ('cotr3901', 854),
    ('dufj2908', 855),
    ('durp2003', 855),
    ('gell3101', 856),
    ('gerz0501', 856),
    ('guea0902', 857),
    ('houy2303', 857),
    ('jace1402', 858),
    ('jans2001', 858),
    ('keib3201', 859),
    ('keif1201', 859),
    ('aubj1202', 860),
    ('aubo1502', 860),
    ('barr1306', 861),
    ('bele0801', 861),
    ('bele1103', 862),
    ('bild2707', 862),
    ('bils2704', 863),
    ('boie0601', 863),
    ('bour0703', 864),
    ('brel0901', 864),
    ('cake0801', 865),
    ('canb1801', 865),
    ('cany2101', 866),
    ('carv0701', 866),
    ('caua1101', 867),
    ('chab1704', 867),
    ('clof1603', 868),
    ('cotr3901', 868),
    ('dufj2908', 869),
    ('durp2003', 869),
    ('gell3101', 870),
    ('gerz0501', 870),
    ('guea0902', 871),
    ('houy2303', 871),
    ('jace1402', 872),
    ('jans2001', 872),
    ('keib3201', 873),
    ('keif1201', 873),
    ('aubj1202', 874),
    ('aubo1502', 874),
    ('barr1306', 875),
    ('bele0801', 875),
    ('bele1103', 876),
    ('bild2707', 876),
    ('bils2704', 877),
    ('boie0601', 877),
    ('bour0703', 878),
    ('brel0901', 878),
    ('cake0801', 879),
    ('canb1801', 879),
    ('cany2101', 880),
    ('carv0701', 880),
    ('caua1101', 881),
    ('chab1704', 881),
    ('clof1603', 882),
    ('cotr3901', 882),
    ('dufj2908', 883),
    ('durp2003', 883),
    ('gell3101', 884),
    ('gerz0501', 884),
    ('guea0902', 885),
    ('houy2303', 885),
    ('jace1402', 886),
    ('jans2001', 886),
    ('keib3201', 887),
    ('keif1201', 887),
    ('aubj1202', 888),
    ('aubo1502', 888),
    ('barr1306', 889),
    ('bele0801', 889),
    ('bele1103', 890),
    ('bild2707', 890),
    ('bils2704', 891),
    ('boie0601', 891),
    ('bour0703', 892),
    ('brel0901', 892),
    ('cake0801', 893),
    ('canb1801', 893),
    ('cany2101', 894),
    ('carv0701', 894),
    ('caua1101', 895),
    ('chab1704', 895),
    ('clof1603', 896),
    ('cotr3901', 896),
    ('dufj2908', 897),
    ('durp2003', 897),
    ('gell3101', 898),
    ('gerz0501', 898),
    ('guea0902', 899),
    ('houy2303', 899),
    ('jace1402', 900),
    ('jans2001', 900),
    ('keib3201', 901),
    ('keif1201', 901),
    ('aubj1202', 902),
    ('aubo1502', 902),
    ('barr1306', 903),
    ('bele0801', 903),
    ('bele1103', 904),
    ('bild2707', 904),
    ('bils2704', 905),
    ('boie0601', 905),
    ('bour0703', 906),
    ('brel0901', 906),
    ('cake0801', 907),
    ('canb1801', 907),
    ('cany2101', 908),
    ('carv0701', 908),
    ('caua1101', 909),
    ('chab1704', 909),
    ('clof1603', 910),
    ('cotr3901', 910),
    ('dufj2908', 911),
    ('durp2003', 911),
    ('gell3101', 912),
    ('gerz0501', 912),
    ('guea0902', 913),
    ('houy2303', 913),
    ('jace1402', 914),
    ('jans2001', 914),
    ('keib3201', 915),
    ('keif1201', 915),
    ('aubj1202', 916),
    ('aubo1502', 916),
    ('barr1306', 917),
    ('bele0801', 917),
    ('bele1103', 918),
    ('bild2707', 918),
    ('bils2704', 919),
    ('boie0601', 919),
    ('bour0703', 920),
    ('brel0901', 920),
    ('cake0801', 921),
    ('canb1801', 921),
    ('cany2101', 922),
    ('carv0701', 922),
    ('caua1101', 923),
    ('chab1704', 923),
    ('clof1603', 924),
    ('cotr3901', 924),
    ('dufj2908', 925),
    ('durp2003', 925),
    ('gell3101', 926),
    ('gerz0501', 926),
    ('guea0902', 927),
    ('houy2303', 927),
    ('jace1402', 928),
    ('jans2001', 928),
    ('keib3201', 929),
    ('keif1201', 929),
    ('aubj1202', 930),
    ('aubo1502', 930),
    ('barr1306', 931),
    ('bele0801', 931),
    ('bele1103', 932),
    ('bild2707', 932),
    ('bils2704', 933),
    ('boie0601', 933),
    ('bour0703', 934),
    ('brel0901', 934),
    ('cake0801', 935),
    ('canb1801', 935),
    ('cany2101', 936),
    ('carv0701', 936),
    ('caua1101', 937),
    ('chab1704', 937),
    ('clof1603', 938),
    ('cotr3901', 938),
    ('dufj2908', 939),
    ('durp2003', 939),
    ('gell3101', 940),
    ('gerz0501', 940),
    ('guea0902', 941),
    ('houy2303', 941),
    ('jace1402', 942),
    ('jans2001', 942),
    ('keib3201', 943),
    ('keif1201', 943),
    ('aubj1202', 944),
    ('aubo1502', 944),
    ('barr1306', 945),
    ('bele0801', 945),
    ('bele1103', 946),
    ('bild2707', 946),
    ('bils2704', 947),
    ('boie0601', 947),
    ('bour0703', 948),
    ('brel0901', 948),
    ('cake0801', 949),
    ('canb1801', 949),
    ('cany2101', 950),
    ('carv0701', 950),
    ('caua1101', 951),
    ('chab1704', 951),
    ('clof1603', 952),
    ('cotr3901', 952),
    ('dufj2908', 953),
    ('durp2003', 953),
    ('gell3101', 954),
    ('gerz0501', 954),
    ('guea0902', 955),
    ('houy2303', 955),
    ('jace1402', 956),
    ('jans2001', 956),
    ('keib3201', 957),
    ('keif1201', 957),
    ('aubj1202', 958),
    ('aubo1502', 958),
    ('barr1306', 959),
    ('bele0801', 959),
    ('bele1103', 960),
    ('bild2707', 960),
    ('bils2704', 961),
    ('boie0601', 961),
    ('bour0703', 962),
    ('brel0901', 962),
    ('cake0801', 963),
    ('canb1801', 963),
    ('cany2101', 964),
    ('carv0701', 964),
    ('caua1101', 965),
    ('chab1704', 965),
    ('clof1603', 966),
    ('cotr3901', 966),
    ('dufj2908', 967),
    ('durp2003', 967),
    ('gell3101', 968),
    ('gerz0501', 968),
    ('guea0902', 969),
    ('houy2303', 969),
    ('jace1402', 970),
    ('jans2001', 970),
    ('keib3201', 971),
    ('keif1201', 971),
    ('aubj1202', 972),
    ('aubo1502', 972),
    ('barr1306', 973),
    ('bele0801', 973),
    ('bele1103', 974),
    ('bild2707', 974),
    ('bils2704', 975),
    ('boie0601', 975),
    ('bour0703', 976),
    ('brel0901', 976),
    ('cake0801', 977),
    ('canb1801', 977),
    ('cany2101', 978),
    ('carv0701', 978),
    ('caua1101', 979),
    ('chab1704', 979),
    ('clof1603', 980),
    ('cotr3901', 980),
    ('dufj2908', 981),
    ('durp2003', 981),
    ('gell3101', 982),
    ('gerz0501', 982),
    ('guea0902', 983),
    ('houy2303', 983),
    ('jace1402', 984),
    ('jans2001', 984),
    ('keib3201', 985),
    ('keif1201', 985);


-- Donnees de la table File
INSERT INTO File
VALUES
    (DEFAULT, '/Fichier/E23/GIF302/', 'consignes-memoire-approbation.txt'),
    (DEFAULT, '/Fichier/E23/GIF302/', 'consignes-rapport-sprint1.txt'),
    (DEFAULT, '/Fichier/E23/GIF302/', 'consignes-rapport-sprint2.txt'),
    (DEFAULT, '/Fichier/E23/GIF302/', 'consignes-rapport-postmortem.txt'),
    (DEFAULT, '/Fichier/E23/GIF302/', 'consignes-presentation-finale.txt'),
    (DEFAULT, '/Fichier/E23/GIF332/', 'consignes-rapport-app4.txt'),
    (DEFAULT, '/Fichier/E23/GIF350/', 'consignes-rapport-app1.txt'),
    (DEFAULT, '/Fichier/E23/GIF371/', 'consignes-rapport-app5.txt'),
    (DEFAULT, '/Fichier/E23/GIF380/', 'consignes-rapport-app6.txt'),
    (DEFAULT, '/Fichier/E23/GIF391/', 'consignes-rapport-app3.txt'),
    (DEFAULT, '/Fichier/E23/GIF620/', 'consignes-rapport-app2.txt'),
    (DEFAULT, '/Travaux/E23/GIF302/Memoire-approbation-projet/Equipe-1/', 'cip-2023-05-30-10:24:17.zip'),
    (DEFAULT, '/Travaux/E23/GIF302/Memoire-approbation-projet/Equipe-2/', 'cip-2023-06-01-03:51:50.zip'),
    (DEFAULT, '/Travaux/E23/GIF302/Memoire-approbation-projet/Equipe-3/', 'cip-2023-06-04-23:07:00.zip'),
    (DEFAULT, '/Travaux/E23/GIF302/Memoire-approbation-projet/Equipe-4/', 'cip-2023-05-31-14:54:01.zip'),
    (DEFAULT, '/Travaux/E23/GIF302/Memoire-approbation-projet/Equipe-5/', 'cip-2023-06-01-06:00:45.zip'),
    (DEFAULT, '/Travaux/E23/GIF302/Memoire-approbation-projet/Equipe-6/', 'cip-2023-06-02-06:37:29.zip'),
    (DEFAULT, '/Travaux/E23/GIF302/Memoire-approbation-projet/Equipe-7/', 'cip-2023-06-01-00:57:47.zip'),
    (DEFAULT, '/Travaux/E23/GIF302/Memoire-approbation-projet/Equipe-8/', 'cip-2023-05-29-10:41:46.zip'),
    (DEFAULT, '/Travaux/E23/GIF302/Memoire-approbation-projet/Equipe-9/', 'cip-2023-06-03-20:48:03.zip'),
    (DEFAULT, '/Travaux/E23/GIF302/Memoire-approbation-projet/Equipe-10/', 'cip-2023-05-30-08:51:08.zip'),
    (DEFAULT, '/Travaux/E23/GIF302/Memoire-approbation-projet/Equipe-11/', 'cip-2023-05-30-19:09:12.zip'),
    (DEFAULT, '/Travaux/E23/GIF302/Memoire-approbation-projet/Equipe-12/', 'cip-2023-06-04-12:40:57.zip'),
    (DEFAULT, '/Travaux/E23/GIF302/Memoire-approbation-projet/Equipe-13/', 'cip-2023-05-31-12:58:44.zip'),
    (DEFAULT, '/Travaux/E23/GIF302/Memoire-approbation-projet/Equipe-14/', 'cip-2023-06-03-22:30:58.zip'),
    (DEFAULT, '/Travaux/E23/GIF302/Rapport-sprint-1/Equipe-1/', 'cip-2023-07-11-06:08:31.zip'),
    (DEFAULT, '/Travaux/E23/GIF302/Rapport-sprint-1/Equipe-2/', 'cip-2023-07-07-13:32:28.zip'),
    (DEFAULT, '/Travaux/E23/GIF302/Rapport-sprint-1/Equipe-3/', 'cip-2023-07-07-07:34:56.zip'),
    (DEFAULT, '/Travaux/E23/GIF302/Rapport-sprint-1/Equipe-4/', 'cip-2023-07-09-10:16:42.zip'),
    (DEFAULT, '/Travaux/E23/GIF302/Rapport-sprint-1/Equipe-5/', 'cip-2023-07-07-03:22:25.zip'),
    (DEFAULT, '/Travaux/E23/GIF302/Rapport-sprint-1/Equipe-6/', 'cip-2023-07-08-15:19:26.zip'),
    (DEFAULT, '/Travaux/E23/GIF302/Rapport-sprint-1/Equipe-7/', 'cip-2023-07-07-14:53:55.zip'),
    (DEFAULT, '/Travaux/E23/GIF302/Rapport-sprint-1/Equipe-8/', 'cip-2023-07-10-10:27:27.zip'),
    (DEFAULT, '/Travaux/E23/GIF302/Rapport-sprint-1/Equipe-9/', 'cip-2023-07-06-03:20:41.zip'),
    (DEFAULT, '/Travaux/E23/GIF302/Rapport-sprint-1/Equipe-10/', 'cip-2023-07-09-18:41:31.zip'),
    (DEFAULT, '/Travaux/E23/GIF302/Rapport-sprint-1/Equipe-11/', 'cip-2023-07-05-01:41:26.zip'),
    (DEFAULT, '/Travaux/E23/GIF302/Rapport-sprint-1/Equipe-12/', 'cip-2023-07-11-17:14:56.zip'),
    (DEFAULT, '/Travaux/E23/GIF302/Rapport-sprint-1/Equipe-13/', 'cip-2023-07-06-03:54:04.zip'),
    (DEFAULT, '/Travaux/E23/GIF302/Rapport-sprint-1/Equipe-14/', 'cip-2023-07-09-14:38:16.zip'),
    (DEFAULT, '/Travaux/E23/GIF302/Rapport-sprint-2/Equipe-1/', 'cip-2023-07-28-09:09:45.zip'),
    (DEFAULT, '/Travaux/E23/GIF302/Rapport-sprint-2/Equipe-2/', 'cip-2023-07-24-12:32:34.zip'),
    (DEFAULT, '/Travaux/E23/GIF302/Rapport-sprint-2/Equipe-3/', 'cip-2023-07-24-19:29:47.zip'),
    (DEFAULT, '/Travaux/E23/GIF302/Rapport-sprint-2/Equipe-4/', 'cip-2023-07-25-03:53:11.zip'),
    (DEFAULT, '/Travaux/E23/GIF302/Rapport-sprint-2/Equipe-5/', 'cip-2023-07-29-07:50:58.zip'),
    (DEFAULT, '/Travaux/E23/GIF302/Rapport-sprint-2/Equipe-6/', 'cip-2023-07-28-18:17:27.zip'),
    (DEFAULT, '/Travaux/E23/GIF302/Rapport-sprint-2/Equipe-7/', 'cip-2023-07-24-03:46:34.zip'),
    (DEFAULT, '/Travaux/E23/GIF302/Rapport-sprint-2/Equipe-8/', 'cip-2023-07-28-01:39:34.zip'),
    (DEFAULT, '/Travaux/E23/GIF302/Rapport-sprint-2/Equipe-9/', 'cip-2023-07-24-11:45:34.zip'),
    (DEFAULT, '/Travaux/E23/GIF302/Rapport-sprint-2/Equipe-10/', 'cip-2023-07-27-03:11:40.zip'),
    (DEFAULT, '/Travaux/E23/GIF302/Rapport-sprint-2/Equipe-11/', 'cip-2023-07-30-22:22:10.zip'),
    (DEFAULT, '/Travaux/E23/GIF302/Rapport-sprint-2/Equipe-12/', 'cip-2023-07-29-12:58:24.zip'),
    (DEFAULT, '/Travaux/E23/GIF302/Rapport-sprint-2/Equipe-13/', 'cip-2023-07-29-14:33:36.zip'),
    (DEFAULT, '/Travaux/E23/GIF302/Rapport-sprint-2/Equipe-14/', 'cip-2023-07-27-20:33:56.zip'),
    (DEFAULT, '/Travaux/E23/GIF302/Rapport-postmortem/Equipe-1/', 'cip-2023-05-10-23:08:06.zip'),
    (DEFAULT, '/Travaux/E23/GIF302/Rapport-postmortem/Equipe-2/', 'cip-2023-05-15-19:30:17.zip'),
    (DEFAULT, '/Travaux/E23/GIF302/Rapport-postmortem/Equipe-3/', 'cip-2023-05-13-16:59:28.zip'),
    (DEFAULT, '/Travaux/E23/GIF302/Rapport-postmortem/Equipe-4/', 'cip-2023-05-11-10:42:22.zip'),
    (DEFAULT, '/Travaux/E23/GIF302/Rapport-postmortem/Equipe-5/', 'cip-2023-05-11-08:21:27.zip'),
    (DEFAULT, '/Travaux/E23/GIF302/Rapport-postmortem/Equipe-6/', 'cip-2023-05-15-03:56:23.zip'),
    (DEFAULT, '/Travaux/E23/GIF302/Rapport-postmortem/Equipe-7/', 'cip-2023-05-12-03:28:49.zip'),
    (DEFAULT, '/Travaux/E23/GIF302/Rapport-postmortem/Equipe-8/', 'cip-2023-05-14-04:33:44.zip'),
    (DEFAULT, '/Travaux/E23/GIF302/Rapport-postmortem/Equipe-9/', 'cip-2023-05-16-15:49:32.zip'),
    (DEFAULT, '/Travaux/E23/GIF302/Rapport-postmortem/Equipe-10/', 'cip-2023-05-14-05:05:27.zip'),
    (DEFAULT, '/Travaux/E23/GIF302/Rapport-postmortem/Equipe-11/', 'cip-2023-05-16-15:00:00.zip'),
    (DEFAULT, '/Travaux/E23/GIF302/Rapport-postmortem/Equipe-12/', 'cip-2023-05-13-23:29:43.zip'),
    (DEFAULT, '/Travaux/E23/GIF302/Rapport-postmortem/Equipe-13/', 'cip-2023-05-12-01:06:53.zip'),
    (DEFAULT, '/Travaux/E23/GIF302/Rapport-postmortem/Equipe-14/', 'cip-2023-05-15-03:22:09.zip'),
    (DEFAULT, '/Travaux/E23/GIF302/Presentation-finale/Equipe-1/', 'cip-2023-06-27-05:17:38.zip'),
    (DEFAULT, '/Travaux/E23/GIF302/Presentation-finale/Equipe-2/', 'cip-2023-06-30-17:11:07.zip'),
    (DEFAULT, '/Travaux/E23/GIF302/Presentation-finale/Equipe-3/', 'cip-2023-07-03-01:22:26.zip'),
    (DEFAULT, '/Travaux/E23/GIF302/Presentation-finale/Equipe-4/', 'cip-2023-06-29-08:23:55.zip'),
    (DEFAULT, '/Travaux/E23/GIF302/Presentation-finale/Equipe-5/', 'cip-2023-07-01-07:26:28.zip'),
    (DEFAULT, '/Travaux/E23/GIF302/Presentation-finale/Equipe-6/', 'cip-2023-06-30-18:43:47.zip'),
    (DEFAULT, '/Travaux/E23/GIF302/Presentation-finale/Equipe-7/', 'cip-2023-07-03-10:35:08.zip'),
    (DEFAULT, '/Travaux/E23/GIF302/Presentation-finale/Equipe-8/', 'cip-2023-07-02-13:10:26.zip'),
    (DEFAULT, '/Travaux/E23/GIF302/Presentation-finale/Equipe-9/', 'cip-2023-07-02-00:02:03.zip'),
    (DEFAULT, '/Travaux/E23/GIF302/Presentation-finale/Equipe-10/', 'cip-2023-06-28-17:26:17.zip'),
    (DEFAULT, '/Travaux/E23/GIF302/Presentation-finale/Equipe-11/', 'cip-2023-06-30-08:30:04.zip'),
    (DEFAULT, '/Travaux/E23/GIF302/Presentation-finale/Equipe-12/', 'cip-2023-07-03-21:21:41.zip'),
    (DEFAULT, '/Travaux/E23/GIF302/Presentation-finale/Equipe-13/', 'cip-2023-07-03-20:17:55.zip'),
    (DEFAULT, '/Travaux/E23/GIF302/Presentation-finale/Equipe-14/', 'cip-2023-06-30-14:28:56.zip'),
    (DEFAULT, '/Travaux/E23/GIF332/Rapport-S3-APP4/Equipe-1/', 'cip-2023-07-12-21:14:05.zip'),
    (DEFAULT, '/Travaux/E23/GIF332/Rapport-S3-APP4/Equipe-2/', 'cip-2023-07-13-21:13:26.zip'),
    (DEFAULT, '/Travaux/E23/GIF332/Rapport-S3-APP4/Equipe-3/', 'cip-2023-07-13-14:26:39.zip'),
    (DEFAULT, '/Travaux/E23/GIF332/Rapport-S3-APP4/Equipe-4/', 'cip-2023-07-18-16:33:20.zip'),
    (DEFAULT, '/Travaux/E23/GIF332/Rapport-S3-APP4/Equipe-5/', 'cip-2023-07-18-17:56:11.zip'),
    (DEFAULT, '/Travaux/E23/GIF332/Rapport-S3-APP4/Equipe-6/', 'cip-2023-07-18-03:43:52.zip'),
    (DEFAULT, '/Travaux/E23/GIF332/Rapport-S3-APP4/Equipe-7/', 'cip-2023-07-15-05:17:17.zip'),
    (DEFAULT, '/Travaux/E23/GIF332/Rapport-S3-APP4/Equipe-8/', 'cip-2023-07-15-06:44:11.zip'),
    (DEFAULT, '/Travaux/E23/GIF332/Rapport-S3-APP4/Equipe-9/', 'cip-2023-07-14-15:12:20.zip'),
    (DEFAULT, '/Travaux/E23/GIF332/Rapport-S3-APP4/Equipe-10/', 'cip-2023-07-13-13:26:02.zip'),
    (DEFAULT, '/Travaux/E23/GIF332/Rapport-S3-APP4/Equipe-11/', 'cip-2023-07-12-15:41:53.zip'),
    (DEFAULT, '/Travaux/E23/GIF332/Rapport-S3-APP4/Equipe-12/', 'cip-2023-07-14-03:44:04.zip'),
    (DEFAULT, '/Travaux/E23/GIF332/Rapport-S3-APP4/Equipe-13/', 'cip-2023-07-13-21:16:29.zip'),
    (DEFAULT, '/Travaux/E23/GIF332/Rapport-S3-APP4/Equipe-14/', 'cip-2023-07-14-15:39:42.zip'),
    (DEFAULT, '/Travaux/E23/GIF332/Rapport-S3-APP1/Equipe-1/', 'cip-2023-05-18-22:14:28.zip'),
    (DEFAULT, '/Travaux/E23/GIF332/Rapport-S3-APP1/Equipe-2/', 'cip-2023-05-20-09:41:32.zip'),
    (DEFAULT, '/Travaux/E23/GIF332/Rapport-S3-APP1/Equipe-3/', 'cip-2023-05-21-19:19:14.zip'),
    (DEFAULT, '/Travaux/E23/GIF332/Rapport-S3-APP1/Equipe-4/', 'cip-2023-05-21-21:30:08.zip'),
    (DEFAULT, '/Travaux/E23/GIF332/Rapport-S3-APP1/Equipe-5/', 'cip-2023-05-23-15:41:05.zip'),
    (DEFAULT, '/Travaux/E23/GIF332/Rapport-S3-APP1/Equipe-6/', 'cip-2023-05-21-19:27:27.zip'),
    (DEFAULT, '/Travaux/E23/GIF332/Rapport-S3-APP1/Equipe-7/', 'cip-2023-05-22-05:09:01.zip'),
    (DEFAULT, '/Travaux/E23/GIF332/Rapport-S3-APP1/Equipe-8/', 'cip-2023-05-22-18:08:32.zip'),
    (DEFAULT, '/Travaux/E23/GIF332/Rapport-S3-APP1/Equipe-9/', 'cip-2023-05-18-21:26:03.zip'),
    (DEFAULT, '/Travaux/E23/GIF332/Rapport-S3-APP1/Equipe-10/', 'cip-2023-05-22-00:10:33.zip'),
    (DEFAULT, '/Travaux/E23/GIF332/Rapport-S3-APP1/Equipe-11/', 'cip-2023-05-20-23:30:01.zip'),
    (DEFAULT, '/Travaux/E23/GIF332/Rapport-S3-APP1/Equipe-12/', 'cip-2023-05-22-18:42:48.zip'),
    (DEFAULT, '/Travaux/E23/GIF332/Rapport-S3-APP1/Equipe-13/', 'cip-2023-05-21-21:20:25.zip'),
    (DEFAULT, '/Travaux/E23/GIF332/Rapport-S3-APP1/Equipe-14/', 'cip-2023-05-24-08:54:17.zip'),
    (DEFAULT, '/Travaux/E23/GIF332/Rapport-S3-APP5/Equipe-1/', 'cip-2023-05-08-03:42:26.zip'),
    (DEFAULT, '/Travaux/E23/GIF332/Rapport-S3-APP5/Equipe-2/', 'cip-2023-05-06-11:51:00.zip'),
    (DEFAULT, '/Travaux/E23/GIF332/Rapport-S3-APP5/Equipe-3/', 'cip-2023-05-08-23:51:57.zip'),
    (DEFAULT, '/Travaux/E23/GIF332/Rapport-S3-APP5/Equipe-4/', 'cip-2023-05-07-11:49:02.zip'),
    (DEFAULT, '/Travaux/E23/GIF332/Rapport-S3-APP5/Equipe-5/', 'cip-2023-05-08-11:51:21.zip'),
    (DEFAULT, '/Travaux/E23/GIF332/Rapport-S3-APP5/Equipe-6/', 'cip-2023-05-06-20:29:04.zip'),
    (DEFAULT, '/Travaux/E23/GIF332/Rapport-S3-APP5/Equipe-7/', 'cip-2023-05-07-17:33:21.zip'),
    (DEFAULT, '/Travaux/E23/GIF332/Rapport-S3-APP5/Equipe-8/', 'cip-2023-05-04-22:54:15.zip'),
    (DEFAULT, '/Travaux/E23/GIF332/Rapport-S3-APP5/Equipe-9/', 'cip-2023-05-09-18:55:22.zip'),
    (DEFAULT, '/Travaux/E23/GIF332/Rapport-S3-APP5/Equipe-10/', 'cip-2023-05-05-13:25:23.zip'),
    (DEFAULT, '/Travaux/E23/GIF332/Rapport-S3-APP5/Equipe-11/', 'cip-2023-05-07-16:22:47.zip'),
    (DEFAULT, '/Travaux/E23/GIF332/Rapport-S3-APP5/Equipe-12/', 'cip-2023-05-05-22:25:48.zip'),
    (DEFAULT, '/Travaux/E23/GIF332/Rapport-S3-APP5/Equipe-13/', 'cip-2023-05-03-10:05:20.zip'),
    (DEFAULT, '/Travaux/E23/GIF332/Rapport-S3-APP5/Equipe-14/', 'cip-2023-05-09-23:34:58.zip'),
    (DEFAULT, '/Travaux/E23/GIF332/Rapport-S3-APP6/Equipe-1/', 'cip-2023-06-10-05:08:48.zip'),
    (DEFAULT, '/Travaux/E23/GIF332/Rapport-S3-APP6/Equipe-2/', 'cip-2023-06-13-08:58:34.zip'),
    (DEFAULT, '/Travaux/E23/GIF332/Rapport-S3-APP6/Equipe-3/', 'cip-2023-06-09-14:17:33.zip'),
    (DEFAULT, '/Travaux/E23/GIF332/Rapport-S3-APP6/Equipe-4/', 'cip-2023-06-10-01:41:38.zip'),
    (DEFAULT, '/Travaux/E23/GIF332/Rapport-S3-APP6/Equipe-5/', 'cip-2023-06-11-07:40:30.zip'),
    (DEFAULT, '/Travaux/E23/GIF332/Rapport-S3-APP6/Equipe-6/', 'cip-2023-06-11-06:55:53.zip'),
    (DEFAULT, '/Travaux/E23/GIF332/Rapport-S3-APP6/Equipe-7/', 'cip-2023-06-15-05:37:01.zip'),
    (DEFAULT, '/Travaux/E23/GIF332/Rapport-S3-APP6/Equipe-8/', 'cip-2023-06-13-14:00:38.zip'),
    (DEFAULT, '/Travaux/E23/GIF332/Rapport-S3-APP6/Equipe-9/', 'cip-2023-06-09-22:42:14.zip'),
    (DEFAULT, '/Travaux/E23/GIF332/Rapport-S3-APP6/Equipe-10/', 'cip-2023-06-10-19:54:41.zip'),
    (DEFAULT, '/Travaux/E23/GIF332/Rapport-S3-APP6/Equipe-11/', 'cip-2023-06-11-23:10:37.zip'),
    (DEFAULT, '/Travaux/E23/GIF332/Rapport-S3-APP6/Equipe-12/', 'cip-2023-06-14-06:53:55.zip'),
    (DEFAULT, '/Travaux/E23/GIF332/Rapport-S3-APP6/Equipe-13/', 'cip-2023-06-13-23:09:31.zip'),
    (DEFAULT, '/Travaux/E23/GIF332/Rapport-S3-APP6/Equipe-14/', 'cip-2023-06-13-09:27:52.zip'),
    (DEFAULT, '/Travaux/E23/GIF332/Rapport-S3-APP3/Equipe-1/', 'cip-2023-07-15-23:27:01.zip'),
    (DEFAULT, '/Travaux/E23/GIF332/Rapport-S3-APP3/Equipe-2/', 'cip-2023-07-13-07:19:33.zip'),
    (DEFAULT, '/Travaux/E23/GIF332/Rapport-S3-APP3/Equipe-3/', 'cip-2023-07-14-16:14:28.zip'),
    (DEFAULT, '/Travaux/E23/GIF332/Rapport-S3-APP3/Equipe-4/', 'cip-2023-07-13-18:05:19.zip'),
    (DEFAULT, '/Travaux/E23/GIF332/Rapport-S3-APP3/Equipe-5/', 'cip-2023-07-13-02:38:58.zip'),
    (DEFAULT, '/Travaux/E23/GIF332/Rapport-S3-APP3/Equipe-6/', 'cip-2023-07-12-16:19:57.zip'),
    (DEFAULT, '/Travaux/E23/GIF332/Rapport-S3-APP3/Equipe-7/', 'cip-2023-07-11-22:02:14.zip'),
    (DEFAULT, '/Travaux/E23/GIF332/Rapport-S3-APP3/Equipe-8/', 'cip-2023-07-15-01:07:16.zip'),
    (DEFAULT, '/Travaux/E23/GIF332/Rapport-S3-APP3/Equipe-9/', 'cip-2023-07-15-13:58:31.zip'),
    (DEFAULT, '/Travaux/E23/GIF332/Rapport-S3-APP3/Equipe-10/', 'cip-2023-07-11-20:41:08.zip'),
    (DEFAULT, '/Travaux/E23/GIF332/Rapport-S3-APP3/Equipe-11/', 'cip-2023-07-11-02:48:16.zip'),
    (DEFAULT, '/Travaux/E23/GIF332/Rapport-S3-APP3/Equipe-12/', 'cip-2023-07-14-12:38:07.zip'),
    (DEFAULT, '/Travaux/E23/GIF332/Rapport-S3-APP3/Equipe-13/', 'cip-2023-07-11-08:31:54.zip'),
    (DEFAULT, '/Travaux/E23/GIF332/Rapport-S3-APP3/Equipe-14/', 'cip-2023-07-14-02:34:08.zip'),
    (DEFAULT, '/Travaux/E23/GIF332/Rapport-S3-APP2/Equipe-1/', 'cip-2023-07-26-09:22:21.zip'),
    (DEFAULT, '/Travaux/E23/GIF332/Rapport-S3-APP2/Equipe-2/', 'cip-2023-07-24-04:16:09.zip'),
    (DEFAULT, '/Travaux/E23/GIF332/Rapport-S3-APP2/Equipe-3/', 'cip-2023-07-23-18:34:30.zip'),
    (DEFAULT, '/Travaux/E23/GIF332/Rapport-S3-APP2/Equipe-4/', 'cip-2023-07-26-21:52:51.zip'),
    (DEFAULT, '/Travaux/E23/GIF332/Rapport-S3-APP2/Equipe-5/', 'cip-2023-07-26-19:40:17.zip'),
    (DEFAULT, '/Travaux/E23/GIF332/Rapport-S3-APP2/Equipe-6/', 'cip-2023-07-24-07:18:40.zip'),
    (DEFAULT, '/Travaux/E23/GIF332/Rapport-S3-APP2/Equipe-7/', 'cip-2023-07-27-19:11:00.zip'),
    (DEFAULT, '/Travaux/E23/GIF332/Rapport-S3-APP2/Equipe-8/', 'cip-2023-07-26-02:43:48.zip'),
    (DEFAULT, '/Travaux/E23/GIF332/Rapport-S3-APP2/Equipe-9/', 'cip-2023-07-26-01:29:07.zip'),
    (DEFAULT, '/Travaux/E23/GIF332/Rapport-S3-APP2/Equipe-10/', 'cip-2023-07-23-08:44:11.zip'),
    (DEFAULT, '/Travaux/E23/GIF332/Rapport-S3-APP2/Equipe-11/', 'cip-2023-07-28-09:13:32.zip'),
    (DEFAULT, '/Travaux/E23/GIF332/Rapport-S3-APP2/Equipe-12/', 'cip-2023-07-24-06:07:54.zip'),
    (DEFAULT, '/Travaux/E23/GIF332/Rapport-S3-APP2/Equipe-13/', 'cip-2023-07-23-08:23:34.zip'),
    (DEFAULT, '/Travaux/E23/GIF332/Rapport-S3-APP2/Equipe-14/', 'cip-2023-07-26-01:30:21.zip');


-- Donnees de la table AssignmentFile
INSERT INTO AssignmentFile
VALUES
    (63, 1),
    (64, 2),
    (65, 3),
    (66, 4),
    (67, 5),
    (68, 6),
    (69, 7),
    (70, 8),
    (71, 9),
    (72, 10),
    (73, 11);


-- Donnees de la table TypeRemise
INSERT INTO TypeRemise
VALUES
    (DEFAULT, 'Etudiant'),
    (DEFAULT, 'Enseignant');


-- Donnees de la table HandedAssignment
INSERT INTO HandedAssignment
VALUES
    (DEFAULT, 832, 12, '2023-08-05 06:57:16', 1),
    (DEFAULT, 833, 13, '2023-08-06 16:26:11', 1),
    (DEFAULT, 834, 14, '2023-08-09 19:48:24', 1),
    (DEFAULT, 835, 15, '2023-08-03 20:48:54', 1),
    (DEFAULT, 836, 16, '2023-08-06 06:42:12', 1),
    (DEFAULT, 837, 17, '2023-08-04 00:56:30', 1),
    (DEFAULT, 838, 18, '2023-08-07 00:17:55', 1),
    (DEFAULT, 839, 19, '2023-08-07 02:17:24', 1),
    (DEFAULT, 840, 20, '2023-08-06 03:35:43', 1),
    (DEFAULT, 841, 21, '2023-08-08 18:57:57', 1),
    (DEFAULT, 842, 22, '2023-08-03 07:52:08', 1),
    (DEFAULT, 843, 23, '2023-08-09 18:55:27', 1),
    (DEFAULT, 844, 24, '2023-08-06 14:07:23', 1),
    (DEFAULT, 845, 25, '2023-08-08 03:32:18', 1),
    (DEFAULT, 846, 26, '2023-07-30 20:15:23', 1),
    (DEFAULT, 847, 27, '2023-07-26 09:05:59', 1),
    (DEFAULT, 848, 28, '2023-07-27 10:50:31', 1),
    (DEFAULT, 849, 29, '2023-07-28 03:25:49', 1),
    (DEFAULT, 850, 30, '2023-07-29 15:30:55', 1),
    (DEFAULT, 851, 31, '2023-07-27 17:42:05', 1),
    (DEFAULT, 852, 32, '2023-07-25 19:00:21', 1),
    (DEFAULT, 853, 33, '2023-07-25 14:25:08', 1),
    (DEFAULT, 854, 34, '2023-07-29 23:07:15', 1),
    (DEFAULT, 855, 35, '2023-07-25 16:19:07', 1),
    (DEFAULT, 856, 36, '2023-07-29 23:35:07', 1),
    (DEFAULT, 857, 37, '2023-07-26 03:58:51', 1),
    (DEFAULT, 858, 38, '2023-07-26 10:59:35', 1),
    (DEFAULT, 859, 39, '2023-07-28 04:27:46', 1),
    (DEFAULT, 860, 40, '2023-05-17 21:52:43', 1),
    (DEFAULT, 861, 41, '2023-05-13 08:58:04', 1),
    (DEFAULT, 862, 42, '2023-05-12 13:05:46', 1),
    (DEFAULT, 863, 43, '2023-05-14 15:37:10', 1),
    (DEFAULT, 864, 44, '2023-05-17 00:38:29', 1),
    (DEFAULT, 865, 45, '2023-05-13 19:28:52', 1),
    (DEFAULT, 866, 46, '2023-05-13 17:09:06', 1),
    (DEFAULT, 867, 47, '2023-05-16 12:26:09', 1),
    (DEFAULT, 868, 48, '2023-05-15 12:29:48', 1),
    (DEFAULT, 869, 49, '2023-05-16 05:39:59', 1),
    (DEFAULT, 870, 50, '2023-05-14 21:54:34', 1),
    (DEFAULT, 871, 51, '2023-05-17 20:00:08', 1),
    (DEFAULT, 872, 52, '2023-05-18 10:14:09', 1),
    (DEFAULT, 873, 53, '2023-05-18 00:57:46', 1),
    (DEFAULT, 874, 54, '2023-05-11 09:51:34', 1),
    (DEFAULT, 875, 55, '2023-05-14 02:13:06', 1),
    (DEFAULT, 876, 56, '2023-05-14 00:16:59', 1),
    (DEFAULT, 877, 57, '2023-05-14 11:19:04', 1),
    (DEFAULT, 878, 58, '2023-05-14 19:17:05', 1),
    (DEFAULT, 879, 59, '2023-05-16 13:09:55', 1),
    (DEFAULT, 880, 60, '2023-05-12 14:26:41', 1),
    (DEFAULT, 881, 61, '2023-05-10 05:18:41', 1),
    (DEFAULT, 882, 62, '2023-05-11 19:22:02', 1),
    (DEFAULT, 883, 63, '2023-05-11 00:00:11', 1),
    (DEFAULT, 884, 64, '2023-05-13 12:20:51', 1),
    (DEFAULT, 885, 65, '2023-05-14 06:55:48', 1),
    (DEFAULT, 886, 66, '2023-05-16 12:43:02', 1),
    (DEFAULT, 887, 67, '2023-05-11 21:49:50', 1),
    (DEFAULT, 888, 68, '2023-06-17 10:05:46', 1),
    (DEFAULT, 889, 69, '2023-06-14 01:43:46', 1),
    (DEFAULT, 890, 70, '2023-06-13 23:33:05', 1),
    (DEFAULT, 891, 71, '2023-06-17 09:14:24', 1),
    (DEFAULT, 892, 72, '2023-06-16 23:46:13', 1),
    (DEFAULT, 893, 73, '2023-06-16 10:15:42', 1),
    (DEFAULT, 894, 74, '2023-06-18 18:36:32', 1),
    (DEFAULT, 895, 75, '2023-06-16 16:04:01', 1),
    (DEFAULT, 896, 76, '2023-06-14 07:18:38', 1),
    (DEFAULT, 897, 77, '2023-06-17 12:03:29', 1),
    (DEFAULT, 898, 78, '2023-06-15 05:14:31', 1),
    (DEFAULT, 899, 79, '2023-06-16 05:24:29', 1),
    (DEFAULT, 900, 80, '2023-06-17 05:43:38', 1),
    (DEFAULT, 901, 81, '2023-06-15 04:45:18', 1),
    (DEFAULT, 902, 82, '2023-07-19 10:48:32', 1),
    (DEFAULT, 903, 83, '2023-07-20 03:41:30', 1),
    (DEFAULT, 904, 84, '2023-07-23 11:41:23', 1),
    (DEFAULT, 905, 85, '2023-07-24 12:47:01', 1),
    (DEFAULT, 906, 86, '2023-07-22 12:47:07', 1),
    (DEFAULT, 907, 87, '2023-07-20 20:14:28', 1),
    (DEFAULT, 908, 88, '2023-07-24 13:51:57', 1),
    (DEFAULT, 909, 89, '2023-07-19 04:31:35', 1),
    (DEFAULT, 910, 90, '2023-07-23 09:26:38', 1),
    (DEFAULT, 911, 91, '2023-07-20 02:18:46', 1),
    (DEFAULT, 912, 92, '2023-07-24 19:28:35', 1),
    (DEFAULT, 913, 93, '2023-07-20 09:11:30', 1),
    (DEFAULT, 914, 94, '2023-07-20 08:43:08', 1),
    (DEFAULT, 915, 95, '2023-07-22 11:13:00', 1),
    (DEFAULT, 916, 96, '2023-05-15 18:20:24', 1),
    (DEFAULT, 917, 97, '2023-05-10 15:28:21', 1),
    (DEFAULT, 918, 98, '2023-05-14 04:36:54', 1),
    (DEFAULT, 919, 99, '2023-05-14 07:05:53', 1),
    (DEFAULT, 920, 100, '2023-05-13 21:02:07', 1),
    (DEFAULT, 921, 101, '2023-05-15 11:01:10', 1),
    (DEFAULT, 922, 102, '2023-05-11 10:17:15', 1),
    (DEFAULT, 923, 103, '2023-05-11 09:27:53', 1),
    (DEFAULT, 924, 104, '2023-05-12 01:14:46', 1),
    (DEFAULT, 925, 105, '2023-05-12 14:23:04', 1),
    (DEFAULT, 926, 106, '2023-05-11 10:39:33', 1),
    (DEFAULT, 927, 107, '2023-05-11 10:40:52', 1),
    (DEFAULT, 928, 108, '2023-05-12 16:33:28', 1),
    (DEFAULT, 929, 109, '2023-05-13 19:19:04', 1),
    (DEFAULT, 930, 110, '2023-05-26 02:00:19', 1),
    (DEFAULT, 931, 111, '2023-05-27 11:17:02', 1),
    (DEFAULT, 932, 112, '2023-05-31 07:19:57', 1),
    (DEFAULT, 933, 113, '2023-05-28 01:13:23', 1),
    (DEFAULT, 934, 114, '2023-05-28 08:25:51', 1),
    (DEFAULT, 935, 115, '2023-05-25 04:40:19', 1),
    (DEFAULT, 936, 116, '2023-05-26 22:42:41', 1),
    (DEFAULT, 937, 117, '2023-05-30 19:12:18', 1),
    (DEFAULT, 938, 118, '2023-05-31 09:06:38', 1),
    (DEFAULT, 939, 119, '2023-05-30 01:13:57', 1),
    (DEFAULT, 940, 120, '2023-05-29 03:04:45', 1),
    (DEFAULT, 941, 121, '2023-05-29 17:51:45', 1),
    (DEFAULT, 942, 122, '2023-05-26 22:48:22', 1),
    (DEFAULT, 943, 123, '2023-05-27 00:15:55', 1),
    (DEFAULT, 944, 124, '2023-05-20 11:22:32', 1),
    (DEFAULT, 945, 125, '2023-05-20 18:35:12', 1),
    (DEFAULT, 946, 126, '2023-05-15 10:37:27', 1),
    (DEFAULT, 947, 127, '2023-05-20 11:54:57', 1),
    (DEFAULT, 948, 128, '2023-05-14 21:04:55', 1),
    (DEFAULT, 949, 129, '2023-05-15 17:38:34', 1),
    (DEFAULT, 950, 130, '2023-05-15 09:21:43', 1),
    (DEFAULT, 951, 131, '2023-05-16 18:52:18', 1),
    (DEFAULT, 952, 132, '2023-05-20 12:20:58', 1),
    (DEFAULT, 953, 133, '2023-05-15 00:17:23', 1),
    (DEFAULT, 954, 134, '2023-05-14 02:42:47', 1),
    (DEFAULT, 955, 135, '2023-05-14 13:14:03', 1),
    (DEFAULT, 956, 136, '2023-05-19 18:41:11', 1),
    (DEFAULT, 957, 137, '2023-05-20 08:47:54', 1),
    (DEFAULT, 958, 138, '2023-06-28 19:06:47', 1),
    (DEFAULT, 959, 139, '2023-07-03 15:22:04', 1),
    (DEFAULT, 960, 140, '2023-06-30 05:55:48', 1),
    (DEFAULT, 961, 141, '2023-07-03 17:39:23', 1),
    (DEFAULT, 962, 142, '2023-06-29 09:49:29', 1),
    (DEFAULT, 963, 143, '2023-06-28 05:40:16', 1),
    (DEFAULT, 964, 144, '2023-07-03 08:02:54', 1),
    (DEFAULT, 965, 145, '2023-07-04 15:40:43', 1),
    (DEFAULT, 966, 146, '2023-07-04 07:50:36', 1),
    (DEFAULT, 967, 147, '2023-07-02 17:58:40', 1),
    (DEFAULT, 968, 148, '2023-06-28 19:08:43', 1),
    (DEFAULT, 969, 149, '2023-06-30 01:47:03', 1),
    (DEFAULT, 970, 150, '2023-07-01 22:06:27', 1),
    (DEFAULT, 971, 151, '2023-06-30 23:51:14', 1),
    (DEFAULT, 972, 152, '2023-07-19 22:52:17', 1),
    (DEFAULT, 973, 153, '2023-07-21 17:22:10', 1),
    (DEFAULT, 974, 154, '2023-07-23 07:17:34', 1),
    (DEFAULT, 975, 155, '2023-07-22 18:02:22', 1),
    (DEFAULT, 976, 156, '2023-07-24 22:24:43', 1),
    (DEFAULT, 977, 157, '2023-07-22 07:33:59', 1),
    (DEFAULT, 978, 158, '2023-07-19 02:41:28', 1),
    (DEFAULT, 979, 159, '2023-07-20 06:49:48', 1),
    (DEFAULT, 980, 160, '2023-07-23 06:30:00', 1),
    (DEFAULT, 981, 161, '2023-07-23 22:50:59', 1),
    (DEFAULT, 982, 162, '2023-07-21 17:13:57', 1),
    (DEFAULT, 983, 163, '2023-07-25 08:46:05', 1),
    (DEFAULT, 984, 164, '2023-07-24 16:12:19', 1),
    (DEFAULT, 985, 165, '2023-07-24 13:05:35', 1);