-- INSERTION DE FAUSSES DONNEES DANS LA BASE DE DONNEES DE DEPOT DE TRAVAUX

-- Donnees de la table Session
INSERT INTO Session
VALUES
    (DEFAULT, 'Automne 2022', '2022-08-29 00:00:00', '2022-12-23 23:59:59.999999'),
    (DEFAULT, 'Hiver 2023', '2023-01-05 00:00:00', '2023-04-28 23:59:59.999999'),
    (DEFAULT, 'Ete 2023', '2023-05-01 00:00:00', '2023-08-16 23:59:59.999999');

INSERT INTO Class
VALUES
    ('GEN101', 'Résolution de problème et conception en génie'),
    ('GEN111', 'La communication et le travail en équipe'),
    ('GEN122', 'Équations différentielles linéaires'),
    ('GEN135', 'Circuits électriques I'),
    ('GEN136', 'Circuits électriques II'),
    ('GEN181', 'Modélisation 3D'),
    ('GEN145', 'Atelier de programmation'),
    ('GEN146', 'Introduction à la programmation et aux algorithmes'),
    ('GEN170', 'Réalisation et mesure de circuits électriques'),
    ('GEN182', 'Modélisation 2D'),
    ('GEN124', 'Mathématiques de base pour l''ingénieur'),
    ('GEN134', 'Électricité et magnétisme'),
    ('GEN137', 'Électricité et circuits électriques'),
    ('GEN200', 'Conception d''un système électronique et informatique'),
    ('GEN211', 'Mathématiques des signaux à temps continu'),
    ('GEN230', 'Électronique analogique I'),
    ('GEN241', 'Modélisation et programmation orientées objet'),
    ('GEN272', 'Ingénierie durable et évaluation des impacts environnementaux'),
    ('GIF242', 'Concepts avancés en programmation orientée objet'),
    ('GIF250', 'Interfaces utilisateurs graphiques'),
    ('GIF270', 'Structures de données et complexité'),
    ('GIN120', 'Santé et sécurité du travail'),
    ('GIF302', 'Conception d''un système informatique distribué'),
    ('GIF332', 'Réseaux et protocoles de communication'),
    ('GIF333', 'Théorie des groupes et algèbre abstraite en ingénierie'),
    ('GIF350', 'Modèles de conception'),
    ('GIF371', 'Ondes guidées'),
    ('GIF380', 'Sécurité informatique et cryptographie'),
    ('GIF391', 'Systèmes distribués et informatique en nuage'),
    ('GIF620', 'Bases de données'),
    ('GEN420', 'Mathématiques des circuits logiques'),
    ('GEN430', 'Circuits logiques'),
    ('GEN490', 'Innovation et création de produits'),
    ('GIF310', 'Architecture et organisation des ordinateurs'),
    ('GIF340', 'Éléments de compilation'),
    ('GIF402', 'Conception d''un système ordiné'),
    ('GIF470', 'Physique des portes logiques'),
    ('GEN441', 'Mécanique pour ingénieurs'),
    ('GEN550', 'Impacts éthiques du développement technologique en ingénierie'),
    ('GIF501', 'Conception d''un système de simulation'),
    ('GIF570', 'Traitement numérique des signaux'),
    ('GIF590', 'Méthodes numériques'),
    ('GIF591', 'Probabilités et statistiques'),
    ('GIF592', 'Espaces vectoriels'),
    ('GIF642', 'Système d''exploitation'),
    ('GIF643', 'Programmation concurrente'),
    ('GIF644', 'Systèmes temps réel'),
    ('GIF672', 'Interfaces entrées sorties'),
    ('GIF673', 'Réseaux sans fil'),
    ('GIF675', 'Objets connectés'),
    ('GIF680', 'Physique des matériaux et capteurs'),
    ('GIF685', 'Chimie de l''alimentation électrique'),
    ('GIF692', 'Physique des ondes'),
    ('PMC660', 'Projet majeur de conception I'),
    ('GEN700', 'Analyse économique en ingénierie'),
    ('PMC760', 'Projet majeur de conception II'),
    ('GEN800', 'Formation professionnelle en génie'),
    ('GIN521', 'Droit et ingénierie'),
    ('PMC860', 'Projet majeur de conception III'),
    ('GEI788', 'Conception de circuits imprimés multicouches'),
    ('GEI789', 'Conception de circuits électroniques complexes'),
    ('GRO720', 'Réseaux de neurones artificiels à apprentissage supervisé'),
    ('GRO721', 'Réseaux de neurones convolutifs en traitement d''images'),
    ('GRO722', 'Réseaux de neurones récurrents'),
    ('BGE721', 'Modélisation en conception d''instruments médicaux'),
    ('BGM722', 'Conception interdisciplinaire en bio-ingénierie'),
    ('GEI780', 'Modélisation des signaux numériques'),
    ('GEI781', 'Quantification des signaux'),
    ('GEI890', 'Préparation de données pour systèmes intelligents'),
    ('GEI895', 'Conception de systèmes intelligents'),
    ('GEI794', 'Principes avancés de conception par objets'),
    ('GEI797', 'Développement lean en génie informatique'),
    ('GEI798', 'Développement de programmes concurrents'),
    ('GEI744', 'Commande de robots redondants'),
    ('GEI745', 'Modélisation de robots manipulateurs'),
    ('GEI760', 'Techniques avancées de cryptographie'),
    ('GEI761', 'Télématique et protocoles sécurisés'),
    ('GEI762', 'Sécurité des systèmes informatiques'),
    ('GEI771', 'Programmation sécurisée'),
    ('GEI772', 'Sécurité web'),
    ('GEI773', 'Introduction à l''investigation numérique'),
    ('GIN502', 'Sécurité dans les groupes techniques I'),
    ('GIN503', 'Sécurité dans les groupes techniques II'),
    ('GIN504', 'Introduction à l''analyse des risques');

-- Donnees de la table Class
INSERT INTO SessionClass
VALUES
(1 ,'GEN101'),
(2 ,'GEN101'),
(3 ,'GEN101'),
(1 ,'GEN111'),
(2 ,'GEN111'),
(3 ,'GEN111'),
(1 ,'GEN122'),
(2 ,'GEN122'),
(3 ,'GEN122'),
(1 ,'GEN135'),
(2 ,'GEN135'),
(3 ,'GEN135'),
(1 ,'GEN136'),
(2 ,'GEN136'),
(3 ,'GEN136'),
(1 ,'GEN181'),
(2 ,'GEN181'),
(3 ,'GEN181'),
(1 ,'GEN145'),
(2 ,'GEN145'),
(3 ,'GEN145'),
(1 ,'GEN146'),
(2 ,'GEN146'),
(3 ,'GEN146'),
(1 ,'GEN170'),
(2 ,'GEN170'),
(3 ,'GEN170'),
(1 ,'GEN182'),
(2 ,'GEN182'),
(3 ,'GEN182'),
(1 ,'GEN124'),
(2 ,'GEN124'),
(3 ,'GEN124'),
(1 ,'GEN134'),
(2 ,'GEN134'),
(3 ,'GEN134'),
(1 ,'GEN137'),
(2 ,'GEN137'),
(3 ,'GEN137'),
(1 ,'GEN200'),
(2 ,'GEN200'),
(3 ,'GEN200'),
(1 ,'GEN211'),
(2 ,'GEN211'),
(3 ,'GEN211'),
(1 ,'GEN230'),
(2 ,'GEN230'),
(3 ,'GEN230'),
(1 ,'GEN241'),
(2 ,'GEN241'),
(3 ,'GEN241'),
(1 ,'GEN272'),
(2 ,'GEN272'),
(3 ,'GEN272'),
(1 ,'GIF242'),
(2 ,'GIF242'),
(3 ,'GIF242'),
(1 ,'GIF250'),
(2 ,'GIF250'),
(3 ,'GIF250'),
(1 ,'GIF270'),
(2 ,'GIF270'),
(3 ,'GIF270'),
(1 ,'GIN120'),
(2 ,'GIN120'),
(3 ,'GIN120'),
(1 ,'GIF302'),
(2 ,'GIF302'),
(3 ,'GIF302'),
(1 ,'GIF332'),
(2 ,'GIF332'),
(3 ,'GIF332'),
(1 ,'GIF333'),
(2 ,'GIF333'),
(3 ,'GIF333'),
(1 ,'GIF350'),
(2 ,'GIF350'),
(3 ,'GIF350'),
(1 ,'GIF371'),
(2 ,'GIF371'),
(3 ,'GIF371'),
(1 ,'GIF380'),
(2 ,'GIF380'),
(3 ,'GIF380'),
(1 ,'GIF391'),
(2 ,'GIF391'),
(3 ,'GIF391'),
(1 ,'GIF620'),
(2 ,'GIF620'),
(3 ,'GIF620'),
(1 ,'GEN420'),
(2 ,'GEN420'),
(3 ,'GEN420'),
(1 ,'GEN430'),
(2 ,'GEN430'),
(3 ,'GEN430'),
(1 ,'GEN490'),
(2 ,'GEN490'),
(3 ,'GEN490'),
(1 ,'GIF310'),
(2 ,'GIF310'),
(3 ,'GIF310'),
(1 ,'GIF340'),
(2 ,'GIF340'),
(3 ,'GIF340'),
(1 ,'GIF402'),
(2 ,'GIF402'),
(3 ,'GIF402'),
(1 ,'GIF470'),
(2 ,'GIF470'),
(3 ,'GIF470'),
(1 ,'GEN441'),
(2 ,'GEN441'),
(3 ,'GEN441'),
(1 ,'GEN550'),
(2 ,'GEN550'),
(3 ,'GEN550'),
(1 ,'GIF501'),
(2 ,'GIF501'),
(3 ,'GIF501'),
(1 ,'GIF570'),
(2 ,'GIF570'),
(3 ,'GIF570'),
(1 ,'GIF590'),
(2 ,'GIF590'),
(3 ,'GIF590'),
(1 ,'GIF591'),
(2 ,'GIF591'),
(3 ,'GIF591'),
(1 ,'GIF592'),
(2 ,'GIF592'),
(3 ,'GIF592'),
(3 ,'GIF642'),
(1 ,'GIF643'),
(2 ,'GIF644'),
(3 ,'GIF672'),
(1 ,'GIF673'),
(2 ,'GIF675'),
(3 ,'GIF680'),
(1 ,'GIF685'),
(2 ,'GIF692'),
(3 ,'PMC660'),
(1 ,'GEN700'),
(2 ,'PMC760'),
(3 ,'GEN800'),
(1 ,'GIN521'),
(2 ,'PMC860'),
(3 ,'GEI788'),
(1 ,'GEI789'),
(2 ,'GRO720'),
(3 ,'GRO721'),
(1 ,'GRO722'),
(2 ,'BGE721'),
(3 ,'BGM722'),
(1 ,'GEI780'),
(2 ,'GEI781'),
(3 ,'GEI890'),
(1 ,'GEI895'),
(2 ,'GEI794'),
(3 ,'GEI797'),
(1 ,'GEI798'),
(2 ,'GEI744'),
(3 ,'GEI745'),
(1 ,'GEI760'),
(2 ,'GEI761'),
(3 ,'GEI762'),
(1 ,'GEI771'),
(2 ,'GEI772'),
(3 ,'GEI773'),
(1 ,'GIN502'),
(2 ,'GIN503'),
(3 ,'GIN504');

-- Donnees de la table Groupe
INSERT INTO Groupe
VALUES
    (DEFAULT, 1 ,'GEN101', 1),
    (DEFAULT, 1 ,'GEN101', 2),
    (DEFAULT, 2 ,'GEN101', 1),
    (DEFAULT, 2 ,'GEN101', 2),
    (DEFAULT, 3 ,'GEN101', 1),
    (DEFAULT, 3 ,'GEN101', 2),

    (DEFAULT, 1 ,'GEN111', 1),
    (DEFAULT, 1 ,'GEN111', 2),
    (DEFAULT, 2 ,'GEN111', 1),
    (DEFAULT, 2 ,'GEN111', 2),
    (DEFAULT, 3 ,'GEN111', 1),
    (DEFAULT, 3 ,'GEN111', 2),

    (DEFAULT, 1 ,'GEN122', 1),
    (DEFAULT, 1 ,'GEN122', 2),
    (DEFAULT, 2 ,'GEN122', 1),
    (DEFAULT, 2 ,'GEN122', 2),
    (DEFAULT, 3 ,'GEN122', 1),
    (DEFAULT, 3 ,'GEN122', 2),

    (DEFAULT, 1 ,'GEN135', 1),
    (DEFAULT, 1 ,'GEN135', 2),
    (DEFAULT, 2 ,'GEN135', 1),
    (DEFAULT, 2 ,'GEN135', 2),
    (DEFAULT, 3 ,'GEN135', 1),
    (DEFAULT, 3 ,'GEN135', 2),

    (DEFAULT, 1 ,'GEN136', 1),
    (DEFAULT, 1 ,'GEN136', 2),
    (DEFAULT, 2 ,'GEN136', 1),
    (DEFAULT, 2 ,'GEN136', 2),
    (DEFAULT, 3 ,'GEN136', 1),
    (DEFAULT, 3 ,'GEN136', 2),

    (DEFAULT, 1 ,'GEN181', 1),
    (DEFAULT, 1 ,'GEN181', 2),
    (DEFAULT, 2 ,'GEN181', 1),
    (DEFAULT, 2 ,'GEN181', 2),
    (DEFAULT, 3 ,'GEN181', 1),
    (DEFAULT, 3 ,'GEN181', 2),

    (DEFAULT, 1 ,'GEN145', 1),
    (DEFAULT, 1 ,'GEN145', 2),
    (DEFAULT, 2 ,'GEN145', 1),
    (DEFAULT, 2 ,'GEN145', 2),
    (DEFAULT, 3 ,'GEN145', 1),
    (DEFAULT, 3 ,'GEN145', 2),

    (DEFAULT, 1 ,'GEN146', 1),
    (DEFAULT, 1 ,'GEN146', 2),
    (DEFAULT, 2 ,'GEN146', 1),
    (DEFAULT, 2 ,'GEN146', 2),
    (DEFAULT, 3 ,'GEN146', 1),
    (DEFAULT, 3 ,'GEN146', 2),

    (DEFAULT, 1 ,'GEN170', 1),
    (DEFAULT, 1 ,'GEN170', 2),
    (DEFAULT, 2 ,'GEN170', 1),
    (DEFAULT, 2 ,'GEN170', 2),
    (DEFAULT, 3 ,'GEN170', 1),
    (DEFAULT, 3 ,'GEN170', 2),

    (DEFAULT, 1 ,'GEN182', 1),
    (DEFAULT, 1 ,'GEN182', 2),
    (DEFAULT, 2 ,'GEN182', 1),
    (DEFAULT, 2 ,'GEN182', 2),
    (DEFAULT, 3 ,'GEN182', 1),
    (DEFAULT, 3 ,'GEN182', 2),

    (DEFAULT, 1 ,'GEN124', 1),
    (DEFAULT, 1 ,'GEN124', 2),
    (DEFAULT, 2 ,'GEN124', 1),
    (DEFAULT, 2 ,'GEN124', 2),
    (DEFAULT, 3 ,'GEN124', 1),
    (DEFAULT, 3 ,'GEN124', 2),

    (DEFAULT, 1 ,'GEN134', 1),
    (DEFAULT, 1 ,'GEN134', 2),
    (DEFAULT, 2 ,'GEN134', 1),
    (DEFAULT, 2 ,'GEN134', 2),
    (DEFAULT, 3 ,'GEN134', 1),
    (DEFAULT, 3 ,'GEN134', 2);

-- Donnees de la table Member
--Etudiants
INSERT INTO Member
VALUES
    ('aubj1202','Nom','Prenom'),
    ('aubo1502','Nom','Prenom'),
    ('barr1306','Nom','Prenom'),
    ('bele0801','Nom','Prenom'),
    ('bele1103','Nom','Prenom'),
    ('bild2707','Nom','Prenom'),
    ('bils2704','Nom','Prenom'),
    ('boie0601','Nom','Prenom'),
    ('bour0703','Nom','Prenom'),
    ('brel0901','Nom','Prenom'),
    ('cake0801','Nom','Prenom'),
    ('canb1801','Nom','Prenom'),
    ('cany2101','Nom','Prenom'),
    ('carv0701','Nom','Prenom'),
    ('caua1101','Nom','Prenom'),
    ('chab1704','Nom','Prenom'),
    ('clof1603','Nom','Prenom'),
    ('cotr3901','Nom','Prenom'),
    ('dufj2908','Nom','Prenom'),
    ('durp2003','Nom','Prenom'),
    ('gell3101','Nom','Prenom'),
    ('gerz0501','Nom','Prenom'),
    ('guea0902','Nom','Prenom'),
    ('houy2303','Nom','Prenom'),
    ('jace1402','Nom','Prenom'),
    ('jans2001','Nom','Prenom'),
    ('keib3201','Nom','Prenom'),
    ('keif1201','Nom','Prenom'),
    ('kilv1201','Nom','Prenom'),
    ('labc0301','Nom','Prenom'),
    ('labg0902','Nom','Prenom'),
    ('laby1302','Nom','Prenom'),
    ('laft1301','Nom','Prenom'),
    ('lals1003','Nom','Prenom'),
    ('lamg0502','Nom','Prenom'),
    ('lanj2131','Nom','Prenom'),
    ('lant1401','Nom','Prenom'),
    ('lavd2311','Nom','Prenom'),
    ('lavm1927','Nom','Prenom'),
    ('lavm2134','Nom','Prenom'),
    ('pagm1302','Nom','Prenom'),
    ('rerm1001','Nom','Prenom'),
    ('robw1901','Nom','Prenom'),
    ('ronk2602','Nom','Prenom'),
    ('roua0701','Nom','Prenom'),
    ('sehk2201','Nom','Prenom'),
    ('sevm1802','Nom','Prenom'),
    ('sinn1901','Nom','Prenom'),
    ('sowa0801','Nom','Prenom'),
    ('stao0901','Nom','Prenom'),
    ('stds2101','Nom','Prenom'),
    ('thip0901','Nom','Prenom'),
    ('trew1501','Nom','Prenom'),
    ('tria1001','Nom','Prenom'),
    ('trus1706','Nom','Prenom'),
    ('turv5324','Nom','Prenom'),
    ('alap1201','Nom','Prenom'),
    ('audm1201','Nom','Prenom'),
    ('berx1201','Nom','Prenom'),
    ('bisz1301','Nom','Prenom');

-- Donnee de la table Role
INSERT INTO Role
VALUES
    (DEFAULT, 'Etudiant'),
    (DEFAULT, 'Enseignant'),
    (DEFAULT, 'Auxilliaire');


-- Donnees de la table GroupMember

INSERT INTO GroupMember
VALUES
('lavm2134',57,2),
('lavm2134',38,2),
('lavm2134',56,1),
('lavm2134',2,2),
('lavm2134',33,1),
('lavm2134',10,1),
('lavm2134',22,2),
('lavm2134',30,1),
('trus1706',69,2),
('trus1706',59,1),
('trus1706',22,1),
('trus1706',16,2),
('trus1706',44,1),
('trus1706',68,2),
('trus1706',24,2),
('trus1706',35,2),
('lavd2311',37,2),
('lavd2311',24,2),
('lavd2311',45,2),
('lavd2311',36,2),
('lavd2311',20,2),
('lavd2311',14,1),
('lavd2311',31,2),
('lavd2311',9,2),
('bild2707',49,2),
('bild2707',43,2),
('bild2707',36,2),
('bild2707',26,2),
('bild2707',46,2),
('bild2707',1,2),
('bild2707',4,1),
('bild2707',67,2),
('chab1704',27,1),
('chab1704',5,2),
('chab1704',48,1),
('chab1704',25,2),
('chab1704',14,2),
('chab1704',41,1),
('chab1704',37,1),
('chab1704',2,1),
('bils2704',59,2),
('bils2704',38,2),
('bils2704',26,2),
('bils2704',29,2),
('bils2704',32,1),
('bils2704',53,1),
('bils2704',58,1),
('bils2704',7,2),
('aubj1202',39,2),
('aubj1202',45,1),
('aubj1202',70,2),
('aubj1202',6,2),
('aubj1202',12,2),
('aubj1202',51,1),
('aubj1202',21,1),
('aubj1202',43,1),
('aubo1502',70,2),
('aubo1502',28,2),
('aubo1502',21,2),
('aubo1502',52,2),
('aubo1502',19,2),
('aubo1502',33,1),
('aubo1502',60,1),
('aubo1502',13,1),
('barr1306',21,2),
('barr1306',8,1),
('barr1306',5,1),
('barr1306',57,2),
('barr1306',51,1),
('barr1306',11,1),
('barr1306',32,1),
('barr1306',23,1),
('bele0801',3,2),
('bele0801',18,1),
('bele0801',32,1),
('bele0801',21,1),
('bele0801',55,2),
('bele0801',12,2),
('bele0801',30,1),
('bele0801',1,1),
('bele1103',18,1),
('bele1103',68,2),
('bele1103',5,1),
('bele1103',37,2),
('bele1103',14,1),
('bele1103',62,2),
('bele1103',53,2),
('bele1103',40,1),
('boie0601',5,1),
('boie0601',14,2),
('boie0601',61,2),
('boie0601',31,1),
('boie0601',28,1),
('boie0601',35,2),
('boie0601',49,2),
('boie0601',8,1),
('bour0703',71,2),
('bour0703',53,2),
('bour0703',28,2),
('bour0703',33,2),
('bour0703',67,1),
('bour0703',3,2),
('bour0703',1,1),
('bour0703',42,2),
('brel0901',11,1),
('brel0901',23,1),
('brel0901',25,1),
('brel0901',40,2),
('brel0901',33,2),
('brel0901',56,2),
('brel0901',9,1),
('brel0901',22,1),
('cake0801',15,1),
('cake0801',40,1),
('cake0801',46,2),
('cake0801',23,2),
('cake0801',53,1),
('cake0801',7,1),
('cake0801',13,2),
('cake0801',65,1),
('canb1801',47,2),
('canb1801',6,1),
('canb1801',37,1),
('canb1801',20,1),
('canb1801',14,1),
('canb1801',59,1),
('canb1801',69,2),
('canb1801',22,2),
('cany2101',8,1),
('cany2101',71,1),
('cany2101',47,2),
('cany2101',43,2),
('cany2101',4,1),
('cany2101',68,1),
('cany2101',19,1),
('cany2101',17,1),
('carv0701',39,2),
('carv0701',21,1),
('carv0701',42,1),
('carv0701',13,1),
('carv0701',5,1),
('carv0701',56,1),
('carv0701',16,2),
('carv0701',26,1),
('caua1101',56,2),
('caua1101',29,1),
('caua1101',2,1),
('caua1101',62,2),
('caua1101',65,2),
('caua1101',28,1),
('caua1101',25,2),
('caua1101',6,1),
('clof1603',16,1),
('clof1603',45,1),
('clof1603',32,1),
('clof1603',4,1),
('clof1603',6,2),
('clof1603',40,1),
('clof1603',61,1),
('clof1603',48,1),
('cotr3901',60,1),
('cotr3901',36,1),
('cotr3901',5,1),
('cotr3901',8,2),
('cotr3901',38,1),
('cotr3901',57,1),
('cotr3901',43,1),
('cotr3901',20,1),
('dufj2908',64,1),
('dufj2908',61,1),
('dufj2908',66,1),
('dufj2908',12,1),
('dufj2908',52,1),
('dufj2908',45,1),
('dufj2908',35,1),
('dufj2908',26,1),
('durp2003',37,1),
('durp2003',52,1),
('durp2003',65,1),
('durp2003',18,2),
('durp2003',36,1),
('durp2003',24,1),
('durp2003',27,2),
('durp2003',44,1),
('gell3101',66,2),
('gell3101',18,2),
('gell3101',28,1),
('gell3101',52,1),
('gell3101',56,1),
('gell3101',11,1),
('gell3101',31,2),
('gell3101',47,1),
('gerz0501',50,2),
('gerz0501',65,1),
('gerz0501',48,1),
('gerz0501',22,1),
('gerz0501',44,2),
('gerz0501',40,1),
('gerz0501',32,2),
('gerz0501',23,2),
('guea0902',34,1),
('guea0902',32,1),
('guea0902',28,1),
('guea0902',10,2),
('guea0902',8,1),
('guea0902',39,1),
('guea0902',37,1),
('guea0902',41,1),
('houy2303',67,1),
('houy2303',34,2),
('houy2303',41,1),
('houy2303',61,1),
('houy2303',24,1),
('houy2303',69,1),
('houy2303',59,1),
('houy2303',11,2),
('jace1402',15,1),
('jace1402',47,1),
('jace1402',27,1),
('jace1402',59,1),
('jace1402',71,1),
('jace1402',62,1),
('jace1402',45,1),
('jace1402',4,1),
('jans2001',13,1),
('jans2001',39,1),
('jans2001',25,1),
('jans2001',7,2),
('jans2001',42,2),
('jans2001',55,1),
('jans2001',34,1),
('jans2001',1,1),
('keib3201',34,1),
('keib3201',45,2),
('keib3201',5,2),
('keib3201',52,2),
('keib3201',71,2),
('keib3201',69,1),
('keib3201',59,1),
('keib3201',24,1),
('keif1201',58,1),
('keif1201',8,1),
('keif1201',15,2),
('keif1201',30,1),
('keif1201',43,1),
('keif1201',26,1),
('keif1201',54,1),
('keif1201',20,1),
('kilv1201',47,1),
('kilv1201',42,1),
('kilv1201',13,2),
('kilv1201',51,1),
('kilv1201',43,1),
('kilv1201',32,2),
('kilv1201',30,1),
('kilv1201',8,2),
('labc0301',56,1),
('labc0301',14,1),
('labc0301',61,2),
('labc0301',65,1),
('labc0301',11,2),
('labc0301',54,1),
('labc0301',43,1),
('labc0301',48,2),
('labg0902',20,1),
('labg0902',49,1),
('labg0902',18,1),
('labg0902',70,1),
('labg0902',24,1),
('labg0902',54,2),
('labg0902',15,1),
('labg0902',68,1),
('laby1302',64,2),
('laby1302',50,1),
('laby1302',27,1),
('laby1302',37,1),
('laby1302',19,1),
('laby1302',68,1),
('laby1302',6,1),
('laby1302',59,1),
('laft1301',41,2),
('laft1301',65,1),
('laft1301',15,1),
('laft1301',17,1),
('laft1301',29,1),
('laft1301',37,1),
('laft1301',55,1),
('laft1301',50,1),
('lals1003',44,2),
('lals1003',33,1),
('lals1003',58,2),
('lals1003',66,2),
('lals1003',63,2),
('lals1003',49,1),
('lals1003',4,1),
('lals1003',9,1),
('lamg0502',48,1),
('lamg0502',12,1),
('lamg0502',42,1),
('lamg0502',9,1),
('lamg0502',4,2),
('lamg0502',67,2),
('lamg0502',2,2),
('lamg0502',49,1),
('lanj2131',55,2),
('lanj2131',7,1),
('lanj2131',65,1),
('lanj2131',23,1),
('lanj2131',4,2),
('lanj2131',2,1),
('lanj2131',10,2),
('lanj2131',46,1),
('lant1401',34,2),
('lant1401',16,1),
('lant1401',63,1),
('lant1401',65,2),
('lant1401',59,1),
('lant1401',40,2),
('lant1401',52,1),
('lant1401',10,1),
('lavm1927',9,1),
('lavm1927',58,2),
('lavm1927',54,2),
('lavm1927',20,1),
('lavm1927',27,2),
('lavm1927',62,1),
('lavm1927',30,2),
('lavm1927',18,1),
('pagm1302',25,1),
('pagm1302',45,1),
('pagm1302',69,1),
('pagm1302',20,2),
('pagm1302',61,1),
('pagm1302',37,1),
('pagm1302',64,2),
('pagm1302',1,1),
('rerm1001',35,1),
('rerm1001',33,1),
('rerm1001',37,1),
('rerm1001',20,1),
('rerm1001',43,1),
('rerm1001',59,2),
('rerm1001',15,2),
('rerm1001',46,1),
('robw1901',22,1),
('robw1901',69,1),
('robw1901',45,1),
('robw1901',59,1),
('robw1901',50,1),
('robw1901',41,1),
('robw1901',51,1),
('robw1901',20,1),
('ronk2602',67,1),
('ronk2602',4,1),
('ronk2602',56,1),
('ronk2602',2,1),
('ronk2602',16,1),
('ronk2602',48,2),
('ronk2602',60,2),
('ronk2602',46,1),
('roua0701',59,1),
('roua0701',50,1),
('roua0701',17,2),
('roua0701',52,1),
('roua0701',2,1),
('roua0701',23,1),
('roua0701',56,1),
('roua0701',34,1),
('sehk2201',3,1),
('sehk2201',26,1),
('sehk2201',30,2),
('sehk2201',45,1),
('sehk2201',51,2),
('sehk2201',60,2),
('sehk2201',10,1),
('sehk2201',42,1),
('sevm1802',17,1),
('sevm1802',61,1),
('sevm1802',42,1),
('sevm1802',29,2),
('sevm1802',45,1),
('sevm1802',26,1),
('sevm1802',47,1),
('sevm1802',27,1),
('sinn1901',52,1),
('sinn1901',40,1),
('sinn1901',50,1),
('sinn1901',11,1),
('sinn1901',25,1),
('sinn1901',63,2),
('sinn1901',14,1),
('sinn1901',1,2),
('sowa0801',17,1),
('sowa0801',5,1),
('sowa0801',50,2),
('sowa0801',44,1),
('sowa0801',68,1),
('sowa0801',55,1),
('sowa0801',12,1),
('sowa0801',36,1),
('stao0901',21,1),
('stao0901',55,1),
('stao0901',63,1),
('stao0901',62,1),
('stao0901',7,1),
('stao0901',30,1),
('stao0901',27,1),
('stao0901',69,1),
('stds2101',53,1),
('stds2101',69,1),
('stds2101',57,1),
('stds2101',19,1),
('stds2101',56,1),
('stds2101',49,1),
('stds2101',1,1),
('stds2101',7,1),
('thip0901',18,1),
('thip0901',44,1),
('thip0901',54,1),
('thip0901',70,1),
('thip0901',6,1),
('thip0901',2,1),
('thip0901',31,1),
('thip0901',16,1),
('trew1501',37,1),
('trew1501',60,1),
('trew1501',9,2),
('trew1501',47,1),
('trew1501',64,1),
('trew1501',12,1),
('trew1501',19,2),
('trew1501',23,1),
('tria1001',34,1),
('tria1001',59,1),
('tria1001',9,1),
('tria1001',21,1),
('tria1001',40,1),
('tria1001',12,1),
('tria1001',65,1),
('tria1001',18,1),
('turv5324',58,1),
('turv5324',9,1),
('turv5324',63,1),
('turv5324',35,1),
('turv5324',8,1),
('turv5324',45,1),
('turv5324',15,1),
('turv5324',3,1),
('alap1201',17,1),
('alap1201',62,1),
('alap1201',33,1),
('alap1201',10,1),
('alap1201',27,1),
('alap1201',7,1),
('alap1201',68,1),
('alap1201',60,1),
('audm1201',40,1),
('audm1201',54,1),
('audm1201',49,1),
('audm1201',64,1),
('audm1201',51,1),
('audm1201',69,1),
('audm1201',19,1),
('audm1201',8,1),
('berx1201',18,1),
('berx1201',15,1),
('berx1201',14,1),
('berx1201',41,2),
('berx1201',46,1),
('berx1201',47,1),
('berx1201',32,1),
('berx1201',60,1),
('bisz1301',46,1),
('bisz1301',25,1),
('bisz1301',29,1),
('bisz1301',22,1),
('bisz1301',13,1),
('bisz1301',51,2),
('bisz1301',15,1),
('bisz1301',71,1);



-- Donnees de la table Assignment
INSERT INTO Assignment
VALUES
    (DEFAULT, 1, 'Contrat d''equipe', 'Description de Contrat d''equipe', '2020-12-04 00:00:00', '2020-12-04 00:00:00', '2020-11-27 00:00:00', 2),
    (DEFAULT, 1, 'Rapport d''analyse et de planification', 'Description de Rapport d''analyse et de planification', '2020-10-28 00:00:00', '2020-10-28 00:00:00', '2020-10-21 00:00:00', 2),
    (DEFAULT, 1, 'Bilan de planification', 'Description de Bilan de planification', '2020-11-04 00:00:00', '2020-11-04 00:00:00', '2020-10-28 00:00:00', 2),
    (DEFAULT, 1, 'Presentation orale', 'Description de Presentation orale', '2020-11-06 00:00:00', '2020-11-06 00:00:00', '2020-10-30 00:00:00', 2),
    (DEFAULT, 1, 'Rapport de conception de projet', 'Description de Rapport de conception de projet', '2020-11-14 00:00:00', '2020-11-14 00:00:00', '2020-11-07 00:00:00', 2),
    (DEFAULT, 2, 'Contrat d''equipe', 'Description de Contrat d''equipe', '2020-12-19 00:00:00', '2020-12-19 00:00:00', '2020-12-12 00:00:00', 2),
    (DEFAULT, 2, 'Rapport d''analyse et de planification', 'Description de Rapport d''analyse et de planification', '2020-10-06 00:00:00', '2020-10-06 00:00:00', '2020-09-29 00:00:00', 2),
    (DEFAULT, 2, 'Bilan de planification', 'Description de Bilan de planification', '2020-12-01 00:00:00', '2020-12-01 00:00:00', '2020-11-24 00:00:00', 2),
    (DEFAULT, 2, 'Presentation orale', 'Description de Presentation orale', '2020-10-08 00:00:00', '2020-10-08 00:00:00', '2020-10-01 00:00:00', 2),
    (DEFAULT, 2, 'Rapport de conception de projet', 'Description de Rapport de conception de projet', '2020-09-30 00:00:00', '2020-09-30 00:00:00', '2020-09-23 00:00:00', 2),
    (DEFAULT, 3, 'Rapport S1_APP3', 'Description de Rapport S1_APP3', '2020-11-04 00:00:00', '2020-11-04 00:00:00', '2020-10-28 00:00:00', 2),
    (DEFAULT, 3, 'Rapport S1_APP5a', 'Description de Rapport S1_APP5a', '2020-12-07 00:00:00', '2020-12-07 00:00:00', '2020-11-30 00:00:00', 2),
    (DEFAULT, 3, 'Rapport Moodle', 'Description de Rapport Moodle', '2020-11-11 00:00:00', '2020-11-11 00:00:00', '2020-11-04 00:00:00', 2),
    (DEFAULT, 3, 'Essai strategique d''apprentissage', 'Description de Essai strategique d''apprentissage', '2020-12-17 00:00:00', '2020-12-17 00:00:00', '2020-12-10 00:00:00', 2),
    (DEFAULT, 3, 'Contrat d''equipe', 'Description de Contrat d''equipe', '2020-11-05 00:00:00', '2020-11-05 00:00:00', '2020-10-29 00:00:00', 2),
    (DEFAULT, 3, 'Rapport d''analyse et de planification', 'Description de Rapport d''analyse et de planification', '2020-10-29 00:00:00', '2020-10-29 00:00:00', '2020-10-22 00:00:00', 2),
    (DEFAULT, 3, 'Presentation orale', 'Description de Presentation orale', '2020-09-13 00:00:00', '2020-09-13 00:00:00', '2020-09-06 00:00:00', 2),
    (DEFAULT, 3, 'Rapport de conception de projet', 'Description de Rapport de conception de projet', '2020-10-21 00:00:00', '2020-10-21 00:00:00', '2020-10-14 00:00:00', 2),
    (DEFAULT, 4, 'Rapport S1_APP3', 'Description de Rapport S1_APP3', '2020-12-16 00:00:00', '2020-12-16 00:00:00', '2020-12-09 00:00:00', 2),
    (DEFAULT, 4, 'Rapport S1_APP5a', 'Description de Rapport S1_APP5a', '2020-11-28 00:00:00', '2020-11-28 00:00:00', '2020-11-21 00:00:00', 2),
    (DEFAULT, 4, 'Rapport Moodle', 'Description de Rapport Moodle', '2020-12-13 00:00:00', '2020-12-13 00:00:00', '2020-12-06 00:00:00', 2),
    (DEFAULT, 4, 'Essai strategique d''apprentissage', 'Description de Essai strategique d''apprentissage', '2020-12-04 00:00:00', '2020-12-04 00:00:00', '2020-11-27 00:00:00', 2),
    (DEFAULT, 4, 'Contrat d’equipe', 'Description de Contrat d’equipe', '2020-10-15 00:00:00', '2020-10-15 00:00:00', '2020-10-08 00:00:00', 2),
    (DEFAULT, 4, 'Rapport d’analyse et de planification', 'Description de Rapport d’analyse et de planification', '2020-11-21 00:00:00', '2020-11-21 00:00:00', '2020-11-14 00:00:00', 2),
    (DEFAULT, 4, 'Presentation orale', 'Description de Presentation orale', '2020-12-07 00:00:00', '2020-12-07 00:00:00', '2020-11-30 00:00:00', 2),
    (DEFAULT, 4, 'Rapport de conception de projet', 'Description de Rapport de conception de projet', '2020-12-08 00:00:00', '2020-12-08 00:00:00', '2020-12-01 00:00:00', 2),
    (DEFAULT, 5, 'Presentation orale', 'Description de Presentation orale', '2020-12-02 00:00:00', '2020-12-02 00:00:00', '2020-11-25 00:00:00', 2),
    (DEFAULT, 6, 'Presentation orale', 'Description de Presentation orale', '2020-11-13 00:00:00', '2020-11-13 00:00:00', '2020-11-06 00:00:00', 2),
    (DEFAULT, 7, 'Rapport S1_APP3', 'Description de Rapport S1_APP3', '2020-11-17 00:00:00', '2020-11-17 00:00:00', '2020-11-10 00:00:00', 2),
    (DEFAULT, 8, 'Rapport S1_APP3', 'Description de Rapport S1_APP3', '2020-10-15 00:00:00', '2020-10-15 00:00:00', '2020-10-08 00:00:00', 2),
    (DEFAULT, 9, 'Rapport S1_APP3', 'Description de Rapport S1_APP3', '2020-12-15 00:00:00', '2020-12-15 00:00:00', '2020-12-08 00:00:00', 2),
    (DEFAULT, 9, 'Rapport S1_APP5a', 'Description de Rapport S1_APP5a', '2020-10-06 00:00:00', '2020-10-06 00:00:00', '2020-09-29 00:00:00', 2),
    (DEFAULT, 10, 'Rapport S1_APP3', 'Description de Rapport S1_APP3', '2020-11-19 00:00:00', '2020-11-19 00:00:00', '2020-11-12 00:00:00', 2),
    (DEFAULT, 10, 'Rapport S1_APP5a', 'Description de Rapport S1_APP5a', '2020-09-13 00:00:00', '2020-09-13 00:00:00', '2020-09-06 00:00:00', 2),
    (DEFAULT, 11, 'Rapport S1_APP5b', 'Description de Rapport S1_APP5b', '2020-09-16 00:00:00', '2020-09-16 00:00:00', '2020-09-09 00:00:00', 2),
    (DEFAULT, 12, 'Rapport S1_APP5b', 'Description de Rapport S1_APP5b', '2020-11-16 00:00:00', '2020-11-16 00:00:00', '2020-11-09 00:00:00', 2),
    (DEFAULT, 13, 'Rapport S1_APP4', 'Description de Rapport S1_APP4', '2020-09-27 00:00:00', '2020-09-27 00:00:00', '2020-09-20 00:00:00', 2),
    (DEFAULT, 14, 'Rapport S1_APP4', 'Description de Rapport S1_APP4', '2020-10-07 00:00:00', '2020-10-07 00:00:00', '2020-09-30 00:00:00', 2),
    (DEFAULT, 15, 'Rapport S1_APP2', 'Description de Rapport S1_APP2', '2020-12-10 00:00:00', '2020-12-10 00:00:00', '2020-12-03 00:00:00', 2),
    (DEFAULT, 16, 'Rapport S1_APP2', 'Description de Rapport S1_APP2', '2020-10-15 00:00:00', '2020-10-15 00:00:00', '2020-10-08 00:00:00', 2),
    (DEFAULT, 17, 'Rapport S1_APP1sn', 'Description de Rapport S1_APP1sn', '2020-12-19 00:00:00', '2020-12-19 00:00:00', '2020-12-12 00:00:00', 2),
    (DEFAULT, 18, 'Rapport S1_APP1sn', 'Description de Rapport S1_APP1sn', '2020-11-21 00:00:00', '2020-11-21 00:00:00', '2020-11-14 00:00:00', 2),
    (DEFAULT, 19, 'Rapport S1_APP5a', 'Description de Rapport S1_APP5a', '2020-12-15 00:00:00', '2020-12-15 00:00:00', '2020-12-08 00:00:00', 2),
    (DEFAULT, 20, 'Rapport S1_APP5a', 'Description de Rapport S1_APP5a', '2020-12-14 00:00:00', '2020-12-14 00:00:00', '2020-12-07 00:00:00', 2),
    (DEFAULT, 21, 'Rapport S1_APP1ti', 'Description de Rapport S1_APP1ti', '2020-10-29 00:00:00', '2020-10-29 00:00:00', '2020-10-22 00:00:00', 2),
    (DEFAULT, 22, 'Rapport S1_APP1ti', 'Description de Rapport S1_APP1ti', '2020-09-23 00:00:00', '2020-09-23 00:00:00', '2020-09-16 00:00:00', 2),
    (DEFAULT, 23, 'Rapport S1_APP5bti', 'Description de Rapport S1_APP5bti', '2020-10-29 00:00:00', '2020-10-29 00:00:00', '2020-10-22 00:00:00', 2),
    (DEFAULT, 24, 'Rapport S1_APP5bti', 'Description de Rapport S1_APP5bti', '2020-12-02 00:00:00', '2020-12-02 00:00:00', '2020-11-25 00:00:00', 2),
    (DEFAULT, 25, 'Rapport S1_APP1to', 'Description de Rapport S1_APP1to', '2020-11-26 00:00:00', '2020-11-26 00:00:00', '2020-11-19 00:00:00', 2),
    (DEFAULT, 26, 'Rapport S1_APP1to', 'Description de Rapport S1_APP1to', '2020-12-12 00:00:00', '2020-12-12 00:00:00', '2020-12-05 00:00:00', 2),
    (DEFAULT, 27, 'Rapport de mi-session', 'Description de Rapport de mi-session', '2021-11-26 00:00:00', '2021-11-26 00:00:00', '2021-11-19 00:00:00', 2),
    (DEFAULT, 27, 'Rapport final', 'Description de Rapport final', '2021-09-17 00:00:00', '2021-09-17 00:00:00', '2021-09-10 00:00:00', 2),
    (DEFAULT, 28, 'Rapport S2_APP2', 'Description de Rapport S2_APP2', '2021-10-12 00:00:00', '2021-10-12 00:00:00', '2021-10-05 00:00:00', 2),
    (DEFAULT, 28, 'Rapport S2_APP6', 'Description de Rapport S2_APP6', '2021-10-18 00:00:00', '2021-10-18 00:00:00', '2021-10-11 00:00:00', 2),
    (DEFAULT, 29, 'Rapport S2_APP2', 'Description de Rapport S2_APP2', '2021-09-10 00:00:00', '2021-09-10 00:00:00', '2021-09-03 00:00:00', 2),
    (DEFAULT, 29, 'Rapport S2_APP6', 'Description de Rapport S2_APP6', '2021-10-19 00:00:00', '2021-10-19 00:00:00', '2021-10-12 00:00:00', 2),
    (DEFAULT, 30, 'Rapport S2_APP1', 'Description de Rapport S2_APP1', '2021-10-15 00:00:00', '2021-10-15 00:00:00', '2021-10-08 00:00:00', 2),
    (DEFAULT, 31, 'Rapport S2_APP4', 'Description de Rapport S2_APP4', '2021-10-20 00:00:00', '2021-10-20 00:00:00', '2021-10-13 00:00:00', 2),
    (DEFAULT, 32, 'Rapport S2_APP3gi', 'Description de Rapport S2_APP3gi', '2021-09-15 00:00:00', '2021-09-15 00:00:00', '2021-09-08 00:00:00', 2),
    (DEFAULT, 33, 'Rapport S2_APP7gi', 'Description de Rapport S2_APP7gi', '2021-11-28 00:00:00', '2021-11-28 00:00:00', '2021-11-21 00:00:00', 2),
    (DEFAULT, 34, 'Rapport S2_APP5gi', 'Description de Rapport S2_APP5gi', '2021-11-19 00:00:00', '2021-11-19 00:00:00', '2021-11-12 00:00:00', 2),
    (DEFAULT, 35, 'Reflexion', 'Description de Reflexion', '2021-11-25 00:00:00', '2021-11-25 00:00:00', '2021-11-18 00:00:00', 2),
    (DEFAULT, 36, 'Memoire d''approbation de projet', 'Description de Memoire d''approbation de projet', '2021-12-09 00:00:00', '2021-12-09 00:00:00', '2021-12-02 00:00:00', 2),
    (DEFAULT, 36, 'Rapport de sprint 1', 'Description de Rapport de sprint 1', '2021-10-21 00:00:00', '2021-10-21 00:00:00', '2021-10-14 00:00:00', 2),
    (DEFAULT, 36, 'Rapport de sprint 2', 'Description de Rapport de sprint 2', '2021-11-02 00:00:00', '2021-11-02 00:00:00', '2021-10-26 00:00:00', 2),
    (DEFAULT, 36, 'Rapport post-mortem', 'Description de Rapport post-mortem', '2021-12-20 00:00:00', '2021-12-20 00:00:00', '2021-12-13 00:00:00', 2),
    (DEFAULT, 36, 'Presentation finale', 'Description de Presentation finale', '2021-10-16 00:00:00', '2021-10-16 00:00:00', '2021-10-09 00:00:00', 2),
    (DEFAULT, 37, 'Rapport S3_APP4', 'Description de Rapport S3_APP4', '2021-12-20 00:00:00', '2021-12-20 00:00:00', '2021-12-13 00:00:00', 2),
    (DEFAULT, 39, 'Rapport S3_APP1', 'Description de Rapport S3_APP1', '2021-11-25 00:00:00', '2021-11-25 00:00:00', '2021-11-18 00:00:00', 2),
    (DEFAULT, 40, 'Rapport S3_APP5', 'Description de Rapport S3_APP5', '2021-09-29 00:00:00', '2021-09-29 00:00:00', '2021-09-22 00:00:00', 2),
    (DEFAULT, 41, 'Rapport S3_APP6', 'Description de Rapport S3_APP6', '2021-12-12 00:00:00', '2021-12-12 00:00:00', '2021-12-05 00:00:00', 2),
    (DEFAULT, 42, 'Rapport S3_APP3', 'Description de Rapport S3_APP3', '2021-10-09 00:00:00', '2021-10-09 00:00:00', '2021-10-02 00:00:00', 2),
    (DEFAULT, 43, 'Rapport S3_APP2', 'Description de Rapport S3_APP2', '2021-11-01 00:00:00', '2021-11-01 00:00:00', '2021-10-25 00:00:00', 2);

-- Donnees de la table Team
INSERT INTO Team
VALUES
    (DEFAULT, 1, 1),
    (DEFAULT, 1, 2),
    (DEFAULT, 1, 3),
    (DEFAULT, 1, 4),
    (DEFAULT, 1, 5),
    (DEFAULT, 1, 6),
    (DEFAULT, 1, 7),
    (DEFAULT, 1, 8),
    (DEFAULT, 1, 9),
    (DEFAULT, 1, 10),
    (DEFAULT, 1, 11),
    (DEFAULT, 1, 12),
    (DEFAULT, 1, 13),
    (DEFAULT, 1, 14),
    (DEFAULT, 2, 1),
    (DEFAULT, 2, 2),
    (DEFAULT, 2, 3),
    (DEFAULT, 2, 4),
    (DEFAULT, 2, 5),
    (DEFAULT, 2, 6),
    (DEFAULT, 2, 7),
    (DEFAULT, 2, 8),
    (DEFAULT, 2, 9),
    (DEFAULT, 2, 10),
    (DEFAULT, 2, 11),
    (DEFAULT, 2, 12),
    (DEFAULT, 2, 13),
    (DEFAULT, 2, 14),
    (DEFAULT, 3, 1),
    (DEFAULT, 3, 2),
    (DEFAULT, 3, 3),
    (DEFAULT, 3, 4),
    (DEFAULT, 3, 5),
    (DEFAULT, 3, 6),
    (DEFAULT, 3, 7),
    (DEFAULT, 3, 8),
    (DEFAULT, 3, 9),
    (DEFAULT, 3, 10),
    (DEFAULT, 3, 11),
    (DEFAULT, 3, 12),
    (DEFAULT, 3, 13),
    (DEFAULT, 3, 14),
    (DEFAULT, 4, 1),
    (DEFAULT, 4, 2),
    (DEFAULT, 4, 3),
    (DEFAULT, 4, 4),
    (DEFAULT, 4, 5),
    (DEFAULT, 4, 6),
    (DEFAULT, 4, 7),
    (DEFAULT, 4, 8),
    (DEFAULT, 4, 9),
    (DEFAULT, 4, 10),
    (DEFAULT, 4, 11),
    (DEFAULT, 4, 12),
    (DEFAULT, 4, 13),
    (DEFAULT, 4, 14),
    (DEFAULT, 5, 1),
    (DEFAULT, 5, 2),
    (DEFAULT, 5, 3),
    (DEFAULT, 5, 4),
    (DEFAULT, 5, 5),
    (DEFAULT, 5, 6),
    (DEFAULT, 5, 7),
    (DEFAULT, 5, 8),
    (DEFAULT, 5, 9),
    (DEFAULT, 5, 10),
    (DEFAULT, 5, 11),
    (DEFAULT, 5, 12),
    (DEFAULT, 5, 13),
    (DEFAULT, 5, 14),
    (DEFAULT, 6, 1),
    (DEFAULT, 6, 2),
    (DEFAULT, 6, 3),
    (DEFAULT, 6, 4),
    (DEFAULT, 6, 5),
    (DEFAULT, 6, 6),
    (DEFAULT, 6, 7),
    (DEFAULT, 6, 8),
    (DEFAULT, 6, 9),
    (DEFAULT, 6, 10),
    (DEFAULT, 6, 11),
    (DEFAULT, 6, 12),
    (DEFAULT, 6, 13),
    (DEFAULT, 6, 14),
    (DEFAULT, 6, 15),
    (DEFAULT, 6, 16),
    (DEFAULT, 7, 1),
    (DEFAULT, 7, 2),
    (DEFAULT, 7, 3),
    (DEFAULT, 7, 4),
    (DEFAULT, 7, 5),
    (DEFAULT, 7, 6),
    (DEFAULT, 7, 7),
    (DEFAULT, 7, 8),
    (DEFAULT, 7, 9),
    (DEFAULT, 7, 10),
    (DEFAULT, 7, 11),
    (DEFAULT, 7, 12),
    (DEFAULT, 7, 13),
    (DEFAULT, 7, 14),
    (DEFAULT, 7, 15),
    (DEFAULT, 7, 16),
    (DEFAULT, 8, 1),
    (DEFAULT, 8, 2),
    (DEFAULT, 8, 3),
    (DEFAULT, 8, 4),
    (DEFAULT, 8, 5),
    (DEFAULT, 8, 6),
    (DEFAULT, 8, 7),
    (DEFAULT, 8, 8),
    (DEFAULT, 8, 9),
    (DEFAULT, 8, 10),
    (DEFAULT, 8, 11),
    (DEFAULT, 8, 12),
    (DEFAULT, 8, 13),
    (DEFAULT, 8, 14),
    (DEFAULT, 8, 15),
    (DEFAULT, 8, 16),
    (DEFAULT, 9, 1),
    (DEFAULT, 9, 2),
    (DEFAULT, 9, 3),
    (DEFAULT, 9, 4),
    (DEFAULT, 9, 5),
    (DEFAULT, 9, 6),
    (DEFAULT, 9, 7),
    (DEFAULT, 9, 8),
    (DEFAULT, 9, 9),
    (DEFAULT, 9, 10),
    (DEFAULT, 9, 11),
    (DEFAULT, 9, 12),
    (DEFAULT, 9, 13),
    (DEFAULT, 9, 14),
    (DEFAULT, 9, 15),
    (DEFAULT, 9, 16),
    (DEFAULT, 10, 1),
    (DEFAULT, 10, 2),
    (DEFAULT, 10, 3),
    (DEFAULT, 10, 4),
    (DEFAULT, 10, 5),
    (DEFAULT, 10, 6),
    (DEFAULT, 10, 7),
    (DEFAULT, 10, 8),
    (DEFAULT, 10, 9),
    (DEFAULT, 10, 10),
    (DEFAULT, 10, 11),
    (DEFAULT, 10, 12),
    (DEFAULT, 10, 13),
    (DEFAULT, 10, 14),
    (DEFAULT, 10, 15),
    (DEFAULT, 10, 16),
    (DEFAULT, 11, 1),
    (DEFAULT, 11, 2),
    (DEFAULT, 11, 3),
    (DEFAULT, 11, 4),
    (DEFAULT, 11, 5),
    (DEFAULT, 11, 6),
    (DEFAULT, 11, 7),
    (DEFAULT, 11, 8),
    (DEFAULT, 11, 9),
    (DEFAULT, 11, 10),
    (DEFAULT, 11, 11),
    (DEFAULT, 11, 12),
    (DEFAULT, 11, 13),
    (DEFAULT, 11, 14),
    (DEFAULT, 12, 1),
    (DEFAULT, 12, 2),
    (DEFAULT, 12, 3),
    (DEFAULT, 12, 4),
    (DEFAULT, 12, 5),
    (DEFAULT, 12, 6),
    (DEFAULT, 12, 7),
    (DEFAULT, 12, 8),
    (DEFAULT, 12, 9),
    (DEFAULT, 12, 10),
    (DEFAULT, 12, 11),
    (DEFAULT, 12, 12),
    (DEFAULT, 12, 13),
    (DEFAULT, 12, 14),
    (DEFAULT, 13, 1),
    (DEFAULT, 13, 2),
    (DEFAULT, 13, 3),
    (DEFAULT, 13, 4),
    (DEFAULT, 13, 5),
    (DEFAULT, 13, 6),
    (DEFAULT, 13, 7),
    (DEFAULT, 13, 8),
    (DEFAULT, 13, 9),
    (DEFAULT, 13, 10),
    (DEFAULT, 13, 11),
    (DEFAULT, 13, 12),
    (DEFAULT, 13, 13),
    (DEFAULT, 13, 14),
    (DEFAULT, 14, 1),
    (DEFAULT, 14, 2),
    (DEFAULT, 14, 3),
    (DEFAULT, 14, 4),
    (DEFAULT, 14, 5),
    (DEFAULT, 14, 6),
    (DEFAULT, 14, 7),
    (DEFAULT, 14, 8),
    (DEFAULT, 14, 9),
    (DEFAULT, 14, 10),
    (DEFAULT, 14, 11),
    (DEFAULT, 14, 12),
    (DEFAULT, 14, 13),
    (DEFAULT, 14, 14),
    (DEFAULT, 15, 1),
    (DEFAULT, 15, 2),
    (DEFAULT, 15, 3),
    (DEFAULT, 15, 4),
    (DEFAULT, 15, 5),
    (DEFAULT, 15, 6),
    (DEFAULT, 15, 7),
    (DEFAULT, 15, 8),
    (DEFAULT, 15, 9),
    (DEFAULT, 15, 10),
    (DEFAULT, 15, 11),
    (DEFAULT, 15, 12),
    (DEFAULT, 15, 13),
    (DEFAULT, 15, 14),
    (DEFAULT, 16, 1),
    (DEFAULT, 16, 2),
    (DEFAULT, 16, 3),
    (DEFAULT, 16, 4),
    (DEFAULT, 16, 5),
    (DEFAULT, 16, 6),
    (DEFAULT, 16, 7),
    (DEFAULT, 16, 8),
    (DEFAULT, 16, 9),
    (DEFAULT, 16, 10),
    (DEFAULT, 16, 11),
    (DEFAULT, 16, 12),
    (DEFAULT, 16, 13),
    (DEFAULT, 16, 14),
    (DEFAULT, 17, 1),
    (DEFAULT, 17, 2),
    (DEFAULT, 17, 3),
    (DEFAULT, 17, 4),
    (DEFAULT, 17, 5),
    (DEFAULT, 17, 6),
    (DEFAULT, 17, 7),
    (DEFAULT, 17, 8),
    (DEFAULT, 17, 9),
    (DEFAULT, 17, 10),
    (DEFAULT, 17, 11),
    (DEFAULT, 17, 12),
    (DEFAULT, 17, 13),
    (DEFAULT, 17, 14),
    (DEFAULT, 18, 1),
    (DEFAULT, 18, 2),
    (DEFAULT, 18, 3),
    (DEFAULT, 18, 4),
    (DEFAULT, 18, 5),
    (DEFAULT, 18, 6),
    (DEFAULT, 18, 7),
    (DEFAULT, 18, 8),
    (DEFAULT, 18, 9),
    (DEFAULT, 18, 10),
    (DEFAULT, 18, 11),
    (DEFAULT, 18, 12),
    (DEFAULT, 18, 13),
    (DEFAULT, 18, 14),
    (DEFAULT, 19, 1),
    (DEFAULT, 19, 2),
    (DEFAULT, 19, 3),
    (DEFAULT, 19, 4),
    (DEFAULT, 19, 5),
    (DEFAULT, 19, 6),
    (DEFAULT, 19, 7),
    (DEFAULT, 19, 8),
    (DEFAULT, 19, 9),
    (DEFAULT, 19, 10),
    (DEFAULT, 19, 11),
    (DEFAULT, 19, 12),
    (DEFAULT, 19, 13),
    (DEFAULT, 19, 14),
    (DEFAULT, 19, 15),
    (DEFAULT, 19, 16),
    (DEFAULT, 20, 1),
    (DEFAULT, 20, 2),
    (DEFAULT, 20, 3),
    (DEFAULT, 20, 4),
    (DEFAULT, 20, 5),
    (DEFAULT, 20, 6),
    (DEFAULT, 20, 7),
    (DEFAULT, 20, 8),
    (DEFAULT, 20, 9),
    (DEFAULT, 20, 10),
    (DEFAULT, 20, 11),
    (DEFAULT, 20, 12),
    (DEFAULT, 20, 13),
    (DEFAULT, 20, 14),
    (DEFAULT, 20, 15),
    (DEFAULT, 20, 16),
    (DEFAULT, 21, 1),
    (DEFAULT, 21, 2),
    (DEFAULT, 21, 3),
    (DEFAULT, 21, 4),
    (DEFAULT, 21, 5),
    (DEFAULT, 21, 6),
    (DEFAULT, 21, 7),
    (DEFAULT, 21, 8),
    (DEFAULT, 21, 9),
    (DEFAULT, 21, 10),
    (DEFAULT, 21, 11),
    (DEFAULT, 21, 12),
    (DEFAULT, 21, 13),
    (DEFAULT, 21, 14),
    (DEFAULT, 21, 15),
    (DEFAULT, 21, 16),
    (DEFAULT, 22, 1),
    (DEFAULT, 22, 2),
    (DEFAULT, 22, 3),
    (DEFAULT, 22, 4),
    (DEFAULT, 22, 5),
    (DEFAULT, 22, 6),
    (DEFAULT, 22, 7),
    (DEFAULT, 22, 8),
    (DEFAULT, 22, 9),
    (DEFAULT, 22, 10),
    (DEFAULT, 22, 11),
    (DEFAULT, 22, 12),
    (DEFAULT, 22, 13),
    (DEFAULT, 22, 14),
    (DEFAULT, 22, 15),
    (DEFAULT, 22, 16),
    (DEFAULT, 23, 1),
    (DEFAULT, 23, 2),
    (DEFAULT, 23, 3),
    (DEFAULT, 23, 4),
    (DEFAULT, 23, 5),
    (DEFAULT, 23, 6),
    (DEFAULT, 23, 7),
    (DEFAULT, 23, 8),
    (DEFAULT, 23, 9),
    (DEFAULT, 23, 10),
    (DEFAULT, 23, 11),
    (DEFAULT, 23, 12),
    (DEFAULT, 23, 13),
    (DEFAULT, 23, 14),
    (DEFAULT, 23, 15),
    (DEFAULT, 23, 16),
    (DEFAULT, 24, 1),
    (DEFAULT, 24, 2),
    (DEFAULT, 24, 3),
    (DEFAULT, 24, 4),
    (DEFAULT, 24, 5),
    (DEFAULT, 24, 6),
    (DEFAULT, 24, 7),
    (DEFAULT, 24, 8),
    (DEFAULT, 24, 9),
    (DEFAULT, 24, 10),
    (DEFAULT, 24, 11),
    (DEFAULT, 24, 12),
    (DEFAULT, 24, 13),
    (DEFAULT, 24, 14),
    (DEFAULT, 24, 15),
    (DEFAULT, 24, 16),
    (DEFAULT, 25, 1),
    (DEFAULT, 25, 2),
    (DEFAULT, 25, 3),
    (DEFAULT, 25, 4),
    (DEFAULT, 25, 5),
    (DEFAULT, 25, 6),
    (DEFAULT, 25, 7),
    (DEFAULT, 25, 8),
    (DEFAULT, 25, 9),
    (DEFAULT, 25, 10),
    (DEFAULT, 25, 11),
    (DEFAULT, 25, 12),
    (DEFAULT, 25, 13),
    (DEFAULT, 25, 14),
    (DEFAULT, 25, 15),
    (DEFAULT, 25, 16),
    (DEFAULT, 26, 1),
    (DEFAULT, 26, 2),
    (DEFAULT, 26, 3),
    (DEFAULT, 26, 4),
    (DEFAULT, 26, 5),
    (DEFAULT, 26, 6),
    (DEFAULT, 26, 7),
    (DEFAULT, 26, 8),
    (DEFAULT, 26, 9),
    (DEFAULT, 26, 10),
    (DEFAULT, 26, 11),
    (DEFAULT, 26, 12),
    (DEFAULT, 26, 13),
    (DEFAULT, 26, 14),
    (DEFAULT, 26, 15),
    (DEFAULT, 26, 16),
    (DEFAULT, 27, 1),
    (DEFAULT, 27, 2),
    (DEFAULT, 27, 3),
    (DEFAULT, 27, 4),
    (DEFAULT, 27, 5),
    (DEFAULT, 27, 6),
    (DEFAULT, 27, 7),
    (DEFAULT, 27, 8),
    (DEFAULT, 27, 9),
    (DEFAULT, 27, 10),
    (DEFAULT, 27, 11),
    (DEFAULT, 27, 12),
    (DEFAULT, 27, 13),
    (DEFAULT, 27, 14),
    (DEFAULT, 28, 1),
    (DEFAULT, 28, 2),
    (DEFAULT, 28, 3),
    (DEFAULT, 28, 4),
    (DEFAULT, 28, 5),
    (DEFAULT, 28, 6),
    (DEFAULT, 28, 7),
    (DEFAULT, 28, 8),
    (DEFAULT, 28, 9),
    (DEFAULT, 28, 10),
    (DEFAULT, 28, 11),
    (DEFAULT, 28, 12),
    (DEFAULT, 28, 13),
    (DEFAULT, 28, 14),
    (DEFAULT, 28, 15),
    (DEFAULT, 28, 16),
    (DEFAULT, 29, 1),
    (DEFAULT, 29, 2),
    (DEFAULT, 29, 3),
    (DEFAULT, 29, 4),
    (DEFAULT, 29, 5),
    (DEFAULT, 29, 6),
    (DEFAULT, 29, 7),
    (DEFAULT, 29, 8),
    (DEFAULT, 29, 9),
    (DEFAULT, 29, 10),
    (DEFAULT, 29, 11),
    (DEFAULT, 29, 12),
    (DEFAULT, 29, 13),
    (DEFAULT, 29, 14),
    (DEFAULT, 30, 1),
    (DEFAULT, 30, 2),
    (DEFAULT, 30, 3),
    (DEFAULT, 30, 4),
    (DEFAULT, 30, 5),
    (DEFAULT, 30, 6),
    (DEFAULT, 30, 7),
    (DEFAULT, 30, 8),
    (DEFAULT, 30, 9),
    (DEFAULT, 30, 10),
    (DEFAULT, 30, 11),
    (DEFAULT, 30, 12),
    (DEFAULT, 30, 13),
    (DEFAULT, 30, 14),
    (DEFAULT, 30, 15),
    (DEFAULT, 30, 16),
    (DEFAULT, 31, 1),
    (DEFAULT, 31, 2),
    (DEFAULT, 31, 3),
    (DEFAULT, 31, 4),
    (DEFAULT, 31, 5),
    (DEFAULT, 31, 6),
    (DEFAULT, 31, 7),
    (DEFAULT, 31, 8),
    (DEFAULT, 31, 9),
    (DEFAULT, 31, 10),
    (DEFAULT, 31, 11),
    (DEFAULT, 31, 12),
    (DEFAULT, 31, 13),
    (DEFAULT, 31, 14),
    (DEFAULT, 32, 1),
    (DEFAULT, 32, 2),
    (DEFAULT, 32, 3),
    (DEFAULT, 32, 4),
    (DEFAULT, 32, 5),
    (DEFAULT, 32, 6),
    (DEFAULT, 32, 7),
    (DEFAULT, 32, 8),
    (DEFAULT, 32, 9),
    (DEFAULT, 32, 10),
    (DEFAULT, 32, 11),
    (DEFAULT, 32, 12),
    (DEFAULT, 32, 13),
    (DEFAULT, 32, 14),
    (DEFAULT, 33, 1),
    (DEFAULT, 33, 2),
    (DEFAULT, 33, 3),
    (DEFAULT, 33, 4),
    (DEFAULT, 33, 5),
    (DEFAULT, 33, 6),
    (DEFAULT, 33, 7),
    (DEFAULT, 33, 8),
    (DEFAULT, 33, 9),
    (DEFAULT, 33, 10),
    (DEFAULT, 33, 11),
    (DEFAULT, 33, 12),
    (DEFAULT, 33, 13),
    (DEFAULT, 33, 14),
    (DEFAULT, 33, 15),
    (DEFAULT, 33, 16),
    (DEFAULT, 34, 1),
    (DEFAULT, 34, 2),
    (DEFAULT, 34, 3),
    (DEFAULT, 34, 4),
    (DEFAULT, 34, 5),
    (DEFAULT, 34, 6),
    (DEFAULT, 34, 7),
    (DEFAULT, 34, 8),
    (DEFAULT, 34, 9),
    (DEFAULT, 34, 10),
    (DEFAULT, 34, 11),
    (DEFAULT, 34, 12),
    (DEFAULT, 34, 13),
    (DEFAULT, 34, 14),
    (DEFAULT, 34, 15),
    (DEFAULT, 34, 16),
    (DEFAULT, 35, 1),
    (DEFAULT, 35, 2),
    (DEFAULT, 35, 3),
    (DEFAULT, 35, 4),
    (DEFAULT, 35, 5),
    (DEFAULT, 35, 6),
    (DEFAULT, 35, 7),
    (DEFAULT, 35, 8),
    (DEFAULT, 35, 9),
    (DEFAULT, 35, 10),
    (DEFAULT, 35, 11),
    (DEFAULT, 35, 12),
    (DEFAULT, 35, 13),
    (DEFAULT, 35, 14),
    (DEFAULT, 36, 1),
    (DEFAULT, 36, 2),
    (DEFAULT, 36, 3),
    (DEFAULT, 36, 4),
    (DEFAULT, 36, 5),
    (DEFAULT, 36, 6),
    (DEFAULT, 36, 7),
    (DEFAULT, 36, 8),
    (DEFAULT, 36, 9),
    (DEFAULT, 36, 10),
    (DEFAULT, 36, 11),
    (DEFAULT, 36, 12),
    (DEFAULT, 36, 13),
    (DEFAULT, 36, 14),
    (DEFAULT, 36, 15),
    (DEFAULT, 36, 16),
    (DEFAULT, 37, 1),
    (DEFAULT, 37, 2),
    (DEFAULT, 37, 3),
    (DEFAULT, 37, 4),
    (DEFAULT, 37, 5),
    (DEFAULT, 37, 6),
    (DEFAULT, 37, 7),
    (DEFAULT, 37, 8),
    (DEFAULT, 37, 9),
    (DEFAULT, 37, 10),
    (DEFAULT, 37, 11),
    (DEFAULT, 37, 12),
    (DEFAULT, 37, 13),
    (DEFAULT, 37, 14),
    (DEFAULT, 38, 1),
    (DEFAULT, 38, 2),
    (DEFAULT, 38, 3),
    (DEFAULT, 38, 4),
    (DEFAULT, 38, 5),
    (DEFAULT, 38, 6),
    (DEFAULT, 38, 7),
    (DEFAULT, 38, 8),
    (DEFAULT, 38, 9),
    (DEFAULT, 39, 1),
    (DEFAULT, 39, 2),
    (DEFAULT, 39, 3),
    (DEFAULT, 39, 4),
    (DEFAULT, 39, 5),
    (DEFAULT, 39, 6),
    (DEFAULT, 39, 7),
    (DEFAULT, 39, 8),
    (DEFAULT, 39, 9),
    (DEFAULT, 39, 10),
    (DEFAULT, 39, 11),
    (DEFAULT, 39, 12),
    (DEFAULT, 39, 13),
    (DEFAULT, 39, 14),
    (DEFAULT, 40, 1),
    (DEFAULT, 40, 2),
    (DEFAULT, 40, 3),
    (DEFAULT, 40, 4),
    (DEFAULT, 40, 5),
    (DEFAULT, 40, 6),
    (DEFAULT, 40, 7),
    (DEFAULT, 40, 8),
    (DEFAULT, 40, 9),
    (DEFAULT, 41, 1),
    (DEFAULT, 41, 2),
    (DEFAULT, 41, 3),
    (DEFAULT, 41, 4),
    (DEFAULT, 41, 5),
    (DEFAULT, 41, 6),
    (DEFAULT, 41, 7),
    (DEFAULT, 42, 1),
    (DEFAULT, 42, 2),
    (DEFAULT, 42, 3),
    (DEFAULT, 42, 4),
    (DEFAULT, 42, 5),
    (DEFAULT, 42, 6),
    (DEFAULT, 42, 7),
    (DEFAULT, 43, 1),
    (DEFAULT, 43, 2),
    (DEFAULT, 43, 3),
    (DEFAULT, 43, 4),
    (DEFAULT, 43, 5),
    (DEFAULT, 43, 6),
    (DEFAULT, 43, 7),
    (DEFAULT, 43, 8),
    (DEFAULT, 43, 9),
    (DEFAULT, 43, 10),
    (DEFAULT, 43, 11),
    (DEFAULT, 43, 12),
    (DEFAULT, 43, 13),
    (DEFAULT, 43, 14),
    (DEFAULT, 44, 1),
    (DEFAULT, 44, 2),
    (DEFAULT, 44, 3),
    (DEFAULT, 44, 4),
    (DEFAULT, 44, 5),
    (DEFAULT, 44, 6),
    (DEFAULT, 44, 7),
    (DEFAULT, 44, 8),
    (DEFAULT, 45, 1),
    (DEFAULT, 45, 2),
    (DEFAULT, 45, 3),
    (DEFAULT, 45, 4),
    (DEFAULT, 45, 5),
    (DEFAULT, 45, 6),
    (DEFAULT, 45, 7),
    (DEFAULT, 45, 8),
    (DEFAULT, 45, 9),
    (DEFAULT, 46, 1),
    (DEFAULT, 46, 2),
    (DEFAULT, 46, 3),
    (DEFAULT, 46, 4),
    (DEFAULT, 46, 5),
    (DEFAULT, 46, 6),
    (DEFAULT, 46, 7),
    (DEFAULT, 46, 8),
    (DEFAULT, 47, 1),
    (DEFAULT, 47, 2),
    (DEFAULT, 47, 3),
    (DEFAULT, 47, 4),
    (DEFAULT, 47, 5),
    (DEFAULT, 47, 6),
    (DEFAULT, 47, 7),
    (DEFAULT, 47, 8),
    (DEFAULT, 48, 1),
    (DEFAULT, 48, 2),
    (DEFAULT, 48, 3),
    (DEFAULT, 48, 4),
    (DEFAULT, 48, 5),
    (DEFAULT, 48, 6),
    (DEFAULT, 48, 7),
    (DEFAULT, 48, 8),
    (DEFAULT, 49, 1),
    (DEFAULT, 49, 2),
    (DEFAULT, 49, 3),
    (DEFAULT, 50, 1),
    (DEFAULT, 50, 2),
    (DEFAULT, 50, 3),
    (DEFAULT, 50, 4),
    (DEFAULT, 50, 5),
    (DEFAULT, 51, 1),
    (DEFAULT, 51, 2),
    (DEFAULT, 51, 3),
    (DEFAULT, 51, 4),
    (DEFAULT, 51, 5),
    (DEFAULT, 51, 6),
    (DEFAULT, 51, 7),
    (DEFAULT, 51, 8),
    (DEFAULT, 51, 9),
    (DEFAULT, 51, 10),
    (DEFAULT, 51, 11),
    (DEFAULT, 51, 12),
    (DEFAULT, 51, 13),
    (DEFAULT, 51, 14),
    (DEFAULT, 52, 1),
    (DEFAULT, 52, 2),
    (DEFAULT, 52, 3),
    (DEFAULT, 52, 4),
    (DEFAULT, 52, 5),
    (DEFAULT, 52, 6),
    (DEFAULT, 52, 7),
    (DEFAULT, 52, 8),
    (DEFAULT, 52, 9),
    (DEFAULT, 52, 10),
    (DEFAULT, 52, 11),
    (DEFAULT, 52, 12),
    (DEFAULT, 52, 13),
    (DEFAULT, 52, 14),
    (DEFAULT, 53, 1),
    (DEFAULT, 53, 2),
    (DEFAULT, 53, 3),
    (DEFAULT, 53, 4),
    (DEFAULT, 53, 5),
    (DEFAULT, 53, 6),
    (DEFAULT, 53, 7),
    (DEFAULT, 53, 8),
    (DEFAULT, 53, 9),
    (DEFAULT, 53, 10),
    (DEFAULT, 53, 11),
    (DEFAULT, 53, 12),
    (DEFAULT, 53, 13),
    (DEFAULT, 53, 14),
    (DEFAULT, 54, 1),
    (DEFAULT, 54, 2),
    (DEFAULT, 54, 3),
    (DEFAULT, 54, 4),
    (DEFAULT, 54, 5),
    (DEFAULT, 54, 6),
    (DEFAULT, 54, 7),
    (DEFAULT, 54, 8),
    (DEFAULT, 54, 9),
    (DEFAULT, 54, 10),
    (DEFAULT, 54, 11),
    (DEFAULT, 54, 12),
    (DEFAULT, 54, 13),
    (DEFAULT, 54, 14),
    (DEFAULT, 55, 1),
    (DEFAULT, 55, 2),
    (DEFAULT, 55, 3),
    (DEFAULT, 55, 4),
    (DEFAULT, 55, 5),
    (DEFAULT, 55, 6),
    (DEFAULT, 55, 7),
    (DEFAULT, 55, 8),
    (DEFAULT, 55, 9),
    (DEFAULT, 55, 10),
    (DEFAULT, 55, 11),
    (DEFAULT, 55, 12),
    (DEFAULT, 55, 13),
    (DEFAULT, 55, 14),
    (DEFAULT, 56, 1),
    (DEFAULT, 56, 2),
    (DEFAULT, 56, 3),
    (DEFAULT, 56, 4),
    (DEFAULT, 56, 5),
    (DEFAULT, 56, 6),
    (DEFAULT, 56, 7),
    (DEFAULT, 56, 8),
    (DEFAULT, 56, 9),
    (DEFAULT, 56, 10),
    (DEFAULT, 56, 11),
    (DEFAULT, 56, 12),
    (DEFAULT, 56, 13),
    (DEFAULT, 56, 14),
    (DEFAULT, 57, 1),
    (DEFAULT, 57, 2),
    (DEFAULT, 57, 3),
    (DEFAULT, 57, 4),
    (DEFAULT, 57, 5),
    (DEFAULT, 57, 6),
    (DEFAULT, 57, 7),
    (DEFAULT, 57, 8),
    (DEFAULT, 57, 9),
    (DEFAULT, 57, 10),
    (DEFAULT, 57, 11),
    (DEFAULT, 57, 12),
    (DEFAULT, 57, 13),
    (DEFAULT, 57, 14),
    (DEFAULT, 58, 1),
    (DEFAULT, 58, 2),
    (DEFAULT, 58, 3),
    (DEFAULT, 58, 4),
    (DEFAULT, 58, 5),
    (DEFAULT, 58, 6),
    (DEFAULT, 58, 7),
    (DEFAULT, 58, 8),
    (DEFAULT, 58, 9),
    (DEFAULT, 58, 10),
    (DEFAULT, 58, 11),
    (DEFAULT, 58, 12),
    (DEFAULT, 58, 13),
    (DEFAULT, 58, 14),
    (DEFAULT, 59, 1),
    (DEFAULT, 59, 2),
    (DEFAULT, 59, 3),
    (DEFAULT, 59, 4),
    (DEFAULT, 59, 5),
    (DEFAULT, 59, 6),
    (DEFAULT, 59, 7),
    (DEFAULT, 59, 8),
    (DEFAULT, 59, 9),
    (DEFAULT, 59, 10),
    (DEFAULT, 59, 11),
    (DEFAULT, 59, 12),
    (DEFAULT, 59, 13),
    (DEFAULT, 59, 14),
    (DEFAULT, 60, 1),
    (DEFAULT, 60, 2),
    (DEFAULT, 60, 3),
    (DEFAULT, 60, 4),
    (DEFAULT, 60, 5),
    (DEFAULT, 60, 6),
    (DEFAULT, 60, 7),
    (DEFAULT, 60, 8),
    (DEFAULT, 60, 9),
    (DEFAULT, 60, 10),
    (DEFAULT, 60, 11),
    (DEFAULT, 60, 12),
    (DEFAULT, 60, 13),
    (DEFAULT, 60, 14),
    (DEFAULT, 61, 1),
    (DEFAULT, 61, 2),
    (DEFAULT, 61, 3),
    (DEFAULT, 61, 4),
    (DEFAULT, 61, 5),
    (DEFAULT, 61, 6),
    (DEFAULT, 61, 7),
    (DEFAULT, 61, 8),
    (DEFAULT, 61, 9),
    (DEFAULT, 61, 10),
    (DEFAULT, 61, 11),
    (DEFAULT, 61, 12),
    (DEFAULT, 61, 13),
    (DEFAULT, 61, 14),
    (DEFAULT, 62, 1),
    (DEFAULT, 62, 2),
    (DEFAULT, 62, 3),
    (DEFAULT, 62, 4),
    (DEFAULT, 62, 5),
    (DEFAULT, 62, 6),
    (DEFAULT, 62, 7),
    (DEFAULT, 62, 8),
    (DEFAULT, 62, 9),
    (DEFAULT, 62, 10),
    (DEFAULT, 62, 11),
    (DEFAULT, 62, 12),
    (DEFAULT, 62, 13),
    (DEFAULT, 62, 14),
    (DEFAULT, 63, 1),
    (DEFAULT, 63, 2),
    (DEFAULT, 63, 3),
    (DEFAULT, 63, 4),
    (DEFAULT, 63, 5),
    (DEFAULT, 63, 6),
    (DEFAULT, 63, 7),
    (DEFAULT, 63, 8),
    (DEFAULT, 63, 9),
    (DEFAULT, 63, 10),
    (DEFAULT, 63, 11),
    (DEFAULT, 63, 12),
    (DEFAULT, 63, 13),
    (DEFAULT, 63, 14),
    (DEFAULT, 64, 1),
    (DEFAULT, 64, 2),
    (DEFAULT, 64, 3),
    (DEFAULT, 64, 4),
    (DEFAULT, 64, 5),
    (DEFAULT, 64, 6),
    (DEFAULT, 64, 7),
    (DEFAULT, 64, 8),
    (DEFAULT, 64, 9),
    (DEFAULT, 64, 10),
    (DEFAULT, 64, 11),
    (DEFAULT, 64, 12),
    (DEFAULT, 64, 13),
    (DEFAULT, 64, 14),
    (DEFAULT, 65, 1),
    (DEFAULT, 65, 2),
    (DEFAULT, 65, 3),
    (DEFAULT, 65, 4),
    (DEFAULT, 65, 5),
    (DEFAULT, 65, 6),
    (DEFAULT, 65, 7),
    (DEFAULT, 65, 8),
    (DEFAULT, 65, 9),
    (DEFAULT, 65, 10),
    (DEFAULT, 65, 11),
    (DEFAULT, 65, 12),
    (DEFAULT, 65, 13),
    (DEFAULT, 65, 14),
    (DEFAULT, 66, 1),
    (DEFAULT, 66, 2),
    (DEFAULT, 66, 3),
    (DEFAULT, 66, 4),
    (DEFAULT, 66, 5),
    (DEFAULT, 66, 6),
    (DEFAULT, 66, 7),
    (DEFAULT, 66, 8),
    (DEFAULT, 66, 9),
    (DEFAULT, 66, 10),
    (DEFAULT, 66, 11),
    (DEFAULT, 66, 12),
    (DEFAULT, 66, 13),
    (DEFAULT, 66, 14),
    (DEFAULT, 67, 1),
    (DEFAULT, 67, 2),
    (DEFAULT, 67, 3),
    (DEFAULT, 67, 4),
    (DEFAULT, 67, 5),
    (DEFAULT, 67, 6),
    (DEFAULT, 67, 7),
    (DEFAULT, 67, 8),
    (DEFAULT, 67, 9),
    (DEFAULT, 67, 10),
    (DEFAULT, 67, 11),
    (DEFAULT, 67, 12),
    (DEFAULT, 67, 13),
    (DEFAULT, 67, 14),
    (DEFAULT, 68, 1),
    (DEFAULT, 68, 2),
    (DEFAULT, 68, 3),
    (DEFAULT, 68, 4),
    (DEFAULT, 68, 5),
    (DEFAULT, 68, 6),
    (DEFAULT, 68, 7),
    (DEFAULT, 68, 8),
    (DEFAULT, 68, 9),
    (DEFAULT, 68, 10),
    (DEFAULT, 68, 11),
    (DEFAULT, 68, 12),
    (DEFAULT, 68, 13),
    (DEFAULT, 68, 14),
    (DEFAULT, 69, 1),
    (DEFAULT, 69, 2),
    (DEFAULT, 69, 3),
    (DEFAULT, 69, 4),
    (DEFAULT, 69, 5),
    (DEFAULT, 69, 6),
    (DEFAULT, 69, 7),
    (DEFAULT, 69, 8),
    (DEFAULT, 69, 9),
    (DEFAULT, 69, 10),
    (DEFAULT, 69, 11),
    (DEFAULT, 69, 12),
    (DEFAULT, 69, 13),
    (DEFAULT, 69, 14),
    (DEFAULT, 70, 1),
    (DEFAULT, 70, 2),
    (DEFAULT, 70, 3),
    (DEFAULT, 70, 4),
    (DEFAULT, 70, 5),
    (DEFAULT, 70, 6),
    (DEFAULT, 70, 7),
    (DEFAULT, 70, 8),
    (DEFAULT, 70, 9),
    (DEFAULT, 70, 10),
    (DEFAULT, 70, 11),
    (DEFAULT, 70, 12),
    (DEFAULT, 70, 13),
    (DEFAULT, 70, 14),
    (DEFAULT, 71, 1),
    (DEFAULT, 71, 2),
    (DEFAULT, 71, 3),
    (DEFAULT, 71, 4),
    (DEFAULT, 71, 5),
    (DEFAULT, 71, 6),
    (DEFAULT, 71, 7),
    (DEFAULT, 71, 8),
    (DEFAULT, 71, 9),
    (DEFAULT, 71, 10),
    (DEFAULT, 71, 11),
    (DEFAULT, 71, 12),
    (DEFAULT, 71, 13),
    (DEFAULT, 71, 14),
    (DEFAULT, 72, 1),
    (DEFAULT, 72, 2),
    (DEFAULT, 72, 3),
    (DEFAULT, 72, 4),
    (DEFAULT, 72, 5),
    (DEFAULT, 72, 6),
    (DEFAULT, 72, 7),
    (DEFAULT, 72, 8),
    (DEFAULT, 72, 9),
    (DEFAULT, 72, 10),
    (DEFAULT, 72, 11),
    (DEFAULT, 72, 12),
    (DEFAULT, 72, 13),
    (DEFAULT, 72, 14),
    (DEFAULT, 73, 1),
    (DEFAULT, 73, 2),
    (DEFAULT, 73, 3),
    (DEFAULT, 73, 4),
    (DEFAULT, 73, 5),
    (DEFAULT, 73, 6),
    (DEFAULT, 73, 7),
    (DEFAULT, 73, 8),
    (DEFAULT, 73, 9),
    (DEFAULT, 73, 10),
    (DEFAULT, 73, 11),
    (DEFAULT, 73, 12),
    (DEFAULT, 73, 13),
    (DEFAULT, 73, 14);


-- Donnees de la table TeamMember
INSERT INTO TeamMember
VALUES
    ('aubj1202', 1),
    ('aubo1502', 1),
    ('barr1306', 2),
    ('bele0801', 2),
    ('bele1103', 3),
    ('bild2707', 3),
    ('bils2704', 4),
    ('boie0601', 4),
    ('bour0703', 5),
    ('brel0901', 5),
    ('cake0801', 6),
    ('canb1801', 6),
    ('cany2101', 7),
    ('carv0701', 7),
    ('caua1101', 8),
    ('chab1704', 8),
    ('clof1603', 9),
    ('cotr3901', 9),
    ('dufj2908', 10),
    ('durp2003', 10),
    ('gell3101', 11),
    ('gerz0501', 11),
    ('guea0902', 12),
    ('houy2303', 12),
    ('jace1402', 13),
    ('jans2001', 13),
    ('keib3201', 14),
    ('keif1201', 14),
    ('aubj1202', 15),
    ('aubo1502', 15),
    ('barr1306', 16),
    ('bele0801', 16),
    ('bele1103', 17),
    ('bild2707', 17),
    ('bils2704', 18),
    ('boie0601', 18),
    ('bour0703', 19),
    ('brel0901', 19),
    ('cake0801', 20),
    ('canb1801', 20),
    ('cany2101', 21),
    ('carv0701', 21),
    ('caua1101', 22),
    ('chab1704', 22),
    ('clof1603', 23),
    ('cotr3901', 23),
    ('dufj2908', 24),
    ('durp2003', 24),
    ('gell3101', 25),
    ('gerz0501', 25),
    ('guea0902', 26),
    ('houy2303', 26),
    ('jace1402', 27),
    ('jans2001', 27),
    ('keib3201', 28),
    ('keif1201', 28),
    ('aubj1202', 29),
    ('aubo1502', 29),
    ('barr1306', 30),
    ('bele0801', 30),
    ('bele1103', 31),
    ('bild2707', 31),
    ('bils2704', 32),
    ('boie0601', 32),
    ('bour0703', 33),
    ('brel0901', 33),
    ('cake0801', 34),
    ('canb1801', 34),
    ('cany2101', 35),
    ('carv0701', 35),
    ('caua1101', 36),
    ('chab1704', 36),
    ('clof1603', 37),
    ('cotr3901', 37),
    ('dufj2908', 38),
    ('durp2003', 38),
    ('gell3101', 39),
    ('gerz0501', 39),
    ('guea0902', 40),
    ('houy2303', 40),
    ('jace1402', 41),
    ('jans2001', 41),
    ('keib3201', 42),
    ('keif1201', 42),
    ('aubj1202', 43),
    ('aubo1502', 43),
    ('barr1306', 44),
    ('bele0801', 44),
    ('bele1103', 45),
    ('bild2707', 45),
    ('bils2704', 46),
    ('boie0601', 46),
    ('bour0703', 47),
    ('brel0901', 47),
    ('cake0801', 48),
    ('canb1801', 48),
    ('cany2101', 49),
    ('carv0701', 49),
    ('caua1101', 50),
    ('chab1704', 50),
    ('clof1603', 51),
    ('cotr3901', 51),
    ('dufj2908', 52),
    ('durp2003', 52),
    ('gell3101', 53),
    ('gerz0501', 53),
    ('guea0902', 54),
    ('houy2303', 54),
    ('jace1402', 55),
    ('jans2001', 55),
    ('keib3201', 56),
    ('keif1201', 56),
    ('aubj1202', 57),
    ('aubo1502', 57),
    ('barr1306', 58),
    ('bele0801', 58),
    ('bele1103', 59),
    ('bild2707', 59),
    ('bils2704', 60),
    ('boie0601', 60),
    ('bour0703', 61),
    ('brel0901', 61),
    ('cake0801', 62),
    ('canb1801', 62),
    ('cany2101', 63),
    ('carv0701', 63),
    ('caua1101', 64),
    ('chab1704', 64),
    ('clof1603', 65),
    ('cotr3901', 65),
    ('dufj2908', 66),
    ('durp2003', 66),
    ('gell3101', 67),
    ('gerz0501', 67),
    ('guea0902', 68),
    ('houy2303', 68),
    ('jace1402', 69),
    ('jans2001', 69),
    ('keib3201', 70),
    ('keif1201', 70),
    ('kilv1201', 71),
    ('labc0301', 71),
    ('labg0902', 72),
    ('laby1302', 72),
    ('laft1301', 73),
    ('lals1003', 73),
    ('lamg0502', 74),
    ('lanj2131', 74),
    ('lant1401', 75),
    ('lavd2311', 75),
    ('lavm1927', 76),
    ('lavm2134', 76),
    ('pagm1302', 77),
    ('rerm1001', 77),
    ('robw1901', 78),
    ('ronk2602', 78),
    ('roua0701', 79),
    ('sehk2201', 79),
    ('sevm1802', 80),
    ('sinn1901', 80),
    ('sowa0801', 81),
    ('stao0901', 81),
    ('stds2101', 82),
    ('thip0901', 82),
    ('trew1501', 83),
    ('tria1001', 83),
    ('trus1706', 84),
    ('turv5324', 84),
    ('alap1201', 85),
    ('audm1201', 85),
    ('berx1201', 86),
    ('bisz1301', 86),
    ('kilv1201', 87),
    ('labc0301', 87),
    ('labg0902', 88),
    ('laby1302', 88),
    ('laft1301', 89),
    ('lals1003', 89),
    ('lamg0502', 90),
    ('lanj2131', 90),
    ('lant1401', 91),
    ('lavd2311', 91),
    ('lavm1927', 92),
    ('lavm2134', 92),
    ('pagm1302', 93),
    ('rerm1001', 93),
    ('robw1901', 94),
    ('ronk2602', 94),
    ('roua0701', 95),
    ('sehk2201', 95),
    ('sevm1802', 96),
    ('sinn1901', 96),
    ('sowa0801', 97),
    ('stao0901', 97),
    ('stds2101', 98),
    ('thip0901', 98),
    ('trew1501', 99),
    ('tria1001', 99),
    ('trus1706', 100),
    ('turv5324', 100),
    ('alap1201', 101),
    ('audm1201', 101),
    ('berx1201', 102),
    ('bisz1301', 102),
    ('kilv1201', 103),
    ('labc0301', 103),
    ('labg0902', 104),
    ('laby1302', 104),
    ('laft1301', 105),
    ('lals1003', 105),
    ('lamg0502', 106),
    ('lanj2131', 106),
    ('lant1401', 107),
    ('lavd2311', 107),
    ('lavm1927', 108),
    ('lavm2134', 108),
    ('pagm1302', 109),
    ('rerm1001', 109),
    ('robw1901', 110),
    ('ronk2602', 110),
    ('roua0701', 111),
    ('sehk2201', 111),
    ('sevm1802', 112),
    ('sinn1901', 112),
    ('sowa0801', 113),
    ('stao0901', 113),
    ('stds2101', 114),
    ('thip0901', 114),
    ('trew1501', 115),
    ('tria1001', 115),
    ('trus1706', 116),
    ('turv5324', 116),
    ('alap1201', 117),
    ('audm1201', 117),
    ('berx1201', 118),
    ('bisz1301', 118),
    ('kilv1201', 119),
    ('labc0301', 119),
    ('labg0902', 120),
    ('laby1302', 120),
    ('laft1301', 121),
    ('lals1003', 121),
    ('lamg0502', 122),
    ('lanj2131', 122),
    ('lant1401', 123),
    ('lavd2311', 123),
    ('lavm1927', 124),
    ('lavm2134', 124),
    ('pagm1302', 125),
    ('rerm1001', 125),
    ('robw1901', 126),
    ('ronk2602', 126),
    ('roua0701', 127),
    ('sehk2201', 127),
    ('sevm1802', 128),
    ('sinn1901', 128),
    ('sowa0801', 129),
    ('stao0901', 129),
    ('stds2101', 130),
    ('thip0901', 130),
    ('trew1501', 131),
    ('tria1001', 131),
    ('trus1706', 132),
    ('turv5324', 132),
    ('alap1201', 133),
    ('audm1201', 133),
    ('berx1201', 134),
    ('bisz1301', 134),
    ('kilv1201', 135),
    ('labc0301', 135),
    ('labg0902', 136),
    ('laby1302', 136),
    ('laft1301', 137),
    ('lals1003', 137),
    ('lamg0502', 138),
    ('lanj2131', 138),
    ('lant1401', 139),
    ('lavd2311', 139),
    ('lavm1927', 140),
    ('lavm2134', 140),
    ('pagm1302', 141),
    ('rerm1001', 141),
    ('robw1901', 142),
    ('ronk2602', 142),
    ('roua0701', 143),
    ('sehk2201', 143),
    ('sevm1802', 144),
    ('sinn1901', 144),
    ('sowa0801', 145),
    ('stao0901', 145),
    ('stds2101', 146),
    ('thip0901', 146),
    ('trew1501', 147),
    ('tria1001', 147),
    ('trus1706', 148),
    ('turv5324', 148),
    ('alap1201', 149),
    ('audm1201', 149),
    ('berx1201', 150),
    ('bisz1301', 150),
    ('aubj1202', 151),
    ('aubo1502', 151),
    ('barr1306', 152),
    ('bele0801', 152),
    ('bele1103', 153),
    ('bild2707', 153),
    ('bils2704', 154),
    ('boie0601', 154),
    ('bour0703', 155),
    ('brel0901', 155),
    ('cake0801', 156),
    ('canb1801', 156),
    ('cany2101', 157),
    ('carv0701', 157),
    ('caua1101', 158),
    ('chab1704', 158),
    ('clof1603', 159),
    ('cotr3901', 159),
    ('dufj2908', 160),
    ('durp2003', 160),
    ('gell3101', 161),
    ('gerz0501', 161),
    ('guea0902', 162),
    ('houy2303', 162),
    ('jace1402', 163),
    ('jans2001', 163),
    ('keib3201', 164),
    ('keif1201', 164),
    ('aubj1202', 165),
    ('aubo1502', 165),
    ('barr1306', 166),
    ('bele0801', 166),
    ('bele1103', 167),
    ('bild2707', 167),
    ('bils2704', 168),
    ('boie0601', 168),
    ('bour0703', 169),
    ('brel0901', 169),
    ('cake0801', 170),
    ('canb1801', 170),
    ('cany2101', 171),
    ('carv0701', 171),
    ('caua1101', 172),
    ('chab1704', 172),
    ('clof1603', 173),
    ('cotr3901', 173),
    ('dufj2908', 174),
    ('durp2003', 174),
    ('gell3101', 175),
    ('gerz0501', 175),
    ('guea0902', 176),
    ('houy2303', 176),
    ('jace1402', 177),
    ('jans2001', 177),
    ('keib3201', 178),
    ('keif1201', 178),
    ('aubj1202', 179),
    ('aubo1502', 179),
    ('barr1306', 180),
    ('bele0801', 180),
    ('bele1103', 181),
    ('bild2707', 181),
    ('bils2704', 182),
    ('boie0601', 182),
    ('bour0703', 183),
    ('brel0901', 183),
    ('cake0801', 184),
    ('canb1801', 184),
    ('cany2101', 185),
    ('carv0701', 185),
    ('caua1101', 186),
    ('chab1704', 186),
    ('clof1603', 187),
    ('cotr3901', 187),
    ('dufj2908', 188),
    ('durp2003', 188),
    ('gell3101', 189),
    ('gerz0501', 189),
    ('guea0902', 190),
    ('houy2303', 190),
    ('jace1402', 191),
    ('jans2001', 191),
    ('keib3201', 192),
    ('keif1201', 192),
    ('aubj1202', 193),
    ('aubo1502', 193),
    ('barr1306', 194),
    ('bele0801', 194),
    ('bele1103', 195),
    ('bild2707', 195),
    ('bils2704', 196),
    ('boie0601', 196),
    ('bour0703', 197),
    ('brel0901', 197),
    ('cake0801', 198),
    ('canb1801', 198),
    ('cany2101', 199),
    ('carv0701', 199),
    ('caua1101', 200),
    ('chab1704', 200),
    ('clof1603', 201),
    ('cotr3901', 201),
    ('dufj2908', 202),
    ('durp2003', 202),
    ('gell3101', 203),
    ('gerz0501', 203),
    ('guea0902', 204),
    ('houy2303', 204),
    ('jace1402', 205),
    ('jans2001', 205),
    ('keib3201', 206),
    ('keif1201', 206),
    ('aubj1202', 207),
    ('aubo1502', 207),
    ('barr1306', 208),
    ('bele0801', 208),
    ('bele1103', 209),
    ('bild2707', 209),
    ('bils2704', 210),
    ('boie0601', 210),
    ('bour0703', 211),
    ('brel0901', 211),
    ('cake0801', 212),
    ('canb1801', 212),
    ('cany2101', 213),
    ('carv0701', 213),
    ('caua1101', 214),
    ('chab1704', 214),
    ('clof1603', 215),
    ('cotr3901', 215),
    ('dufj2908', 216),
    ('durp2003', 216),
    ('gell3101', 217),
    ('gerz0501', 217),
    ('guea0902', 218),
    ('houy2303', 218),
    ('jace1402', 219),
    ('jans2001', 219),
    ('keib3201', 220),
    ('keif1201', 220),
    ('aubj1202', 221),
    ('aubo1502', 221),
    ('barr1306', 222),
    ('bele0801', 222),
    ('bele1103', 223),
    ('bild2707', 223),
    ('bils2704', 224),
    ('boie0601', 224),
    ('bour0703', 225),
    ('brel0901', 225),
    ('cake0801', 226),
    ('canb1801', 226),
    ('cany2101', 227),
    ('carv0701', 227),
    ('caua1101', 228),
    ('chab1704', 228),
    ('clof1603', 229),
    ('cotr3901', 229),
    ('dufj2908', 230),
    ('durp2003', 230),
    ('gell3101', 231),
    ('gerz0501', 231),
    ('guea0902', 232),
    ('houy2303', 232),
    ('jace1402', 233),
    ('jans2001', 233),
    ('keib3201', 234),
    ('keif1201', 234),
    ('aubj1202', 235),
    ('aubo1502', 235),
    ('barr1306', 236),
    ('bele0801', 236),
    ('bele1103', 237),
    ('bild2707', 237),
    ('bils2704', 238),
    ('boie0601', 238),
    ('bour0703', 239),
    ('brel0901', 239),
    ('cake0801', 240),
    ('canb1801', 240),
    ('cany2101', 241),
    ('carv0701', 241),
    ('caua1101', 242),
    ('chab1704', 242),
    ('clof1603', 243),
    ('cotr3901', 243),
    ('dufj2908', 244),
    ('durp2003', 244),
    ('gell3101', 245),
    ('gerz0501', 245),
    ('guea0902', 246),
    ('houy2303', 246),
    ('jace1402', 247),
    ('jans2001', 247),
    ('keib3201', 248),
    ('keif1201', 248),
    ('aubj1202', 249),
    ('aubo1502', 249),
    ('barr1306', 250),
    ('bele0801', 250),
    ('bele1103', 251),
    ('bild2707', 251),
    ('bils2704', 252),
    ('boie0601', 252),
    ('bour0703', 253),
    ('brel0901', 253),
    ('cake0801', 254),
    ('canb1801', 254),
    ('cany2101', 255),
    ('carv0701', 255),
    ('caua1101', 256),
    ('chab1704', 256),
    ('clof1603', 257),
    ('cotr3901', 257),
    ('dufj2908', 258),
    ('durp2003', 258),
    ('gell3101', 259),
    ('gerz0501', 259),
    ('guea0902', 260),
    ('houy2303', 260),
    ('jace1402', 261),
    ('jans2001', 261),
    ('keib3201', 262),
    ('keif1201', 262),
    ('kilv1201', 263),
    ('labc0301', 263),
    ('labg0902', 264),
    ('laby1302', 264),
    ('laft1301', 265),
    ('lals1003', 265),
    ('lamg0502', 266),
    ('lanj2131', 266),
    ('lant1401', 267),
    ('lavd2311', 267),
    ('lavm1927', 268),
    ('lavm2134', 268),
    ('pagm1302', 269),
    ('rerm1001', 269),
    ('robw1901', 270),
    ('ronk2602', 270),
    ('roua0701', 271),
    ('sehk2201', 271),
    ('sevm1802', 272),
    ('sinn1901', 272),
    ('sowa0801', 273),
    ('stao0901', 273),
    ('stds2101', 274),
    ('thip0901', 274),
    ('trew1501', 275),
    ('tria1001', 275),
    ('trus1706', 276),
    ('turv5324', 276),
    ('alap1201', 277),
    ('audm1201', 277),
    ('berx1201', 278),
    ('bisz1301', 278),
    ('kilv1201', 279),
    ('labc0301', 279),
    ('labg0902', 280),
    ('laby1302', 280),
    ('laft1301', 281),
    ('lals1003', 281),
    ('lamg0502', 282),
    ('lanj2131', 282),
    ('lant1401', 283),
    ('lavd2311', 283),
    ('lavm1927', 284),
    ('lavm2134', 284),
    ('pagm1302', 285),
    ('rerm1001', 285),
    ('robw1901', 286),
    ('ronk2602', 286),
    ('roua0701', 287),
    ('sehk2201', 287),
    ('sevm1802', 288),
    ('sinn1901', 288),
    ('sowa0801', 289),
    ('stao0901', 289),
    ('stds2101', 290),
    ('thip0901', 290),
    ('trew1501', 291),
    ('tria1001', 291),
    ('trus1706', 292),
    ('turv5324', 292),
    ('alap1201', 293),
    ('audm1201', 293),
    ('berx1201', 294),
    ('bisz1301', 294),
    ('kilv1201', 295),
    ('labc0301', 295),
    ('labg0902', 296),
    ('laby1302', 296),
    ('laft1301', 297),
    ('lals1003', 297),
    ('lamg0502', 298),
    ('lanj2131', 298),
    ('lant1401', 299),
    ('lavd2311', 299),
    ('lavm1927', 300),
    ('lavm2134', 300),
    ('pagm1302', 301),
    ('rerm1001', 301),
    ('robw1901', 302),
    ('ronk2602', 302),
    ('roua0701', 303),
    ('sehk2201', 303),
    ('sevm1802', 304),
    ('sinn1901', 304),
    ('sowa0801', 305),
    ('stao0901', 305),
    ('stds2101', 306),
    ('thip0901', 306),
    ('trew1501', 307),
    ('tria1001', 307),
    ('trus1706', 308),
    ('turv5324', 308),
    ('alap1201', 309),
    ('audm1201', 309),
    ('berx1201', 310),
    ('bisz1301', 310),
    ('kilv1201', 311),
    ('labc0301', 311),
    ('labg0902', 312),
    ('laby1302', 312),
    ('laft1301', 313),
    ('lals1003', 313),
    ('lamg0502', 314),
    ('lanj2131', 314),
    ('lant1401', 315),
    ('lavd2311', 315),
    ('lavm1927', 316),
    ('lavm2134', 316),
    ('pagm1302', 317),
    ('rerm1001', 317),
    ('robw1901', 318),
    ('ronk2602', 318),
    ('roua0701', 319),
    ('sehk2201', 319),
    ('sevm1802', 320),
    ('sinn1901', 320),
    ('sowa0801', 321),
    ('stao0901', 321),
    ('stds2101', 322),
    ('thip0901', 322),
    ('trew1501', 323),
    ('tria1001', 323),
    ('trus1706', 324),
    ('turv5324', 324),
    ('alap1201', 325),
    ('audm1201', 325),
    ('berx1201', 326),
    ('bisz1301', 326),
    ('kilv1201', 327),
    ('labc0301', 327),
    ('labg0902', 328),
    ('laby1302', 328),
    ('laft1301', 329),
    ('lals1003', 329),
    ('lamg0502', 330),
    ('lanj2131', 330),
    ('lant1401', 331),
    ('lavd2311', 331),
    ('lavm1927', 332),
    ('lavm2134', 332),
    ('pagm1302', 333),
    ('rerm1001', 333),
    ('robw1901', 334),
    ('ronk2602', 334),
    ('roua0701', 335),
    ('sehk2201', 335),
    ('sevm1802', 336),
    ('sinn1901', 336),
    ('sowa0801', 337),
    ('stao0901', 337),
    ('stds2101', 338),
    ('thip0901', 338),
    ('trew1501', 339),
    ('tria1001', 339),
    ('trus1706', 340),
    ('turv5324', 340),
    ('alap1201', 341),
    ('audm1201', 341),
    ('berx1201', 342),
    ('bisz1301', 342),
    ('kilv1201', 343),
    ('labc0301', 343),
    ('labg0902', 344),
    ('laby1302', 344),
    ('laft1301', 345),
    ('lals1003', 345),
    ('lamg0502', 346),
    ('lanj2131', 346),
    ('lant1401', 347),
    ('lavd2311', 347),
    ('lavm1927', 348),
    ('lavm2134', 348),
    ('pagm1302', 349),
    ('rerm1001', 349),
    ('robw1901', 350),
    ('ronk2602', 350),
    ('roua0701', 351),
    ('sehk2201', 351),
    ('sevm1802', 352),
    ('sinn1901', 352),
    ('sowa0801', 353),
    ('stao0901', 353),
    ('stds2101', 354),
    ('thip0901', 354),
    ('trew1501', 355),
    ('tria1001', 355),
    ('trus1706', 356),
    ('turv5324', 356),
    ('alap1201', 357),
    ('audm1201', 357),
    ('berx1201', 358),
    ('bisz1301', 358),
    ('kilv1201', 359),
    ('labc0301', 359),
    ('labg0902', 360),
    ('laby1302', 360),
    ('laft1301', 361),
    ('lals1003', 361),
    ('lamg0502', 362),
    ('lanj2131', 362),
    ('lant1401', 363),
    ('lavd2311', 363),
    ('lavm1927', 364),
    ('lavm2134', 364),
    ('pagm1302', 365),
    ('rerm1001', 365),
    ('robw1901', 366),
    ('ronk2602', 366),
    ('roua0701', 367),
    ('sehk2201', 367),
    ('sevm1802', 368),
    ('sinn1901', 368),
    ('sowa0801', 369),
    ('stao0901', 369),
    ('stds2101', 370),
    ('thip0901', 370),
    ('trew1501', 371),
    ('tria1001', 371),
    ('trus1706', 372),
    ('turv5324', 372),
    ('alap1201', 373),
    ('audm1201', 373),
    ('berx1201', 374),
    ('bisz1301', 374),
    ('kilv1201', 375),
    ('labc0301', 375),
    ('labg0902', 376),
    ('laby1302', 376),
    ('laft1301', 377),
    ('lals1003', 377),
    ('lamg0502', 378),
    ('lanj2131', 378),
    ('lant1401', 379),
    ('lavd2311', 379),
    ('lavm1927', 380),
    ('lavm2134', 380),
    ('pagm1302', 381),
    ('rerm1001', 381),
    ('robw1901', 382),
    ('ronk2602', 382),
    ('roua0701', 383),
    ('sehk2201', 383),
    ('sevm1802', 384),
    ('sinn1901', 384),
    ('sowa0801', 385),
    ('stao0901', 385),
    ('stds2101', 386),
    ('thip0901', 386),
    ('trew1501', 387),
    ('tria1001', 387),
    ('trus1706', 388),
    ('turv5324', 388),
    ('alap1201', 389),
    ('audm1201', 389),
    ('berx1201', 390),
    ('bisz1301', 390),
    ('aubj1202', 391),
    ('aubo1502', 391),
    ('barr1306', 392),
    ('bele0801', 392),
    ('bele1103', 393),
    ('bild2707', 393),
    ('bils2704', 394),
    ('boie0601', 394),
    ('bour0703', 395),
    ('brel0901', 395),
    ('cake0801', 396),
    ('canb1801', 396),
    ('cany2101', 397),
    ('carv0701', 397),
    ('caua1101', 398),
    ('chab1704', 398),
    ('clof1603', 399),
    ('cotr3901', 399),
    ('dufj2908', 400),
    ('durp2003', 400),
    ('gell3101', 401),
    ('gerz0501', 401),
    ('guea0902', 402),
    ('houy2303', 402),
    ('jace1402', 403),
    ('jans2001', 403),
    ('keib3201', 404),
    ('keif1201', 404),
    ('kilv1201', 405),
    ('labc0301', 405),
    ('labg0902', 406),
    ('laby1302', 406),
    ('laft1301', 407),
    ('lals1003', 407),
    ('lamg0502', 408),
    ('lanj2131', 408),
    ('lant1401', 409),
    ('lavd2311', 409),
    ('lavm1927', 410),
    ('lavm2134', 410),
    ('pagm1302', 411),
    ('rerm1001', 411),
    ('robw1901', 412),
    ('ronk2602', 412),
    ('roua0701', 413),
    ('sehk2201', 413),
    ('sevm1802', 414),
    ('sinn1901', 414),
    ('sowa0801', 415),
    ('stao0901', 415),
    ('stds2101', 416),
    ('thip0901', 416),
    ('trew1501', 417),
    ('tria1001', 417),
    ('trus1706', 418),
    ('turv5324', 418),
    ('alap1201', 419),
    ('audm1201', 419),
    ('berx1201', 420),
    ('bisz1301', 420),
    ('aubj1202', 421),
    ('aubo1502', 421),
    ('barr1306', 422),
    ('bele0801', 422),
    ('bele1103', 423),
    ('bild2707', 423),
    ('bils2704', 424),
    ('boie0601', 424),
    ('bour0703', 425),
    ('brel0901', 425),
    ('cake0801', 426),
    ('canb1801', 426),
    ('cany2101', 427),
    ('carv0701', 427),
    ('caua1101', 428),
    ('chab1704', 428),
    ('clof1603', 429),
    ('cotr3901', 429),
    ('dufj2908', 430),
    ('durp2003', 430),
    ('gell3101', 431),
    ('gerz0501', 431),
    ('guea0902', 432),
    ('houy2303', 432),
    ('jace1402', 433),
    ('jans2001', 433),
    ('keib3201', 434),
    ('keif1201', 434),
    ('kilv1201', 435),
    ('labc0301', 435),
    ('labg0902', 436),
    ('laby1302', 436),
    ('laft1301', 437),
    ('lals1003', 437),
    ('lamg0502', 438),
    ('lanj2131', 438),
    ('lant1401', 439),
    ('lavd2311', 439),
    ('lavm1927', 440),
    ('lavm2134', 440),
    ('pagm1302', 441),
    ('rerm1001', 441),
    ('robw1901', 442),
    ('ronk2602', 442),
    ('roua0701', 443),
    ('sehk2201', 443),
    ('sevm1802', 444),
    ('sinn1901', 444),
    ('sowa0801', 445),
    ('stao0901', 445),
    ('stds2101', 446),
    ('thip0901', 446),
    ('trew1501', 447),
    ('tria1001', 447),
    ('trus1706', 448),
    ('turv5324', 448),
    ('alap1201', 449),
    ('audm1201', 449),
    ('berx1201', 450),
    ('bisz1301', 450),
    ('aubj1202', 451),
    ('aubo1502', 451),
    ('barr1306', 452),
    ('bele0801', 452),
    ('bele1103', 453),
    ('bild2707', 453),
    ('bils2704', 454),
    ('boie0601', 454),
    ('bour0703', 455),
    ('brel0901', 455),
    ('cake0801', 456),
    ('canb1801', 456),
    ('cany2101', 457),
    ('carv0701', 457),
    ('caua1101', 458),
    ('chab1704', 458),
    ('clof1603', 459),
    ('cotr3901', 459),
    ('dufj2908', 460),
    ('durp2003', 460),
    ('gell3101', 461),
    ('gerz0501', 461),
    ('guea0902', 462),
    ('houy2303', 462),
    ('jace1402', 463),
    ('jans2001', 463),
    ('keib3201', 464),
    ('keif1201', 464),
    ('aubj1202', 465),
    ('aubo1502', 465),
    ('barr1306', 466),
    ('bele0801', 466),
    ('bele1103', 467),
    ('bild2707', 467),
    ('bils2704', 468),
    ('boie0601', 468),
    ('bour0703', 469),
    ('brel0901', 469),
    ('cake0801', 470),
    ('canb1801', 470),
    ('cany2101', 471),
    ('carv0701', 471),
    ('caua1101', 472),
    ('chab1704', 472),
    ('clof1603', 473),
    ('cotr3901', 473),
    ('dufj2908', 474),
    ('durp2003', 474),
    ('gell3101', 475),
    ('gerz0501', 475),
    ('guea0902', 476),
    ('houy2303', 476),
    ('jace1402', 477),
    ('jans2001', 477),
    ('keib3201', 478),
    ('keif1201', 478),
    ('kilv1201', 479),
    ('labc0301', 479),
    ('labg0902', 480),
    ('laby1302', 480),
    ('laft1301', 481),
    ('lals1003', 481),
    ('lamg0502', 482),
    ('lanj2131', 482),
    ('lant1401', 483),
    ('lavd2311', 483),
    ('lavm1927', 484),
    ('lavm2134', 484),
    ('pagm1302', 485),
    ('rerm1001', 485),
    ('robw1901', 486),
    ('ronk2602', 486),
    ('roua0701', 487),
    ('sehk2201', 487),
    ('sevm1802', 488),
    ('sinn1901', 488),
    ('sowa0801', 489),
    ('stao0901', 489),
    ('stds2101', 490),
    ('thip0901', 490),
    ('trew1501', 491),
    ('tria1001', 491),
    ('trus1706', 492),
    ('turv5324', 492),
    ('alap1201', 493),
    ('audm1201', 493),
    ('berx1201', 494),
    ('bisz1301', 494),
    ('kilv1201', 495),
    ('labc0301', 495),
    ('labg0902', 496),
    ('laby1302', 496),
    ('laft1301', 497),
    ('lals1003', 497),
    ('lamg0502', 498),
    ('lanj2131', 498),
    ('lant1401', 499),
    ('lavd2311', 499),
    ('lavm1927', 500),
    ('lavm2134', 500),
    ('pagm1302', 501),
    ('rerm1001', 501),
    ('robw1901', 502),
    ('ronk2602', 502),
    ('roua0701', 503),
    ('sehk2201', 503),
    ('sevm1802', 504),
    ('sinn1901', 504),
    ('sowa0801', 505),
    ('stao0901', 505),
    ('stds2101', 506),
    ('thip0901', 506),
    ('trew1501', 507),
    ('tria1001', 507),
    ('trus1706', 508),
    ('turv5324', 508),
    ('alap1201', 509),
    ('audm1201', 509),
    ('berx1201', 510),
    ('bisz1301', 510),
    ('aubj1202', 511),
    ('aubo1502', 511),
    ('barr1306', 512),
    ('bele0801', 512),
    ('bele1103', 513),
    ('bild2707', 513),
    ('bils2704', 514),
    ('boie0601', 514),
    ('bour0703', 515),
    ('brel0901', 515),
    ('cake0801', 516),
    ('canb1801', 516),
    ('cany2101', 517),
    ('carv0701', 517),
    ('caua1101', 518),
    ('chab1704', 518),
    ('clof1603', 519),
    ('cotr3901', 519),
    ('dufj2908', 520),
    ('durp2003', 520),
    ('gell3101', 521),
    ('gerz0501', 521),
    ('guea0902', 522),
    ('houy2303', 522),
    ('jace1402', 523),
    ('jans2001', 523),
    ('keib3201', 524),
    ('keif1201', 524),
    ('kilv1201', 525),
    ('labc0301', 525),
    ('labg0902', 526),
    ('laby1302', 526),
    ('laft1301', 527),
    ('lals1003', 527),
    ('lamg0502', 528),
    ('lanj2131', 528),
    ('lant1401', 529),
    ('lavd2311', 529),
    ('lavm1927', 530),
    ('lavm2134', 530),
    ('pagm1302', 531),
    ('rerm1001', 531),
    ('robw1901', 532),
    ('ronk2602', 532),
    ('roua0701', 533),
    ('sehk2201', 533),
    ('sevm1802', 534),
    ('sinn1901', 534),
    ('sowa0801', 535),
    ('stao0901', 535),
    ('stds2101', 536),
    ('thip0901', 536),
    ('trew1501', 537),
    ('tria1001', 537),
    ('trus1706', 538),
    ('turv5324', 538),
    ('alap1201', 539),
    ('audm1201', 539),
    ('berx1201', 540),
    ('bisz1301', 540),
    ('aubj1202', 541),
    ('aubo1502', 541),
    ('barr1306', 542),
    ('bele0801', 542),
    ('bele1103', 543),
    ('bild2707', 543),
    ('bils2704', 544),
    ('boie0601', 544),
    ('bour0703', 545),
    ('brel0901', 545),
    ('cake0801', 546),
    ('canb1801', 546),
    ('cany2101', 547),
    ('carv0701', 547),
    ('caua1101', 548),
    ('chab1704', 548),
    ('clof1603', 549),
    ('cotr3901', 549),
    ('dufj2908', 550),
    ('durp2003', 550),
    ('gell3101', 551),
    ('gerz0501', 551),
    ('guea0902', 552),
    ('houy2303', 552),
    ('jace1402', 553),
    ('jans2001', 553),
    ('keib3201', 554),
    ('keif1201', 554),
    ('kilv1201', 555),
    ('labc0301', 555),
    ('labg0902', 556),
    ('laby1302', 556),
    ('laft1301', 557),
    ('lals1003', 557),
    ('lamg0502', 558),
    ('lanj2131', 558),
    ('lant1401', 559),
    ('lavd2311', 559),
    ('lavm1927', 560),
    ('lavm2134', 560),
    ('pagm1302', 561),
    ('rerm1001', 561),
    ('robw1901', 562),
    ('ronk2602', 562),
    ('roua0701', 563),
    ('aubj1202', 564),
    ('aubo1502', 564),
    ('barr1306', 565),
    ('bele0801', 565),
    ('bele1103', 566),
    ('bild2707', 566),
    ('bils2704', 567),
    ('boie0601', 567),
    ('bour0703', 568),
    ('brel0901', 568),
    ('cake0801', 569),
    ('canb1801', 569),
    ('cany2101', 570),
    ('carv0701', 570),
    ('caua1101', 571),
    ('chab1704', 571),
    ('clof1603', 572),
    ('cotr3901', 572),
    ('dufj2908', 573),
    ('durp2003', 573),
    ('gell3101', 574),
    ('gerz0501', 574),
    ('guea0902', 575),
    ('houy2303', 575),
    ('jace1402', 576),
    ('jans2001', 576),
    ('keib3201', 577),
    ('keif1201', 577),
    ('kilv1201', 578),
    ('labc0301', 578),
    ('labg0902', 579),
    ('laby1302', 579),
    ('laft1301', 580),
    ('lals1003', 580),
    ('lamg0502', 581),
    ('lanj2131', 581),
    ('lant1401', 582),
    ('lavd2311', 582),
    ('lavm1927', 583),
    ('lavm2134', 583),
    ('pagm1302', 584),
    ('rerm1001', 584),
    ('robw1901', 585),
    ('ronk2602', 585),
    ('roua0701', 586),
    ('aubj1202', 587),
    ('aubo1502', 587),
    ('barr1306', 588),
    ('bele0801', 588),
    ('bele1103', 589),
    ('bild2707', 589),
    ('bils2704', 590),
    ('boie0601', 590),
    ('bour0703', 591),
    ('brel0901', 591),
    ('cake0801', 592),
    ('canb1801', 592),
    ('cany2101', 593),
    ('carv0701', 593),
    ('caua1101', 594),
    ('chab1704', 594),
    ('clof1603', 595),
    ('cotr3901', 595),
    ('dufj2908', 596),
    ('durp2003', 596),
    ('gell3101', 597),
    ('gerz0501', 597),
    ('guea0902', 598),
    ('houy2303', 598),
    ('jace1402', 599),
    ('jans2001', 599),
    ('keib3201', 600),
    ('keif1201', 600),
    ('aubj1202', 601),
    ('aubo1502', 601),
    ('barr1306', 602),
    ('bele0801', 602),
    ('bele1103', 603),
    ('bild2707', 603),
    ('bils2704', 604),
    ('boie0601', 604),
    ('bour0703', 605),
    ('brel0901', 605),
    ('cake0801', 606),
    ('canb1801', 606),
    ('cany2101', 607),
    ('carv0701', 607),
    ('caua1101', 608),
    ('chab1704', 608),
    ('clof1603', 609),
    ('cotr3901', 609),
    ('dufj2908', 610),
    ('durp2003', 610),
    ('gell3101', 611),
    ('gerz0501', 611),
    ('guea0902', 612),
    ('houy2303', 612),
    ('jace1402', 613),
    ('jans2001', 613),
    ('keib3201', 614),
    ('keif1201', 614),
    ('sehk2201', 615),
    ('sevm1802', 615),
    ('sinn1901', 616),
    ('sowa0801', 616),
    ('stao0901', 617),
    ('stds2101', 617),
    ('thip0901', 618),
    ('trew1501', 618),
    ('tria1001', 619),
    ('trus1706', 619),
    ('turv5324', 620),
    ('alap1201', 620),
    ('audm1201', 621),
    ('berx1201', 621),
    ('bisz1301', 622),
    ('kilv1201', 623),
    ('labc0301', 623),
    ('labg0902', 624),
    ('laby1302', 624),
    ('laft1301', 625),
    ('lals1003', 625),
    ('lamg0502', 626),
    ('lanj2131', 626),
    ('lant1401', 627),
    ('lavd2311', 627),
    ('lavm1927', 628),
    ('lavm2134', 628),
    ('pagm1302', 629),
    ('rerm1001', 629),
    ('robw1901', 630),
    ('ronk2602', 630),
    ('roua0701', 631),
    ('sehk2201', 632),
    ('sevm1802', 632),
    ('sinn1901', 633),
    ('sowa0801', 633),
    ('stao0901', 634),
    ('stds2101', 634),
    ('thip0901', 635),
    ('trew1501', 635),
    ('tria1001', 636),
    ('trus1706', 636),
    ('turv5324', 637),
    ('alap1201', 637),
    ('audm1201', 638),
    ('berx1201', 638),
    ('bisz1301', 639),
    ('kilv1201', 640),
    ('labc0301', 640),
    ('labg0902', 641),
    ('laby1302', 641),
    ('laft1301', 642),
    ('lals1003', 642),
    ('lamg0502', 643),
    ('lanj2131', 643),
    ('lant1401', 644),
    ('lavd2311', 644),
    ('lavm1927', 645),
    ('lavm2134', 645),
    ('pagm1302', 646),
    ('rerm1001', 646),
    ('robw1901', 647),
    ('ronk2602', 647),
    ('roua0701', 648),
    ('sehk2201', 648),
    ('sevm1802', 648),
    ('sinn1901', 649),
    ('sowa0801', 649),
    ('stao0901', 650),
    ('stds2101', 650),
    ('thip0901', 651),
    ('trew1501', 651),
    ('tria1001', 652),
    ('trus1706', 652),
    ('turv5324', 653),
    ('alap1201', 653),
    ('audm1201', 654),
    ('berx1201', 654),
    ('bisz1301', 655),
    ('sehk2201', 656),
    ('sevm1802', 656),
    ('sinn1901', 657),
    ('sowa0801', 657),
    ('stao0901', 658),
    ('stds2101', 658),
    ('thip0901', 659),
    ('trew1501', 659),
    ('tria1001', 660),
    ('trus1706', 660),
    ('turv5324', 661),
    ('alap1201', 661),
    ('audm1201', 662),
    ('berx1201', 662),
    ('bisz1301', 663),
    ('aubj1202', 664),
    ('aubo1502', 664),
    ('barr1306', 665),
    ('bele0801', 665),
    ('bele1103', 666),
    ('bild2707', 666),
    ('bils2704', 667),
    ('boie0601', 667),
    ('bour0703', 668),
    ('brel0901', 668),
    ('cake0801', 669),
    ('canb1801', 669),
    ('cany2101', 670),
    ('carv0701', 670),
    ('caua1101', 671),
    ('chab1704', 671),
    ('clof1603', 672),
    ('cotr3901', 672),
    ('dufj2908', 673),
    ('durp2003', 673),
    ('gell3101', 674),
    ('gerz0501', 674),
    ('guea0902', 675),
    ('houy2303', 675),
    ('jace1402', 676),
    ('jans2001', 676),
    ('keib3201', 677),
    ('keif1201', 677),
    ('aubj1202', 678),
    ('aubo1502', 678),
    ('barr1306', 679),
    ('bele0801', 679),
    ('bele1103', 680),
    ('bild2707', 680),
    ('bils2704', 681),
    ('boie0601', 681),
    ('bour0703', 682),
    ('brel0901', 682),
    ('cake0801', 683),
    ('canb1801', 683),
    ('cany2101', 684),
    ('carv0701', 684),
    ('caua1101', 685),
    ('chab1704', 685),
    ('clof1603', 686),
    ('cotr3901', 686),
    ('dufj2908', 687),
    ('durp2003', 687),
    ('gell3101', 688),
    ('gerz0501', 688),
    ('guea0902', 689),
    ('houy2303', 689),
    ('jace1402', 690),
    ('jans2001', 690),
    ('keib3201', 691),
    ('keif1201', 691),
    ('aubj1202', 692),
    ('aubo1502', 692),
    ('barr1306', 693),
    ('bele0801', 693),
    ('bele1103', 694),
    ('bild2707', 694),
    ('bils2704', 695),
    ('boie0601', 695),
    ('bour0703', 696),
    ('brel0901', 696),
    ('cake0801', 697),
    ('canb1801', 697),
    ('cany2101', 698),
    ('carv0701', 698),
    ('caua1101', 699),
    ('chab1704', 699),
    ('clof1603', 700),
    ('cotr3901', 700),
    ('dufj2908', 701),
    ('durp2003', 701),
    ('gell3101', 702),
    ('gerz0501', 702),
    ('guea0902', 703),
    ('houy2303', 703),
    ('jace1402', 704),
    ('jans2001', 704),
    ('keib3201', 705),
    ('keif1201', 705),
    ('aubj1202', 706),
    ('aubo1502', 706),
    ('barr1306', 707),
    ('bele0801', 707),
    ('bele1103', 708),
    ('bild2707', 708),
    ('bils2704', 709),
    ('boie0601', 709),
    ('bour0703', 710),
    ('brel0901', 710),
    ('cake0801', 711),
    ('canb1801', 711),
    ('cany2101', 712),
    ('carv0701', 712),
    ('caua1101', 713),
    ('chab1704', 713),
    ('clof1603', 714),
    ('cotr3901', 714),
    ('dufj2908', 715),
    ('durp2003', 715),
    ('gell3101', 716),
    ('gerz0501', 716),
    ('guea0902', 717),
    ('houy2303', 717),
    ('jace1402', 718),
    ('jans2001', 718),
    ('keib3201', 719),
    ('keif1201', 719),
    ('aubj1202', 720),
    ('aubo1502', 720),
    ('barr1306', 721),
    ('bele0801', 721),
    ('bele1103', 722),
    ('bild2707', 722),
    ('bils2704', 723),
    ('boie0601', 723),
    ('bour0703', 724),
    ('brel0901', 724),
    ('cake0801', 725),
    ('canb1801', 725),
    ('cany2101', 726),
    ('carv0701', 726),
    ('caua1101', 727),
    ('chab1704', 727),
    ('clof1603', 728),
    ('cotr3901', 728),
    ('dufj2908', 729),
    ('durp2003', 729),
    ('gell3101', 730),
    ('gerz0501', 730),
    ('guea0902', 731),
    ('houy2303', 731),
    ('jace1402', 732),
    ('jans2001', 732),
    ('keib3201', 733),
    ('keif1201', 733),
    ('aubj1202', 734),
    ('aubo1502', 734),
    ('barr1306', 735),
    ('bele0801', 735),
    ('bele1103', 736),
    ('bild2707', 736),
    ('bils2704', 737),
    ('boie0601', 737),
    ('bour0703', 738),
    ('brel0901', 738),
    ('cake0801', 739),
    ('canb1801', 739),
    ('cany2101', 740),
    ('carv0701', 740),
    ('caua1101', 741),
    ('chab1704', 741),
    ('clof1603', 742),
    ('cotr3901', 742),
    ('dufj2908', 743),
    ('durp2003', 743),
    ('gell3101', 744),
    ('gerz0501', 744),
    ('guea0902', 745),
    ('houy2303', 745),
    ('jace1402', 746),
    ('jans2001', 746),
    ('keib3201', 747),
    ('keif1201', 747),
    ('aubj1202', 748),
    ('aubo1502', 748),
    ('barr1306', 749),
    ('bele0801', 749),
    ('bele1103', 750),
    ('bild2707', 750),
    ('bils2704', 751),
    ('boie0601', 751),
    ('bour0703', 752),
    ('brel0901', 752),
    ('cake0801', 753),
    ('canb1801', 753),
    ('cany2101', 754),
    ('carv0701', 754),
    ('caua1101', 755),
    ('chab1704', 755),
    ('clof1603', 756),
    ('cotr3901', 756),
    ('dufj2908', 757),
    ('durp2003', 757),
    ('gell3101', 758),
    ('gerz0501', 758),
    ('guea0902', 759),
    ('houy2303', 759),
    ('jace1402', 760),
    ('jans2001', 760),
    ('keib3201', 761),
    ('keif1201', 761),
    ('aubj1202', 762),
    ('aubo1502', 762),
    ('barr1306', 763),
    ('bele0801', 763),
    ('bele1103', 764),
    ('bild2707', 764),
    ('bils2704', 765),
    ('boie0601', 765),
    ('bour0703', 766),
    ('brel0901', 766),
    ('cake0801', 767),
    ('canb1801', 767),
    ('cany2101', 768),
    ('carv0701', 768),
    ('caua1101', 769),
    ('chab1704', 769),
    ('clof1603', 770),
    ('cotr3901', 770),
    ('dufj2908', 771),
    ('durp2003', 771),
    ('gell3101', 772),
    ('gerz0501', 772),
    ('guea0902', 773),
    ('houy2303', 773),
    ('jace1402', 774),
    ('jans2001', 774),
    ('keib3201', 775),
    ('keif1201', 775),
    ('aubj1202', 776),
    ('aubo1502', 776),
    ('barr1306', 777),
    ('bele0801', 777),
    ('bele1103', 778),
    ('bild2707', 778),
    ('bils2704', 779),
    ('boie0601', 779),
    ('bour0703', 780),
    ('brel0901', 780),
    ('cake0801', 781),
    ('canb1801', 781),
    ('cany2101', 782),
    ('carv0701', 782),
    ('caua1101', 783),
    ('chab1704', 783),
    ('clof1603', 784),
    ('cotr3901', 784),
    ('dufj2908', 785),
    ('durp2003', 785),
    ('gell3101', 786),
    ('gerz0501', 786),
    ('guea0902', 787),
    ('houy2303', 787),
    ('jace1402', 788),
    ('jans2001', 788),
    ('keib3201', 789),
    ('keif1201', 789),
    ('aubj1202', 790),
    ('aubo1502', 790),
    ('barr1306', 791),
    ('bele0801', 791),
    ('bele1103', 792),
    ('bild2707', 792),
    ('bils2704', 793),
    ('boie0601', 793),
    ('bour0703', 794),
    ('brel0901', 794),
    ('cake0801', 795),
    ('canb1801', 795),
    ('cany2101', 796),
    ('carv0701', 796),
    ('caua1101', 797),
    ('chab1704', 797),
    ('clof1603', 798),
    ('cotr3901', 798),
    ('dufj2908', 799),
    ('durp2003', 799),
    ('gell3101', 800),
    ('gerz0501', 800),
    ('guea0902', 801),
    ('houy2303', 801),
    ('jace1402', 802),
    ('jans2001', 802),
    ('keib3201', 803),
    ('keif1201', 803),
    ('aubj1202', 804),
    ('aubo1502', 804),
    ('barr1306', 805),
    ('bele0801', 805),
    ('bele1103', 806),
    ('bild2707', 806),
    ('bils2704', 807),
    ('boie0601', 807),
    ('bour0703', 808),
    ('brel0901', 808),
    ('cake0801', 809),
    ('canb1801', 809),
    ('cany2101', 810),
    ('carv0701', 810),
    ('caua1101', 811),
    ('chab1704', 811),
    ('clof1603', 812),
    ('cotr3901', 812),
    ('dufj2908', 813),
    ('durp2003', 813),
    ('gell3101', 814),
    ('gerz0501', 814),
    ('guea0902', 815),
    ('houy2303', 815),
    ('jace1402', 816),
    ('jans2001', 816),
    ('keib3201', 817),
    ('keif1201', 817),
    ('aubj1202', 818),
    ('aubo1502', 818),
    ('barr1306', 819),
    ('bele0801', 819),
    ('bele1103', 820),
    ('bild2707', 820),
    ('bils2704', 821),
    ('boie0601', 821),
    ('bour0703', 822),
    ('brel0901', 822),
    ('cake0801', 823),
    ('canb1801', 823),
    ('cany2101', 824),
    ('carv0701', 824),
    ('caua1101', 825),
    ('chab1704', 825),
    ('clof1603', 826),
    ('cotr3901', 826),
    ('dufj2908', 827),
    ('durp2003', 827),
    ('gell3101', 828),
    ('gerz0501', 828),
    ('guea0902', 829),
    ('houy2303', 829),
    ('jace1402', 830),
    ('jans2001', 830),
    ('keib3201', 831),
    ('keif1201', 831),
    ('aubj1202', 832),
    ('aubo1502', 832),
    ('barr1306', 833),
    ('bele0801', 833),
    ('bele1103', 834),
    ('bild2707', 834),
    ('bils2704', 835),
    ('boie0601', 835),
    ('bour0703', 836),
    ('brel0901', 836),
    ('cake0801', 837),
    ('canb1801', 837),
    ('cany2101', 838),
    ('carv0701', 838),
    ('caua1101', 839),
    ('chab1704', 839),
    ('clof1603', 840),
    ('cotr3901', 840),
    ('dufj2908', 841),
    ('durp2003', 841),
    ('gell3101', 842),
    ('gerz0501', 842),
    ('guea0902', 843),
    ('houy2303', 843),
    ('jace1402', 844),
    ('jans2001', 844),
    ('keib3201', 845),
    ('keif1201', 845),
    ('aubj1202', 846),
    ('aubo1502', 846),
    ('barr1306', 847),
    ('bele0801', 847),
    ('bele1103', 848),
    ('bild2707', 848),
    ('bils2704', 849),
    ('boie0601', 849),
    ('bour0703', 850),
    ('brel0901', 850),
    ('cake0801', 851),
    ('canb1801', 851),
    ('cany2101', 852),
    ('carv0701', 852),
    ('caua1101', 853),
    ('chab1704', 853),
    ('clof1603', 854),
    ('cotr3901', 854),
    ('dufj2908', 855),
    ('durp2003', 855),
    ('gell3101', 856),
    ('gerz0501', 856),
    ('guea0902', 857),
    ('houy2303', 857),
    ('jace1402', 858),
    ('jans2001', 858),
    ('keib3201', 859),
    ('keif1201', 859),
    ('aubj1202', 860),
    ('aubo1502', 860),
    ('barr1306', 861),
    ('bele0801', 861),
    ('bele1103', 862),
    ('bild2707', 862),
    ('bils2704', 863),
    ('boie0601', 863),
    ('bour0703', 864),
    ('brel0901', 864),
    ('cake0801', 865),
    ('canb1801', 865),
    ('cany2101', 866),
    ('carv0701', 866),
    ('caua1101', 867),
    ('chab1704', 867),
    ('clof1603', 868),
    ('cotr3901', 868),
    ('dufj2908', 869),
    ('durp2003', 869),
    ('gell3101', 870),
    ('gerz0501', 870),
    ('guea0902', 871),
    ('houy2303', 871),
    ('jace1402', 872),
    ('jans2001', 872),
    ('keib3201', 873),
    ('keif1201', 873),
    ('aubj1202', 874),
    ('aubo1502', 874),
    ('barr1306', 875),
    ('bele0801', 875),
    ('bele1103', 876),
    ('bild2707', 876),
    ('bils2704', 877),
    ('boie0601', 877),
    ('bour0703', 878),
    ('brel0901', 878),
    ('cake0801', 879),
    ('canb1801', 879),
    ('cany2101', 880),
    ('carv0701', 880),
    ('caua1101', 881),
    ('chab1704', 881),
    ('clof1603', 882),
    ('cotr3901', 882),
    ('dufj2908', 883),
    ('durp2003', 883),
    ('gell3101', 884),
    ('gerz0501', 884),
    ('guea0902', 885),
    ('houy2303', 885),
    ('jace1402', 886),
    ('jans2001', 886),
    ('keib3201', 887),
    ('keif1201', 887),
    ('aubj1202', 888),
    ('aubo1502', 888),
    ('barr1306', 889),
    ('bele0801', 889),
    ('bele1103', 890),
    ('bild2707', 890),
    ('bils2704', 891),
    ('boie0601', 891),
    ('bour0703', 892),
    ('brel0901', 892),
    ('cake0801', 893),
    ('canb1801', 893),
    ('cany2101', 894),
    ('carv0701', 894),
    ('caua1101', 895),
    ('chab1704', 895),
    ('clof1603', 896),
    ('cotr3901', 896),
    ('dufj2908', 897),
    ('durp2003', 897),
    ('gell3101', 898),
    ('gerz0501', 898),
    ('guea0902', 899),
    ('houy2303', 899),
    ('jace1402', 900),
    ('jans2001', 900),
    ('keib3201', 901),
    ('keif1201', 901),
    ('aubj1202', 902),
    ('aubo1502', 902),
    ('barr1306', 903),
    ('bele0801', 903),
    ('bele1103', 904),
    ('bild2707', 904),
    ('bils2704', 905),
    ('boie0601', 905),
    ('bour0703', 906),
    ('brel0901', 906),
    ('cake0801', 907),
    ('canb1801', 907),
    ('cany2101', 908),
    ('carv0701', 908),
    ('caua1101', 909),
    ('chab1704', 909),
    ('clof1603', 910),
    ('cotr3901', 910),
    ('dufj2908', 911),
    ('durp2003', 911),
    ('gell3101', 912),
    ('gerz0501', 912),
    ('guea0902', 913),
    ('houy2303', 913),
    ('jace1402', 914),
    ('jans2001', 914),
    ('keib3201', 915),
    ('keif1201', 915),
    ('aubj1202', 916),
    ('aubo1502', 916),
    ('barr1306', 917),
    ('bele0801', 917),
    ('bele1103', 918),
    ('bild2707', 918),
    ('bils2704', 919),
    ('boie0601', 919),
    ('bour0703', 920),
    ('brel0901', 920),
    ('cake0801', 921),
    ('canb1801', 921),
    ('cany2101', 922),
    ('carv0701', 922),
    ('caua1101', 923),
    ('chab1704', 923),
    ('clof1603', 924),
    ('cotr3901', 924),
    ('dufj2908', 925),
    ('durp2003', 925),
    ('gell3101', 926),
    ('gerz0501', 926),
    ('guea0902', 927),
    ('houy2303', 927),
    ('jace1402', 928),
    ('jans2001', 928),
    ('keib3201', 929),
    ('keif1201', 929),
    ('aubj1202', 930),
    ('aubo1502', 930),
    ('barr1306', 931),
    ('bele0801', 931),
    ('bele1103', 932),
    ('bild2707', 932),
    ('bils2704', 933),
    ('boie0601', 933),
    ('bour0703', 934),
    ('brel0901', 934),
    ('cake0801', 935),
    ('canb1801', 935),
    ('cany2101', 936),
    ('carv0701', 936),
    ('caua1101', 937),
    ('chab1704', 937),
    ('clof1603', 938),
    ('cotr3901', 938),
    ('dufj2908', 939),
    ('durp2003', 939),
    ('gell3101', 940),
    ('gerz0501', 940),
    ('guea0902', 941),
    ('houy2303', 941),
    ('jace1402', 942),
    ('jans2001', 942),
    ('keib3201', 943),
    ('keif1201', 943),
    ('aubj1202', 944),
    ('aubo1502', 944),
    ('barr1306', 945),
    ('bele0801', 945),
    ('bele1103', 946),
    ('bild2707', 946),
    ('bils2704', 947),
    ('boie0601', 947),
    ('bour0703', 948),
    ('brel0901', 948),
    ('cake0801', 949),
    ('canb1801', 949),
    ('cany2101', 950),
    ('carv0701', 950),
    ('caua1101', 951),
    ('chab1704', 951),
    ('clof1603', 952),
    ('cotr3901', 952),
    ('dufj2908', 953),
    ('durp2003', 953),
    ('gell3101', 954),
    ('gerz0501', 954),
    ('guea0902', 955),
    ('houy2303', 955),
    ('jace1402', 956),
    ('jans2001', 956),
    ('keib3201', 957),
    ('keif1201', 957),
    ('aubj1202', 958),
    ('aubo1502', 958),
    ('barr1306', 959),
    ('bele0801', 959),
    ('bele1103', 960),
    ('bild2707', 960),
    ('bils2704', 961),
    ('boie0601', 961),
    ('bour0703', 962),
    ('brel0901', 962),
    ('cake0801', 963),
    ('canb1801', 963),
    ('cany2101', 964),
    ('carv0701', 964),
    ('caua1101', 965),
    ('chab1704', 965),
    ('clof1603', 966),
    ('cotr3901', 966),
    ('dufj2908', 967),
    ('durp2003', 967),
    ('gell3101', 968),
    ('gerz0501', 968),
    ('guea0902', 969),
    ('houy2303', 969),
    ('jace1402', 970),
    ('jans2001', 970),
    ('keib3201', 971),
    ('keif1201', 971),
    ('aubj1202', 972),
    ('aubo1502', 972),
    ('barr1306', 973),
    ('bele0801', 973),
    ('bele1103', 974),
    ('bild2707', 974),
    ('bils2704', 975),
    ('boie0601', 975),
    ('bour0703', 976),
    ('brel0901', 976),
    ('cake0801', 977),
    ('canb1801', 977),
    ('cany2101', 978),
    ('carv0701', 978),
    ('caua1101', 979),
    ('chab1704', 979),
    ('clof1603', 980),
    ('cotr3901', 980),
    ('dufj2908', 981),
    ('durp2003', 981),
    ('gell3101', 982),
    ('gerz0501', 982),
    ('guea0902', 983),
    ('houy2303', 983),
    ('jace1402', 984),
    ('jans2001', 984),
    ('keib3201', 985),
    ('keif1201', 985);


-- Donnees de la table File
INSERT INTO File
VALUES
    (DEFAULT, '/Fichier/E23/GIF302/', 'consignes-memoire-approbation.txt'),
    (DEFAULT, '/Fichier/E23/GIF302/', 'consignes-rapport-sprint1.txt'),
    (DEFAULT, '/Fichier/E23/GIF302/', 'consignes-rapport-sprint2.txt'),
    (DEFAULT, '/Fichier/E23/GIF302/', 'consignes-rapport-postmortem.txt'),
    (DEFAULT, '/Fichier/E23/GIF302/', 'consignes-presentation-finale.txt'),
    (DEFAULT, '/Fichier/E23/GIF332/', 'consignes-rapport-app4.txt'),
    (DEFAULT, '/Fichier/E23/GIF350/', 'consignes-rapport-app1.txt'),
    (DEFAULT, '/Fichier/E23/GIF371/', 'consignes-rapport-app5.txt'),
    (DEFAULT, '/Fichier/E23/GIF380/', 'consignes-rapport-app6.txt'),
    (DEFAULT, '/Fichier/E23/GIF391/', 'consignes-rapport-app3.txt'),
    (DEFAULT, '/Fichier/E23/GIF620/', 'consignes-rapport-app2.txt'),
    (DEFAULT, '/Travaux/E23/GIF302/Memoire-approbation-projet/Equipe-1/', 'cip-2023-05-30-10:24:17.zip'),
    (DEFAULT, '/Travaux/E23/GIF302/Memoire-approbation-projet/Equipe-2/', 'cip-2023-06-01-03:51:50.zip'),
    (DEFAULT, '/Travaux/E23/GIF302/Memoire-approbation-projet/Equipe-3/', 'cip-2023-06-04-23:07:00.zip'),
    (DEFAULT, '/Travaux/E23/GIF302/Memoire-approbation-projet/Equipe-4/', 'cip-2023-05-31-14:54:01.zip'),
    (DEFAULT, '/Travaux/E23/GIF302/Memoire-approbation-projet/Equipe-5/', 'cip-2023-06-01-06:00:45.zip'),
    (DEFAULT, '/Travaux/E23/GIF302/Memoire-approbation-projet/Equipe-6/', 'cip-2023-06-02-06:37:29.zip'),
    (DEFAULT, '/Travaux/E23/GIF302/Memoire-approbation-projet/Equipe-7/', 'cip-2023-06-01-00:57:47.zip'),
    (DEFAULT, '/Travaux/E23/GIF302/Memoire-approbation-projet/Equipe-8/', 'cip-2023-05-29-10:41:46.zip'),
    (DEFAULT, '/Travaux/E23/GIF302/Memoire-approbation-projet/Equipe-9/', 'cip-2023-06-03-20:48:03.zip'),
    (DEFAULT, '/Travaux/E23/GIF302/Memoire-approbation-projet/Equipe-10/', 'cip-2023-05-30-08:51:08.zip'),
    (DEFAULT, '/Travaux/E23/GIF302/Memoire-approbation-projet/Equipe-11/', 'cip-2023-05-30-19:09:12.zip'),
    (DEFAULT, '/Travaux/E23/GIF302/Memoire-approbation-projet/Equipe-12/', 'cip-2023-06-04-12:40:57.zip'),
    (DEFAULT, '/Travaux/E23/GIF302/Memoire-approbation-projet/Equipe-13/', 'cip-2023-05-31-12:58:44.zip'),
    (DEFAULT, '/Travaux/E23/GIF302/Memoire-approbation-projet/Equipe-14/', 'cip-2023-06-03-22:30:58.zip'),
    (DEFAULT, '/Travaux/E23/GIF302/Rapport-sprint-1/Equipe-1/', 'cip-2023-07-11-06:08:31.zip'),
    (DEFAULT, '/Travaux/E23/GIF302/Rapport-sprint-1/Equipe-2/', 'cip-2023-07-07-13:32:28.zip'),
    (DEFAULT, '/Travaux/E23/GIF302/Rapport-sprint-1/Equipe-3/', 'cip-2023-07-07-07:34:56.zip'),
    (DEFAULT, '/Travaux/E23/GIF302/Rapport-sprint-1/Equipe-4/', 'cip-2023-07-09-10:16:42.zip'),
    (DEFAULT, '/Travaux/E23/GIF302/Rapport-sprint-1/Equipe-5/', 'cip-2023-07-07-03:22:25.zip'),
    (DEFAULT, '/Travaux/E23/GIF302/Rapport-sprint-1/Equipe-6/', 'cip-2023-07-08-15:19:26.zip'),
    (DEFAULT, '/Travaux/E23/GIF302/Rapport-sprint-1/Equipe-7/', 'cip-2023-07-07-14:53:55.zip'),
    (DEFAULT, '/Travaux/E23/GIF302/Rapport-sprint-1/Equipe-8/', 'cip-2023-07-10-10:27:27.zip'),
    (DEFAULT, '/Travaux/E23/GIF302/Rapport-sprint-1/Equipe-9/', 'cip-2023-07-06-03:20:41.zip'),
    (DEFAULT, '/Travaux/E23/GIF302/Rapport-sprint-1/Equipe-10/', 'cip-2023-07-09-18:41:31.zip'),
    (DEFAULT, '/Travaux/E23/GIF302/Rapport-sprint-1/Equipe-11/', 'cip-2023-07-05-01:41:26.zip'),
    (DEFAULT, '/Travaux/E23/GIF302/Rapport-sprint-1/Equipe-12/', 'cip-2023-07-11-17:14:56.zip'),
    (DEFAULT, '/Travaux/E23/GIF302/Rapport-sprint-1/Equipe-13/', 'cip-2023-07-06-03:54:04.zip'),
    (DEFAULT, '/Travaux/E23/GIF302/Rapport-sprint-1/Equipe-14/', 'cip-2023-07-09-14:38:16.zip'),
    (DEFAULT, '/Travaux/E23/GIF302/Rapport-sprint-2/Equipe-1/', 'cip-2023-07-28-09:09:45.zip'),
    (DEFAULT, '/Travaux/E23/GIF302/Rapport-sprint-2/Equipe-2/', 'cip-2023-07-24-12:32:34.zip'),
    (DEFAULT, '/Travaux/E23/GIF302/Rapport-sprint-2/Equipe-3/', 'cip-2023-07-24-19:29:47.zip'),
    (DEFAULT, '/Travaux/E23/GIF302/Rapport-sprint-2/Equipe-4/', 'cip-2023-07-25-03:53:11.zip'),
    (DEFAULT, '/Travaux/E23/GIF302/Rapport-sprint-2/Equipe-5/', 'cip-2023-07-29-07:50:58.zip'),
    (DEFAULT, '/Travaux/E23/GIF302/Rapport-sprint-2/Equipe-6/', 'cip-2023-07-28-18:17:27.zip'),
    (DEFAULT, '/Travaux/E23/GIF302/Rapport-sprint-2/Equipe-7/', 'cip-2023-07-24-03:46:34.zip'),
    (DEFAULT, '/Travaux/E23/GIF302/Rapport-sprint-2/Equipe-8/', 'cip-2023-07-28-01:39:34.zip'),
    (DEFAULT, '/Travaux/E23/GIF302/Rapport-sprint-2/Equipe-9/', 'cip-2023-07-24-11:45:34.zip'),
    (DEFAULT, '/Travaux/E23/GIF302/Rapport-sprint-2/Equipe-10/', 'cip-2023-07-27-03:11:40.zip'),
    (DEFAULT, '/Travaux/E23/GIF302/Rapport-sprint-2/Equipe-11/', 'cip-2023-07-30-22:22:10.zip'),
    (DEFAULT, '/Travaux/E23/GIF302/Rapport-sprint-2/Equipe-12/', 'cip-2023-07-29-12:58:24.zip'),
    (DEFAULT, '/Travaux/E23/GIF302/Rapport-sprint-2/Equipe-13/', 'cip-2023-07-29-14:33:36.zip'),
    (DEFAULT, '/Travaux/E23/GIF302/Rapport-sprint-2/Equipe-14/', 'cip-2023-07-27-20:33:56.zip'),
    (DEFAULT, '/Travaux/E23/GIF302/Rapport-postmortem/Equipe-1/', 'cip-2023-05-10-23:08:06.zip'),
    (DEFAULT, '/Travaux/E23/GIF302/Rapport-postmortem/Equipe-2/', 'cip-2023-05-15-19:30:17.zip'),
    (DEFAULT, '/Travaux/E23/GIF302/Rapport-postmortem/Equipe-3/', 'cip-2023-05-13-16:59:28.zip'),
    (DEFAULT, '/Travaux/E23/GIF302/Rapport-postmortem/Equipe-4/', 'cip-2023-05-11-10:42:22.zip'),
    (DEFAULT, '/Travaux/E23/GIF302/Rapport-postmortem/Equipe-5/', 'cip-2023-05-11-08:21:27.zip'),
    (DEFAULT, '/Travaux/E23/GIF302/Rapport-postmortem/Equipe-6/', 'cip-2023-05-15-03:56:23.zip'),
    (DEFAULT, '/Travaux/E23/GIF302/Rapport-postmortem/Equipe-7/', 'cip-2023-05-12-03:28:49.zip'),
    (DEFAULT, '/Travaux/E23/GIF302/Rapport-postmortem/Equipe-8/', 'cip-2023-05-14-04:33:44.zip'),
    (DEFAULT, '/Travaux/E23/GIF302/Rapport-postmortem/Equipe-9/', 'cip-2023-05-16-15:49:32.zip'),
    (DEFAULT, '/Travaux/E23/GIF302/Rapport-postmortem/Equipe-10/', 'cip-2023-05-14-05:05:27.zip'),
    (DEFAULT, '/Travaux/E23/GIF302/Rapport-postmortem/Equipe-11/', 'cip-2023-05-16-15:00:00.zip'),
    (DEFAULT, '/Travaux/E23/GIF302/Rapport-postmortem/Equipe-12/', 'cip-2023-05-13-23:29:43.zip'),
    (DEFAULT, '/Travaux/E23/GIF302/Rapport-postmortem/Equipe-13/', 'cip-2023-05-12-01:06:53.zip'),
    (DEFAULT, '/Travaux/E23/GIF302/Rapport-postmortem/Equipe-14/', 'cip-2023-05-15-03:22:09.zip'),
    (DEFAULT, '/Travaux/E23/GIF302/Presentation-finale/Equipe-1/', 'cip-2023-06-27-05:17:38.zip'),
    (DEFAULT, '/Travaux/E23/GIF302/Presentation-finale/Equipe-2/', 'cip-2023-06-30-17:11:07.zip'),
    (DEFAULT, '/Travaux/E23/GIF302/Presentation-finale/Equipe-3/', 'cip-2023-07-03-01:22:26.zip'),
    (DEFAULT, '/Travaux/E23/GIF302/Presentation-finale/Equipe-4/', 'cip-2023-06-29-08:23:55.zip'),
    (DEFAULT, '/Travaux/E23/GIF302/Presentation-finale/Equipe-5/', 'cip-2023-07-01-07:26:28.zip'),
    (DEFAULT, '/Travaux/E23/GIF302/Presentation-finale/Equipe-6/', 'cip-2023-06-30-18:43:47.zip'),
    (DEFAULT, '/Travaux/E23/GIF302/Presentation-finale/Equipe-7/', 'cip-2023-07-03-10:35:08.zip'),
    (DEFAULT, '/Travaux/E23/GIF302/Presentation-finale/Equipe-8/', 'cip-2023-07-02-13:10:26.zip'),
    (DEFAULT, '/Travaux/E23/GIF302/Presentation-finale/Equipe-9/', 'cip-2023-07-02-00:02:03.zip'),
    (DEFAULT, '/Travaux/E23/GIF302/Presentation-finale/Equipe-10/', 'cip-2023-06-28-17:26:17.zip'),
    (DEFAULT, '/Travaux/E23/GIF302/Presentation-finale/Equipe-11/', 'cip-2023-06-30-08:30:04.zip'),
    (DEFAULT, '/Travaux/E23/GIF302/Presentation-finale/Equipe-12/', 'cip-2023-07-03-21:21:41.zip'),
    (DEFAULT, '/Travaux/E23/GIF302/Presentation-finale/Equipe-13/', 'cip-2023-07-03-20:17:55.zip'),
    (DEFAULT, '/Travaux/E23/GIF302/Presentation-finale/Equipe-14/', 'cip-2023-06-30-14:28:56.zip'),
    (DEFAULT, '/Travaux/E23/GIF332/Rapport-S3-APP4/Equipe-1/', 'cip-2023-07-12-21:14:05.zip'),
    (DEFAULT, '/Travaux/E23/GIF332/Rapport-S3-APP4/Equipe-2/', 'cip-2023-07-13-21:13:26.zip'),
    (DEFAULT, '/Travaux/E23/GIF332/Rapport-S3-APP4/Equipe-3/', 'cip-2023-07-13-14:26:39.zip'),
    (DEFAULT, '/Travaux/E23/GIF332/Rapport-S3-APP4/Equipe-4/', 'cip-2023-07-18-16:33:20.zip'),
    (DEFAULT, '/Travaux/E23/GIF332/Rapport-S3-APP4/Equipe-5/', 'cip-2023-07-18-17:56:11.zip'),
    (DEFAULT, '/Travaux/E23/GIF332/Rapport-S3-APP4/Equipe-6/', 'cip-2023-07-18-03:43:52.zip'),
    (DEFAULT, '/Travaux/E23/GIF332/Rapport-S3-APP4/Equipe-7/', 'cip-2023-07-15-05:17:17.zip'),
    (DEFAULT, '/Travaux/E23/GIF332/Rapport-S3-APP4/Equipe-8/', 'cip-2023-07-15-06:44:11.zip'),
    (DEFAULT, '/Travaux/E23/GIF332/Rapport-S3-APP4/Equipe-9/', 'cip-2023-07-14-15:12:20.zip'),
    (DEFAULT, '/Travaux/E23/GIF332/Rapport-S3-APP4/Equipe-10/', 'cip-2023-07-13-13:26:02.zip'),
    (DEFAULT, '/Travaux/E23/GIF332/Rapport-S3-APP4/Equipe-11/', 'cip-2023-07-12-15:41:53.zip'),
    (DEFAULT, '/Travaux/E23/GIF332/Rapport-S3-APP4/Equipe-12/', 'cip-2023-07-14-03:44:04.zip'),
    (DEFAULT, '/Travaux/E23/GIF332/Rapport-S3-APP4/Equipe-13/', 'cip-2023-07-13-21:16:29.zip'),
    (DEFAULT, '/Travaux/E23/GIF332/Rapport-S3-APP4/Equipe-14/', 'cip-2023-07-14-15:39:42.zip'),
    (DEFAULT, '/Travaux/E23/GIF332/Rapport-S3-APP1/Equipe-1/', 'cip-2023-05-18-22:14:28.zip'),
    (DEFAULT, '/Travaux/E23/GIF332/Rapport-S3-APP1/Equipe-2/', 'cip-2023-05-20-09:41:32.zip'),
    (DEFAULT, '/Travaux/E23/GIF332/Rapport-S3-APP1/Equipe-3/', 'cip-2023-05-21-19:19:14.zip'),
    (DEFAULT, '/Travaux/E23/GIF332/Rapport-S3-APP1/Equipe-4/', 'cip-2023-05-21-21:30:08.zip'),
    (DEFAULT, '/Travaux/E23/GIF332/Rapport-S3-APP1/Equipe-5/', 'cip-2023-05-23-15:41:05.zip'),
    (DEFAULT, '/Travaux/E23/GIF332/Rapport-S3-APP1/Equipe-6/', 'cip-2023-05-21-19:27:27.zip'),
    (DEFAULT, '/Travaux/E23/GIF332/Rapport-S3-APP1/Equipe-7/', 'cip-2023-05-22-05:09:01.zip'),
    (DEFAULT, '/Travaux/E23/GIF332/Rapport-S3-APP1/Equipe-8/', 'cip-2023-05-22-18:08:32.zip'),
    (DEFAULT, '/Travaux/E23/GIF332/Rapport-S3-APP1/Equipe-9/', 'cip-2023-05-18-21:26:03.zip'),
    (DEFAULT, '/Travaux/E23/GIF332/Rapport-S3-APP1/Equipe-10/', 'cip-2023-05-22-00:10:33.zip'),
    (DEFAULT, '/Travaux/E23/GIF332/Rapport-S3-APP1/Equipe-11/', 'cip-2023-05-20-23:30:01.zip'),
    (DEFAULT, '/Travaux/E23/GIF332/Rapport-S3-APP1/Equipe-12/', 'cip-2023-05-22-18:42:48.zip'),
    (DEFAULT, '/Travaux/E23/GIF332/Rapport-S3-APP1/Equipe-13/', 'cip-2023-05-21-21:20:25.zip'),
    (DEFAULT, '/Travaux/E23/GIF332/Rapport-S3-APP1/Equipe-14/', 'cip-2023-05-24-08:54:17.zip'),
    (DEFAULT, '/Travaux/E23/GIF332/Rapport-S3-APP5/Equipe-1/', 'cip-2023-05-08-03:42:26.zip'),
    (DEFAULT, '/Travaux/E23/GIF332/Rapport-S3-APP5/Equipe-2/', 'cip-2023-05-06-11:51:00.zip'),
    (DEFAULT, '/Travaux/E23/GIF332/Rapport-S3-APP5/Equipe-3/', 'cip-2023-05-08-23:51:57.zip'),
    (DEFAULT, '/Travaux/E23/GIF332/Rapport-S3-APP5/Equipe-4/', 'cip-2023-05-07-11:49:02.zip'),
    (DEFAULT, '/Travaux/E23/GIF332/Rapport-S3-APP5/Equipe-5/', 'cip-2023-05-08-11:51:21.zip'),
    (DEFAULT, '/Travaux/E23/GIF332/Rapport-S3-APP5/Equipe-6/', 'cip-2023-05-06-20:29:04.zip'),
    (DEFAULT, '/Travaux/E23/GIF332/Rapport-S3-APP5/Equipe-7/', 'cip-2023-05-07-17:33:21.zip'),
    (DEFAULT, '/Travaux/E23/GIF332/Rapport-S3-APP5/Equipe-8/', 'cip-2023-05-04-22:54:15.zip'),
    (DEFAULT, '/Travaux/E23/GIF332/Rapport-S3-APP5/Equipe-9/', 'cip-2023-05-09-18:55:22.zip'),
    (DEFAULT, '/Travaux/E23/GIF332/Rapport-S3-APP5/Equipe-10/', 'cip-2023-05-05-13:25:23.zip'),
    (DEFAULT, '/Travaux/E23/GIF332/Rapport-S3-APP5/Equipe-11/', 'cip-2023-05-07-16:22:47.zip'),
    (DEFAULT, '/Travaux/E23/GIF332/Rapport-S3-APP5/Equipe-12/', 'cip-2023-05-05-22:25:48.zip'),
    (DEFAULT, '/Travaux/E23/GIF332/Rapport-S3-APP5/Equipe-13/', 'cip-2023-05-03-10:05:20.zip'),
    (DEFAULT, '/Travaux/E23/GIF332/Rapport-S3-APP5/Equipe-14/', 'cip-2023-05-09-23:34:58.zip'),
    (DEFAULT, '/Travaux/E23/GIF332/Rapport-S3-APP6/Equipe-1/', 'cip-2023-06-10-05:08:48.zip'),
    (DEFAULT, '/Travaux/E23/GIF332/Rapport-S3-APP6/Equipe-2/', 'cip-2023-06-13-08:58:34.zip'),
    (DEFAULT, '/Travaux/E23/GIF332/Rapport-S3-APP6/Equipe-3/', 'cip-2023-06-09-14:17:33.zip'),
    (DEFAULT, '/Travaux/E23/GIF332/Rapport-S3-APP6/Equipe-4/', 'cip-2023-06-10-01:41:38.zip'),
    (DEFAULT, '/Travaux/E23/GIF332/Rapport-S3-APP6/Equipe-5/', 'cip-2023-06-11-07:40:30.zip'),
    (DEFAULT, '/Travaux/E23/GIF332/Rapport-S3-APP6/Equipe-6/', 'cip-2023-06-11-06:55:53.zip'),
    (DEFAULT, '/Travaux/E23/GIF332/Rapport-S3-APP6/Equipe-7/', 'cip-2023-06-15-05:37:01.zip'),
    (DEFAULT, '/Travaux/E23/GIF332/Rapport-S3-APP6/Equipe-8/', 'cip-2023-06-13-14:00:38.zip'),
    (DEFAULT, '/Travaux/E23/GIF332/Rapport-S3-APP6/Equipe-9/', 'cip-2023-06-09-22:42:14.zip'),
    (DEFAULT, '/Travaux/E23/GIF332/Rapport-S3-APP6/Equipe-10/', 'cip-2023-06-10-19:54:41.zip'),
    (DEFAULT, '/Travaux/E23/GIF332/Rapport-S3-APP6/Equipe-11/', 'cip-2023-06-11-23:10:37.zip'),
    (DEFAULT, '/Travaux/E23/GIF332/Rapport-S3-APP6/Equipe-12/', 'cip-2023-06-14-06:53:55.zip'),
    (DEFAULT, '/Travaux/E23/GIF332/Rapport-S3-APP6/Equipe-13/', 'cip-2023-06-13-23:09:31.zip'),
    (DEFAULT, '/Travaux/E23/GIF332/Rapport-S3-APP6/Equipe-14/', 'cip-2023-06-13-09:27:52.zip'),
    (DEFAULT, '/Travaux/E23/GIF332/Rapport-S3-APP3/Equipe-1/', 'cip-2023-07-15-23:27:01.zip'),
    (DEFAULT, '/Travaux/E23/GIF332/Rapport-S3-APP3/Equipe-2/', 'cip-2023-07-13-07:19:33.zip'),
    (DEFAULT, '/Travaux/E23/GIF332/Rapport-S3-APP3/Equipe-3/', 'cip-2023-07-14-16:14:28.zip'),
    (DEFAULT, '/Travaux/E23/GIF332/Rapport-S3-APP3/Equipe-4/', 'cip-2023-07-13-18:05:19.zip'),
    (DEFAULT, '/Travaux/E23/GIF332/Rapport-S3-APP3/Equipe-5/', 'cip-2023-07-13-02:38:58.zip'),
    (DEFAULT, '/Travaux/E23/GIF332/Rapport-S3-APP3/Equipe-6/', 'cip-2023-07-12-16:19:57.zip'),
    (DEFAULT, '/Travaux/E23/GIF332/Rapport-S3-APP3/Equipe-7/', 'cip-2023-07-11-22:02:14.zip'),
    (DEFAULT, '/Travaux/E23/GIF332/Rapport-S3-APP3/Equipe-8/', 'cip-2023-07-15-01:07:16.zip'),
    (DEFAULT, '/Travaux/E23/GIF332/Rapport-S3-APP3/Equipe-9/', 'cip-2023-07-15-13:58:31.zip'),
    (DEFAULT, '/Travaux/E23/GIF332/Rapport-S3-APP3/Equipe-10/', 'cip-2023-07-11-20:41:08.zip'),
    (DEFAULT, '/Travaux/E23/GIF332/Rapport-S3-APP3/Equipe-11/', 'cip-2023-07-11-02:48:16.zip'),
    (DEFAULT, '/Travaux/E23/GIF332/Rapport-S3-APP3/Equipe-12/', 'cip-2023-07-14-12:38:07.zip'),
    (DEFAULT, '/Travaux/E23/GIF332/Rapport-S3-APP3/Equipe-13/', 'cip-2023-07-11-08:31:54.zip'),
    (DEFAULT, '/Travaux/E23/GIF332/Rapport-S3-APP3/Equipe-14/', 'cip-2023-07-14-02:34:08.zip'),
    (DEFAULT, '/Travaux/E23/GIF332/Rapport-S3-APP2/Equipe-1/', 'cip-2023-07-26-09:22:21.zip'),
    (DEFAULT, '/Travaux/E23/GIF332/Rapport-S3-APP2/Equipe-2/', 'cip-2023-07-24-04:16:09.zip'),
    (DEFAULT, '/Travaux/E23/GIF332/Rapport-S3-APP2/Equipe-3/', 'cip-2023-07-23-18:34:30.zip'),
    (DEFAULT, '/Travaux/E23/GIF332/Rapport-S3-APP2/Equipe-4/', 'cip-2023-07-26-21:52:51.zip'),
    (DEFAULT, '/Travaux/E23/GIF332/Rapport-S3-APP2/Equipe-5/', 'cip-2023-07-26-19:40:17.zip'),
    (DEFAULT, '/Travaux/E23/GIF332/Rapport-S3-APP2/Equipe-6/', 'cip-2023-07-24-07:18:40.zip'),
    (DEFAULT, '/Travaux/E23/GIF332/Rapport-S3-APP2/Equipe-7/', 'cip-2023-07-27-19:11:00.zip'),
    (DEFAULT, '/Travaux/E23/GIF332/Rapport-S3-APP2/Equipe-8/', 'cip-2023-07-26-02:43:48.zip'),
    (DEFAULT, '/Travaux/E23/GIF332/Rapport-S3-APP2/Equipe-9/', 'cip-2023-07-26-01:29:07.zip'),
    (DEFAULT, '/Travaux/E23/GIF332/Rapport-S3-APP2/Equipe-10/', 'cip-2023-07-23-08:44:11.zip'),
    (DEFAULT, '/Travaux/E23/GIF332/Rapport-S3-APP2/Equipe-11/', 'cip-2023-07-28-09:13:32.zip'),
    (DEFAULT, '/Travaux/E23/GIF332/Rapport-S3-APP2/Equipe-12/', 'cip-2023-07-24-06:07:54.zip'),
    (DEFAULT, '/Travaux/E23/GIF332/Rapport-S3-APP2/Equipe-13/', 'cip-2023-07-23-08:23:34.zip'),
    (DEFAULT, '/Travaux/E23/GIF332/Rapport-S3-APP2/Equipe-14/', 'cip-2023-07-26-01:30:21.zip');


-- Donnees de la table AssignmentFile
INSERT INTO AssignmentFile
VALUES
    (63, 1),
    (64, 2),
    (65, 3),
    (66, 4),
    (67, 5),
    (68, 6),
    (69, 7),
    (70, 8),
    (71, 9),
    (72, 10),
    (73, 11);


-- Donnees de la table TypeRemise
INSERT INTO TypeRemise
VALUES
    (DEFAULT, 'Etudiant'),
    (DEFAULT, 'Enseignant');


-- Donnees de la table HandedAssignment
INSERT INTO HandedAssignment
VALUES
    (DEFAULT, 832, 12, '2023-08-05 06:57:16', 1),
    (DEFAULT, 833, 13, '2023-08-06 16:26:11', 1),
    (DEFAULT, 834, 14, '2023-08-09 19:48:24', 1),
    (DEFAULT, 835, 15, '2023-08-03 20:48:54', 1),
    (DEFAULT, 836, 16, '2023-08-06 06:42:12', 1),
    (DEFAULT, 837, 17, '2023-08-04 00:56:30', 1),
    (DEFAULT, 838, 18, '2023-08-07 00:17:55', 1),
    (DEFAULT, 839, 19, '2023-08-07 02:17:24', 1),
    (DEFAULT, 840, 20, '2023-08-06 03:35:43', 1),
    (DEFAULT, 841, 21, '2023-08-08 18:57:57', 1),
    (DEFAULT, 842, 22, '2023-08-03 07:52:08', 1),
    (DEFAULT, 843, 23, '2023-08-09 18:55:27', 1),
    (DEFAULT, 844, 24, '2023-08-06 14:07:23', 1),
    (DEFAULT, 845, 25, '2023-08-08 03:32:18', 1),
    (DEFAULT, 846, 26, '2023-07-30 20:15:23', 1),
    (DEFAULT, 847, 27, '2023-07-26 09:05:59', 1),
    (DEFAULT, 848, 28, '2023-07-27 10:50:31', 1),
    (DEFAULT, 849, 29, '2023-07-28 03:25:49', 1),
    (DEFAULT, 850, 30, '2023-07-29 15:30:55', 1),
    (DEFAULT, 851, 31, '2023-07-27 17:42:05', 1),
    (DEFAULT, 852, 32, '2023-07-25 19:00:21', 1),
    (DEFAULT, 853, 33, '2023-07-25 14:25:08', 1),
    (DEFAULT, 854, 34, '2023-07-29 23:07:15', 1),
    (DEFAULT, 855, 35, '2023-07-25 16:19:07', 1),
    (DEFAULT, 856, 36, '2023-07-29 23:35:07', 1),
    (DEFAULT, 857, 37, '2023-07-26 03:58:51', 1),
    (DEFAULT, 858, 38, '2023-07-26 10:59:35', 1),
    (DEFAULT, 859, 39, '2023-07-28 04:27:46', 1),
    (DEFAULT, 860, 40, '2023-05-17 21:52:43', 1),
    (DEFAULT, 861, 41, '2023-05-13 08:58:04', 1),
    (DEFAULT, 862, 42, '2023-05-12 13:05:46', 1),
    (DEFAULT, 863, 43, '2023-05-14 15:37:10', 1),
    (DEFAULT, 864, 44, '2023-05-17 00:38:29', 1),
    (DEFAULT, 865, 45, '2023-05-13 19:28:52', 1),
    (DEFAULT, 866, 46, '2023-05-13 17:09:06', 1),
    (DEFAULT, 867, 47, '2023-05-16 12:26:09', 1),
    (DEFAULT, 868, 48, '2023-05-15 12:29:48', 1),
    (DEFAULT, 869, 49, '2023-05-16 05:39:59', 1),
    (DEFAULT, 870, 50, '2023-05-14 21:54:34', 1),
    (DEFAULT, 871, 51, '2023-05-17 20:00:08', 1),
    (DEFAULT, 872, 52, '2023-05-18 10:14:09', 1),
    (DEFAULT, 873, 53, '2023-05-18 00:57:46', 1),
    (DEFAULT, 874, 54, '2023-05-11 09:51:34', 1),
    (DEFAULT, 875, 55, '2023-05-14 02:13:06', 1),
    (DEFAULT, 876, 56, '2023-05-14 00:16:59', 1),
    (DEFAULT, 877, 57, '2023-05-14 11:19:04', 1),
    (DEFAULT, 878, 58, '2023-05-14 19:17:05', 1),
    (DEFAULT, 879, 59, '2023-05-16 13:09:55', 1),
    (DEFAULT, 880, 60, '2023-05-12 14:26:41', 1),
    (DEFAULT, 881, 61, '2023-05-10 05:18:41', 1),
    (DEFAULT, 882, 62, '2023-05-11 19:22:02', 1),
    (DEFAULT, 883, 63, '2023-05-11 00:00:11', 1),
    (DEFAULT, 884, 64, '2023-05-13 12:20:51', 1),
    (DEFAULT, 885, 65, '2023-05-14 06:55:48', 1),
    (DEFAULT, 886, 66, '2023-05-16 12:43:02', 1),
    (DEFAULT, 887, 67, '2023-05-11 21:49:50', 1),
    (DEFAULT, 888, 68, '2023-06-17 10:05:46', 1),
    (DEFAULT, 889, 69, '2023-06-14 01:43:46', 1),
    (DEFAULT, 890, 70, '2023-06-13 23:33:05', 1),
    (DEFAULT, 891, 71, '2023-06-17 09:14:24', 1),
    (DEFAULT, 892, 72, '2023-06-16 23:46:13', 1),
    (DEFAULT, 893, 73, '2023-06-16 10:15:42', 1),
    (DEFAULT, 894, 74, '2023-06-18 18:36:32', 1),
    (DEFAULT, 895, 75, '2023-06-16 16:04:01', 1),
    (DEFAULT, 896, 76, '2023-06-14 07:18:38', 1),
    (DEFAULT, 897, 77, '2023-06-17 12:03:29', 1),
    (DEFAULT, 898, 78, '2023-06-15 05:14:31', 1),
    (DEFAULT, 899, 79, '2023-06-16 05:24:29', 1),
    (DEFAULT, 900, 80, '2023-06-17 05:43:38', 1),
    (DEFAULT, 901, 81, '2023-06-15 04:45:18', 1),
    (DEFAULT, 902, 82, '2023-07-19 10:48:32', 1),
    (DEFAULT, 903, 83, '2023-07-20 03:41:30', 1),
    (DEFAULT, 904, 84, '2023-07-23 11:41:23', 1),
    (DEFAULT, 905, 85, '2023-07-24 12:47:01', 1),
    (DEFAULT, 906, 86, '2023-07-22 12:47:07', 1),
    (DEFAULT, 907, 87, '2023-07-20 20:14:28', 1),
    (DEFAULT, 908, 88, '2023-07-24 13:51:57', 1),
    (DEFAULT, 909, 89, '2023-07-19 04:31:35', 1),
    (DEFAULT, 910, 90, '2023-07-23 09:26:38', 1),
    (DEFAULT, 911, 91, '2023-07-20 02:18:46', 1),
    (DEFAULT, 912, 92, '2023-07-24 19:28:35', 1),
    (DEFAULT, 913, 93, '2023-07-20 09:11:30', 1),
    (DEFAULT, 914, 94, '2023-07-20 08:43:08', 1),
    (DEFAULT, 915, 95, '2023-07-22 11:13:00', 1),
    (DEFAULT, 916, 96, '2023-05-15 18:20:24', 1),
    (DEFAULT, 917, 97, '2023-05-10 15:28:21', 1),
    (DEFAULT, 918, 98, '2023-05-14 04:36:54', 1),
    (DEFAULT, 919, 99, '2023-05-14 07:05:53', 1),
    (DEFAULT, 920, 100, '2023-05-13 21:02:07', 1),
    (DEFAULT, 921, 101, '2023-05-15 11:01:10', 1),
    (DEFAULT, 922, 102, '2023-05-11 10:17:15', 1),
    (DEFAULT, 923, 103, '2023-05-11 09:27:53', 1),
    (DEFAULT, 924, 104, '2023-05-12 01:14:46', 1),
    (DEFAULT, 925, 105, '2023-05-12 14:23:04', 1),
    (DEFAULT, 926, 106, '2023-05-11 10:39:33', 1),
    (DEFAULT, 927, 107, '2023-05-11 10:40:52', 1),
    (DEFAULT, 928, 108, '2023-05-12 16:33:28', 1),
    (DEFAULT, 929, 109, '2023-05-13 19:19:04', 1),
    (DEFAULT, 930, 110, '2023-05-26 02:00:19', 1),
    (DEFAULT, 931, 111, '2023-05-27 11:17:02', 1),
    (DEFAULT, 932, 112, '2023-05-31 07:19:57', 1),
    (DEFAULT, 933, 113, '2023-05-28 01:13:23', 1),
    (DEFAULT, 934, 114, '2023-05-28 08:25:51', 1),
    (DEFAULT, 935, 115, '2023-05-25 04:40:19', 1),
    (DEFAULT, 936, 116, '2023-05-26 22:42:41', 1),
    (DEFAULT, 937, 117, '2023-05-30 19:12:18', 1),
    (DEFAULT, 938, 118, '2023-05-31 09:06:38', 1),
    (DEFAULT, 939, 119, '2023-05-30 01:13:57', 1),
    (DEFAULT, 940, 120, '2023-05-29 03:04:45', 1),
    (DEFAULT, 941, 121, '2023-05-29 17:51:45', 1),
    (DEFAULT, 942, 122, '2023-05-26 22:48:22', 1),
    (DEFAULT, 943, 123, '2023-05-27 00:15:55', 1),
    (DEFAULT, 944, 124, '2023-05-20 11:22:32', 1),
    (DEFAULT, 945, 125, '2023-05-20 18:35:12', 1),
    (DEFAULT, 946, 126, '2023-05-15 10:37:27', 1),
    (DEFAULT, 947, 127, '2023-05-20 11:54:57', 1),
    (DEFAULT, 948, 128, '2023-05-14 21:04:55', 1),
    (DEFAULT, 949, 129, '2023-05-15 17:38:34', 1),
    (DEFAULT, 950, 130, '2023-05-15 09:21:43', 1),
    (DEFAULT, 951, 131, '2023-05-16 18:52:18', 1),
    (DEFAULT, 952, 132, '2023-05-20 12:20:58', 1),
    (DEFAULT, 953, 133, '2023-05-15 00:17:23', 1),
    (DEFAULT, 954, 134, '2023-05-14 02:42:47', 1),
    (DEFAULT, 955, 135, '2023-05-14 13:14:03', 1),
    (DEFAULT, 956, 136, '2023-05-19 18:41:11', 1),
    (DEFAULT, 957, 137, '2023-05-20 08:47:54', 1),
    (DEFAULT, 958, 138, '2023-06-28 19:06:47', 1),
    (DEFAULT, 959, 139, '2023-07-03 15:22:04', 1),
    (DEFAULT, 960, 140, '2023-06-30 05:55:48', 1),
    (DEFAULT, 961, 141, '2023-07-03 17:39:23', 1),
    (DEFAULT, 962, 142, '2023-06-29 09:49:29', 1),
    (DEFAULT, 963, 143, '2023-06-28 05:40:16', 1),
    (DEFAULT, 964, 144, '2023-07-03 08:02:54', 1),
    (DEFAULT, 965, 145, '2023-07-04 15:40:43', 1),
    (DEFAULT, 966, 146, '2023-07-04 07:50:36', 1),
    (DEFAULT, 967, 147, '2023-07-02 17:58:40', 1),
    (DEFAULT, 968, 148, '2023-06-28 19:08:43', 1),
    (DEFAULT, 969, 149, '2023-06-30 01:47:03', 1),
    (DEFAULT, 970, 150, '2023-07-01 22:06:27', 1),
    (DEFAULT, 971, 151, '2023-06-30 23:51:14', 1),
    (DEFAULT, 972, 152, '2023-07-19 22:52:17', 1),
    (DEFAULT, 973, 153, '2023-07-21 17:22:10', 1),
    (DEFAULT, 974, 154, '2023-07-23 07:17:34', 1),
    (DEFAULT, 975, 155, '2023-07-22 18:02:22', 1),
    (DEFAULT, 976, 156, '2023-07-24 22:24:43', 1),
    (DEFAULT, 977, 157, '2023-07-22 07:33:59', 1),
    (DEFAULT, 978, 158, '2023-07-19 02:41:28', 1),
    (DEFAULT, 979, 159, '2023-07-20 06:49:48', 1),
    (DEFAULT, 980, 160, '2023-07-23 06:30:00', 1),
    (DEFAULT, 981, 161, '2023-07-23 22:50:59', 1),
    (DEFAULT, 982, 162, '2023-07-21 17:13:57', 1),
    (DEFAULT, 983, 163, '2023-07-25 08:46:05', 1),
    (DEFAULT, 984, 164, '2023-07-24 16:12:19', 1),
    (DEFAULT, 985, 165, '2023-07-24 13:05:35', 1);
